[Licensing::Module] Trying to connect to existing licensing client channel...
Built from '6000.4/staging' branch; Version is '6000.4.6f1 (0b051c2e5d54) revision 722204'; Using compiler version '194234433'; Build Type 'Release'
[Licensing::IpcConnector] Successfully connected to: "LicenseClient-Kau" at "2026-05-09T00:21:34.8398639Z"
OS: 'Windows 10  (10.0.19045) 64bit Professional' Language: 'tr' Physical Memory: 31913 MB
BatchMode: 1, IsHumanControllingUs: 0, StartBugReporterOnCrash: 0, Is64bit: 1
System  architecture: x64
Process architecture: x64
Date: 2026-05-09T00:21:34Z

COMMAND LINE ARGUMENTS:
C:\Program Files\Unity\Hub\Editor\6000.4.6f1\Editor\Unity.exe
-adb2
-batchMode
-noUpm
-name
AssetImportWorker5
-projectPath
C:/Users/Kau/Documents/Purr
-logFile
Logs/AssetImportWorker5.log
-srvPort
53235
-licensingIpc
LicenseClient-Kau
-force-d3d12
-job-worker-count
7
-background-job-worker-count
8
-gc-helper-count
1
-name
AssetImport
Successfully changed project path to: C:/Users/Kau/Documents/Purr
C:/Users/Kau/Documents/Purr
[UnityMemory] Configuration Parameters - Can be set up in boot.config
    "memorysetup-temp-allocator-size-gi-baking-worker=262144"
    "memorysetup-temp-allocator-size-gi-baking-worker=262144"
    "memorysetup-temp-allocator-size-gi-baking-worker=262144"
    "memorysetup-temp-allocator-size-gi-baking-worker=262144"
    "memorysetup-temp-allocator-size-gi-baking-worker=262144"
    "memorysetup-temp-allocator-size-nav-mesh-worker=65536"
    "memorysetup-temp-allocator-size-audio-worker=65536"
    "memorysetup-temp-allocator-size-cloud-worker=32768"
    "memorysetup-temp-allocator-size-gfx=262144"
    "memorysetup-temp-allocator-size-preload-manager=33554432"
    "memorysetup-temp-allocator-size-job-worker=262144"
    "memorysetup-temp-allocator-size-background-worker=32768"
    "memorysetup-allocator-temp-initial-block-size-main=262144"
    "memorysetup-allocator-temp-initial-block-size-worker=262144"
    "memorysetup-bucket-allocator-granularity=16"
    "memorysetup-bucket-allocator-bucket-count=8"
    "memorysetup-bucket-allocator-block-size=33554432"
    "memorysetup-bucket-allocator-block-count=8"
    "memorysetup-main-allocator-block-size=16777216"
    "memorysetup-thread-allocator-block-size=16777216"
    "memorysetup-gfx-main-allocator-block-size=16777216"
    "memorysetup-gfx-thread-allocator-block-size=16777216"
    "memorysetup-cache-allocator-block-size=4194304"
    "memorysetup-typetree-allocator-block-size=2097152"
    "memorysetup-profiler-bucket-allocator-granularity=16"
    "memorysetup-profiler-bucket-allocator-bucket-count=8"
    "memorysetup-profiler-bucket-allocator-block-size=33554432"
    "memorysetup-profiler-bucket-allocator-block-count=8"
    "memorysetup-profiler-allocator-block-size=16777216"
    "memorysetup-profiler-editor-allocator-block-size=1048576"
    "memorysetup-temp-allocator-size-main=16777216"
    "memorysetup-job-temp-allocator-block-size=2097152"
    "memorysetup-job-temp-allocator-block-size-background=1048576"
    "memorysetup-job-temp-allocator-reduction-small-platforms=262144"
Player connection [3076]  Target information:

Player connection [3076]  * "[IP] 192.168.1.112 [Port] 0 [Flags] 2 [Guid] 4087038389 [EditorId] 4087038389 [Version] 1048832 [Id] WindowsEditor(7,DESKTOP-1LDONTU) [Debug] 1 [PackageName] WindowsEditor [ProjectName] Editor" 

Player connection [3076] Host joined multi-casting on [225.0.0.222:54997]...
Player connection [3076] Host joined alternative multi-casting on [225.0.0.222:34997]...
JobSystem: Creating JobQueue using job-worker-count value 7
Input System module state changed to: Initialized.
[Physics::Module] Initialized fallback backend.
[Physics::Module] Id: 0xdecafbad
Library Redirect Path: Library/
[Physics::Module] Selected backend.
[Physics::Module] Name: PhysX
[Physics::Module] Id: 0xf2b8ea05
[Physics::Module] SDK Version: 4.1.2
[Physics::Module] Integration Version: 1.0.0
[Physics::Module] Threading Mode: Multi-Threaded
Initialize engine version: 6000.4.6f1 (0b051c2e5d54)
[Subsystems] Discovering subsystems at path C:/Program Files/Unity/Hub/Editor/6000.4.6f1/Editor/Data/Resources/UnitySubsystems
[Subsystems] Discovering subsystems at path C:/Users/Kau/Documents/Purr/Assets
Forcing GfxDevice: Direct3D 12
GfxDevice: creating device client; kGfxThreadingModeNonThreaded
d3d12: failed to query info queue interface (0x80004002).
Direct3D:
    Version:         Direct3D 12 [level 12.2]
    Renderer:        AMD Radeon RX 7900 XT (ID=0x744c)
    Vendor:          ATI
    VRAM:            20420 MB
    App VRAM Budget: 19652 MB
    Driver:          32.0.23033.1002
Initialize mono
Mono path[0] = 'C:/Program Files/Unity/Hub/Editor/6000.4.6f1/Editor/Data/Managed'
Mono path[1] = 'C:/Program Files/Unity/Hub/Editor/6000.4.6f1/Editor/Data/MonoBleedingEdge/lib/mono/unityjit-win32'
Mono config path = 'C:/Program Files/Unity/Hub/Editor/6000.4.6f1/Editor/Data/MonoBleedingEdge/etc'
Using monoOptions --debugger-agent=transport=dt_socket,embedding=1,server=y,suspend=n,address=127.0.0.1:56932
CodeReloadManager initialized
Begin MonoManager ReloadAssembly
Registering precompiled unity dll's ...
Register platform support module: C:/Program Files/Unity/Hub/Editor/6000.4.6f1/Editor/Data/PlaybackEngines/WindowsStandaloneSupport/UnityEditor.WindowsStandalone.Extensions.dll
Registered in 0.001834 seconds.
[Licensing::Client] Error: HandshakeResponse reported an error:
	ResponseCode: 505
	ResponseStatus: Unsupported protocol version '1.18.1'.
[Licensing::Module] Error: Failed to handshake to channel: "LicenseClient-Kau"
[Licensing::IpcConnector] LicenseClient-Kau channel disconnected successfully.
[Licensing::IpcConnector] Successfully connected to: "LicenseClient-Kau-6000.4.6" at "2026-05-09T00:21:35.5337966Z"
[Licensing::Client] Code 10 while verifying Licensing Client signature (process Id: 24892, path: "C:/Program Files/Unity/Hub/Editor/6000.4.6f1/Editor/Data/Resources/Licensing/Client/Unity.Licensing.Client.exe")
[Licensing::Module] LicensingClient has failed validation; ignoring
[Licensing::Client] Handshaking with LicensingClient:
  Version:                 1.18.1+9fbee8e
  Session Id:              68366fc0072d452890beca1a5dc7661f
  Correlation Id:          4882ad27388a41b2aed1335a189fdeba
  External correlation Id: 501027885482945527
  Machine Id:              2DUGQgDOeg77MMAPeNxxI6bm/Cg=
[Licensing::Module] Successfully connected to LicensingClient on channel: "LicenseClient-Kau-6000.4.6" (connect: 0.00s, validation: 0.00s, handshake: 0.00s)
[Licensing::IpcConnector] Successfully connected to: "LicenseClient-Kau-6000.4.6-notifications" at "2026-05-09T00:21:35.5385482Z"
[Licensing::Module] Licensing Background thread has ended after 0.70s
Native extension for WindowsStandalone target not found
Package Manager log level set to [2]
[Package Manager] Failed to launch server process. Reason: Unity was launched with the -noUpm command-line argument
[Package Manager] Unable to send message (not connected to server process).
[Package Manager] Cannot connect to Unity Package Manager local server
ScheduleIndexationOnStartup MainProcess:False IndexOnStartup:True
Mono: successfully reloaded assembly
- Finished resetting the current domain, in  0.326 seconds
Domain Reload Profiling: 686ms
	BeginReloadAssembly (110ms)
	RebuildCommonClasses (31ms)
	RebuildNativeTypeToScriptingClass (12ms)
	initialDomainReloadingComplete (54ms)
	LoadAllAssembliesAndSetupDomain (154ms)
		LoadAssemblies (105ms)
		AnalyzeDomain (146ms)
			TypeCache.Refresh (144ms)
				TypeCache.ScanAssembly (133ms)
	FinalizeReload (327ms)
		SetupLoadedEditorAssemblies (0ms)
			InitializePlatformSupportModulesInManaged (35ms)
			BeforeProcessingInitializeOnLoad (67ms)
			ProcessInitializeOnLoadAttributes (97ms)
			ProcessInitializeOnLoadMethodAttributes (72ms)
========================================================================
Worker process is ready to serve import requests
Import Worker Mode flag is 0x00
Begin MonoManager ReloadAssembly
[Licensing::Client] Successfully resolved entitlement details
[Licensing::Module] License group:
  Id: 18968224920260-UnityPersXXXX
  Product: Unity Personal
  Type: Assigned
  Expiration: Unlimited
Assembly Assembly-CSharp-Editor-firstpass.dll at Library/ScriptAssemblies/Assembly-CSharp-Editor-firstpass.dll not valid. Loading of assembly skipped.
Assembly Assembly-CSharp-Editor.dll at Library/ScriptAssemblies/Assembly-CSharp-Editor.dll not valid. Loading of assembly skipped.
Assembly Assembly-CSharp-firstpass.dll at Library/ScriptAssemblies/Assembly-CSharp-firstpass.dll not valid. Loading of assembly skipped.
Assembly Assembly-CSharp.dll at Library/ScriptAssemblies/Assembly-CSharp.dll not valid. Loading of assembly skipped.
Assembly Unity.2D.PixelPerfect.Editor.Tests.dll at Library/ScriptAssemblies/Unity.2D.PixelPerfect.Editor.Tests.dll not valid. Loading of assembly skipped.
Assembly Unity.2D.Sprite.Package.EditorTests.dll at Library/ScriptAssemblies/Unity.2D.Sprite.Package.EditorTests.dll not valid. Loading of assembly skipped.
Assembly Unity.2D.Tilemap.Package.EditorTests.dll at Library/ScriptAssemblies/Unity.2D.Tilemap.Package.EditorTests.dll not valid. Loading of assembly skipped.
Assembly Unity.Multiplayer.Center.Editor.Tests.dll at Library/ScriptAssemblies/Unity.Multiplayer.Center.Editor.Tests.dll not valid. Loading of assembly skipped.
Assembly Unity.Multiplayer.Center.Tests.dll at Library/ScriptAssemblies/Unity.Multiplayer.Center.Tests.dll not valid. Loading of assembly skipped.
Native extension for WindowsStandalone target not found
[Package Manager] Failed to launch server process. Reason: Unity was launched with the -noUpm command-line argument
[Package Manager] Unable to send message (not connected to server process).
[Package Manager] Cannot connect to Unity Package Manager local server
ScheduleIndexationOnStartup MainProcess:False IndexOnStartup:True
Mono: successfully reloaded assembly
- Finished resetting the current domain, in  0.277 seconds
Domain Reload Profiling: 541ms
	BeginReloadAssembly (164ms)
		DisableScriptedObjects (5ms)
		CreateAndSetChildDomain (33ms)
	RebuildCommonClasses (34ms)
	RebuildNativeTypeToScriptingClass (11ms)
	initialDomainReloadingComplete (35ms)
	LoadAllAssembliesAndSetupDomain (18ms)
		LoadAssemblies (91ms)
		AnalyzeDomain (11ms)
			TypeCache.Refresh (8ms)
				TypeCache.ScanAssembly (5ms)
	FinalizeReload (278ms)
		SetupLoadedEditorAssemblies (0ms)
			BeforeProcessingInitializeOnLoad (78ms)
			ProcessInitializeOnLoadAttributes (68ms)
			ProcessInitializeOnLoadMethodAttributes (35ms)
			AfterProcessingInitializeOnLoad (6ms)
		AwakeInstancesAfterBackupRestoration (7ms)
Launched and connected shader compiler UnityShaderCompiler.exe after 0.01 seconds
Unloading 0 Unused Serialized files (Serialized files now loaded: 0)
Unloading 244 unused Assets / (36.1 KB). Loaded Objects now: 849.
Memory consumption went from 69.2 MB to 69.2 MB.
Total: 3.194200 ms (FindLiveObjects: 0.080700 ms CreateObjectMapping: 0.009200 ms MarkObjects: 2.997900 ms  DeleteObjects: 0.104500 ms)

========================================================================
Received Import Request.
  Time since last request: 448286.242567 seconds.
  path: Assets/Modern tiles_Free/Interiors_free/32x32/Interiors_free_32x32_894.asset
  importAddress: Guid(ff6a68a31bb74814fa1cb2c637befb35) Importer(2089858483,b0f066a214c2f5e87bad3c948f4d605d)
Start importing Assets/Modern tiles_Free/Interiors_free/32x32/Interiors_free_32x32_894.asset using Guid(ff6a68a31bb74814fa1cb2c637befb35) Importer(2089858483,b0f066a214c2f5e87bad3c948f4d605d) (ScriptedImporter) -> (Import Result ID: '56ff53b416b34128cf6fb9e7b264ed04') in 0.0925669 seconds [static and dynamic dependencies]. Details - ImportResultOutputID=f6818fb088da6a1bd37caeb10a0ec273 DependenciesID=433f8d2ee09575dd2aa656aa7e87b227 StaticDependenciesID=0f585b6186478f41b4c8024fd833e09d 
Number of updated asset objects reloaded before import = 0Number of asset objects unloaded after import = 2

========================================================================
Received Import Request.
  Time since last request: 0.000021 seconds.
  path: Assets/Modern tiles_Free/Interiors_free/32x32/Interiors_free_32x32_831.asset
  importAddress: Guid(070a22237e2159049a46bf698623cb24) Importer(2089858483,b0f066a214c2f5e87bad3c948f4d605d)
Start importing Assets/Modern tiles_Free/Interiors_free/32x32/Interiors_free_32x32_831.asset using Guid(070a22237e2159049a46bf698623cb24) Importer(2089858483,b0f066a214c2f5e87bad3c948f4d605d) (ScriptedImporter) -> (Import Result ID: 'df7e8241569338d387774fb42574d719') in 0.009341 seconds [static and dynamic dependencies]. Details - ImportResultOutputID=e427e9fb0babe6cf77048146c1bd94dc DependenciesID=19cd751bef1ecdd885024904a3fe7ff9 StaticDependenciesID=878ae7adf77e5bfbddd4a199c3b5efe0 
Number of updated asset objects reloaded before import = 0Number of asset objects unloaded after import = 2

========================================================================
Received Import Request.
  Time since last request: 0.000018 seconds.
  path: Assets/Modern tiles_Free/Interiors_free/32x32/Interiors_free_32x32_877.asset
  importAddress: Guid(00846a9e77bc8a44ca15b1335dbeb503) Importer(2089858483,b0f066a214c2f5e87bad3c948f4d605d)
Start importing Assets/Modern tiles_Free/Interiors_free/32x32/Interiors_free_32x32_877.asset using Guid(00846a9e77bc8a44ca15b1335dbeb503) Importer(2089858483,b0f066a214c2f5e87bad3c948f4d605d) (ScriptedImporter) -> (Import Result ID: 'faf0f4c477ea902b32db9925e0c5dd34') in 0.0097609 seconds [static and dynamic dependencies]. Details - ImportResultOutputID=3457af6e17f676461ca630f09f9b6266 DependenciesID=9318c7a4fba5a8bc45fbd3c100e74bc3 StaticDependenciesID=35b515ef2b10ecc22bacab415e9f91ba 
Number of updated asset objects reloaded before import = 0Number of asset objects unloaded after import = 2

========================================================================
Received Import Request.
  Time since last request: 0.000017 seconds.
  path: Assets/Modern tiles_Free/Interiors_free/32x32/Interiors_free_32x32_296.asset
  importAddress: Guid(d42fe77676d5da34895151bca1c79750) Importer(2089858483,b0f066a214c2f5e87bad3c948f4d605d)
Start importing Assets/Modern tiles_Free/Interiors_free/32x32/Interiors_free_32x32_296.asset using Guid(d42fe77676d5da34895151bca1c79750) Importer(2089858483,b0f066a214c2f5e87bad3c948f4d605d) (ScriptedImporter) -> (Import Result ID: '3972aeb54aef1b2da7aa57ac6f23abb3') in 0.0089484 seconds [static and dynamic dependencies]. Details - ImportResultOutputID=339ff35a585c433080af3093e14ae1a7 DependenciesID=b0742eebeb77758472703cc28b9c0f06 StaticDependenciesID=9069d21bc780ad09e2b1555a9604844f 
Number of updated asset objects reloaded before import = 0Number of asset objects unloaded after import = 2

========================================================================
Received Import Request.
  Time since last request: 0.000014 seconds.
  path: Assets/Modern tiles_Free/Interiors_free/32x32/Interiors_free_32x32_300.asset
  importAddress: Guid(a9f9257cb3aeae742a4ea5e35682a8ca) Importer(2089858483,b0f066a214c2f5e87bad3c948f4d605d)
Start importing Assets/Modern tiles_Free/Interiors_free/32x32/Interiors_free_32x32_300.asset using Guid(a9f9257cb3aeae742a4ea5e35682a8ca) Importer(2089858483,b0f066a214c2f5e87bad3c948f4d605d) (ScriptedImporter) -> (Import Result ID: '7f5792c7ea518f2550db393764f9a798') in 0.0091146 seconds [static and dynamic dependencies]. Details - ImportResultOutputID=8610890c379043933e14a8416d69f88f DependenciesID=42faa47f8362ccd406d2ed9701497c88 StaticDependenciesID=84edd265332ee4afc1f4c4f2a5dc84ce 
Number of updated asset objects reloaded before import = 0Number of asset objects unloaded after import = 2

========================================================================
Received Import Request.
  Time since last request: 0.000023 seconds.
  path: Assets/Modern tiles_Free/Interiors_free/32x32/Interiors_free_32x32_462.asset
  importAddress: Guid(d102cafb659113349af11a47f923d670) Importer(2089858483,b0f066a214c2f5e87bad3c948f4d605d)
Start importing Assets/Modern tiles_Free/Interiors_free/32x32/Interiors_free_32x32_462.asset using Guid(d102cafb659113349af11a47f923d670) Importer(2089858483,b0f066a214c2f5e87bad3c948f4d605d) (ScriptedImporter) -> (Import Result ID: 'c49878253ed212eb7ce5f49c18da6885') in 0.0089219 seconds [static and dynamic dependencies]. Details - ImportResultOutputID=387c505bfeeeaca3f6f2a23fa74cbdf7 DependenciesID=50f93bc0f4e37e3e131e651e4e6d7da3 StaticDependenciesID=8b3cf967ba69dd72249bbd3f5b455fdd 
Number of updated asset objects reloaded before import = 0Number of asset objects unloaded after import = 2

========================================================================
Received Import Request.
  Time since last request: 0.000025 seconds.
  path: Assets/Modern tiles_Free/Interiors_free/32x32/Interiors_free_32x32_365.asset
  importAddress: Guid(822e20d8fed92744e9c47632435890c7) Importer(2089858483,b0f066a214c2f5e87bad3c948f4d605d)
Start importing Assets/Modern tiles_Free/Interiors_free/32x32/Interiors_free_32x32_365.asset using Guid(822e20d8fed92744e9c47632435890c7) Importer(2089858483,b0f066a214c2f5e87bad3c948f4d605d) (ScriptedImporter) -> (Import Result ID: 'd4b7f13aa5e114eafe82903a062dab31') in 0.008943 seconds [static and dynamic dependencies]. Details - ImportResultOutputID=678f0257b28a6b74889fc95ca671e619 DependenciesID=8d51bf590c55ba81c7b1d64173351a40 StaticDependenciesID=5a19b6337da9535b9e12c2cb6de18bf2 
Number of updated asset objects reloaded before import = 0Number of asset objects unloaded after import = 2

========================================================================
Received Import Request.
  Time since last request: 0.000016 seconds.
  path: Assets/Modern tiles_Free/Interiors_free/32x32/Interiors_free_32x32_993.asset
  importAddress: Guid(7db2b7c850973494c8c42446c813ee7f) Importer(2089858483,b0f066a214c2f5e87bad3c948f4d605d)
Start importing Assets/Modern tiles_Free/Interiors_free/32x32/Interiors_free_32x32_993.asset using Guid(7db2b7c850973494c8c42446c813ee7f) Importer(2089858483,b0f066a214c2f5e87bad3c948f4d605d) (ScriptedImporter) -> (Import Result ID: '94a8483ca396e9d0335f88a4fbc642ad') in 0.0082727 seconds [static and dynamic dependencies]. Details - ImportResultOutputID=08ee3a92e95c4ef2e92c018e45ee2177 DependenciesID=8ec0dd06e11acb6841b97d7cffa4595f StaticDependenciesID=9b8c99fc9d2040474253adb306baac9f 
Number of updated asset objects reloaded before import = 0Number of asset objects unloaded after import = 2

========================================================================
Received Import Request.
  Time since last request: 0.000013 seconds.
  path: Assets/Modern tiles_Free/Interiors_free/32x32/Interiors_free_32x32_446.asset
  importAddress: Guid(9921a163e11ba8b4096e9b546730f726) Importer(2089858483,b0f066a214c2f5e87bad3c948f4d605d)
Start importing Assets/Modern tiles_Free/Interiors_free/32x32/Interiors_free_32x32_446.asset using Guid(9921a163e11ba8b4096e9b546730f726) Importer(2089858483,b0f066a214c2f5e87bad3c948f4d605d) (ScriptedImporter) -> (Import Result ID: '009909b8d2d03cf09c0ca937e1dbe79b') in 0.0090522 seconds [static and dynamic dependencies]. Details - ImportResultOutputID=2da1ba83106a45a1bf4bf4051a595e25 DependenciesID=cb9b936f93e0cc5e2cb8122c82d16b8b StaticDependenciesID=82c1dd86877258e9880238efaed975db 
Number of updated asset objects reloaded before import = 0Number of asset objects unloaded after import = 2

========================================================================
Received Import Request.
  Time since last request: 0.000019 seconds.
  path: Assets/Modern tiles_Free/Interiors_free/32x32/Interiors_free_32x32_1071.asset
  importAddress: Guid(d83b01adc4efc6344a38fee83b851c4a) Importer(2089858483,b0f066a214c2f5e87bad3c948f4d605d)
Start importing Assets/Modern tiles_Free/Interiors_free/32x32/Interiors_free_32x32_1071.asset using Guid(d83b01adc4efc6344a38fee83b851c4a) Importer(2089858483,b0f066a214c2f5e87bad3c948f4d605d) (ScriptedImporter) -> (Import Result ID: 'fe47fc920117ab0ca4c5fd6e2e08887e') in 0.0088614 seconds [static and dynamic dependencies]. Details - ImportResultOutputID=57c1bde1914a6607b9ca265ea9ed1cf3 DependenciesID=093fc7a606612e1eaffaf12e270efcb9 StaticDependenciesID=f794e7da275beb90a1437f2ada7c6ad0 
Number of updated asset objects reloaded before import = 0Number of asset objects unloaded after import = 2

========================================================================
Received Import Request.
  Time since last request: 0.000014 seconds.
  path: Assets/Modern tiles_Free/Interiors_free/32x32/Interiors_free_32x32_768.asset
  importAddress: Guid(0d23097e6856d4b468d1c4155167a300) Importer(2089858483,b0f066a214c2f5e87bad3c948f4d605d)
Start importing Assets/Modern tiles_Free/Interiors_free/32x32/Interiors_free_32x32_768.asset using Guid(0d23097e6856d4b468d1c4155167a300) Importer(2089858483,b0f066a214c2f5e87bad3c948f4d605d) (ScriptedImporter) -> (Import Result ID: 'bdd576b1c77eb068251cedbe040f3c67') in 0.0088862 seconds [static and dynamic dependencies]. Details - ImportResultOutputID=3c05c0f0641d46a296a56f8cf44d822f DependenciesID=380c1d2a904c73df46f0a48f1f8b5804 StaticDependenciesID=754d60833941129ea5bebe1248f56571 
Number of updated asset objects reloaded before import = 0Number of asset objects unloaded after import = 2

========================================================================
Received Import Request.
  Time since last request: 0.000017 seconds.
  path: Assets/Modern tiles_Free/Interiors_free/32x32/Interiors_free_32x32_434.asset
  importAddress: Guid(cac12e6d7f466f344a0d2c16035a8bb9) Importer(2089858483,b0f066a214c2f5e87bad3c948f4d605d)
Start importing Assets/Modern tiles_Free/Interiors_free/32x32/Interiors_free_32x32_434.asset using Guid(cac12e6d7f466f344a0d2c16035a8bb9) Importer(2089858483,b0f066a214c2f5e87bad3c948f4d605d) (ScriptedImporter) -> (Import Result ID: 'e930091552f9dce9e63c783a25f186a0') in 0.0087753 seconds [static and dynamic dependencies]. Details - ImportResultOutputID=6c5700333ba15fc50371f68edbd5007f DependenciesID=914a263dd6937bf6510c5dab8fb46e64 StaticDependenciesID=c8d9ba8cdb25e45ba5836237219cc550 
Number of updated asset objects reloaded before import = 0Number of asset objects unloaded after import = 2

========================================================================
Received Import Request.
  Time since last request: 0.000016 seconds.
  path: Assets/Modern tiles_Free/Interiors_free/32x32/Interiors_free_32x32_1219.asset
  importAddress: Guid(bc48f312f02308a4eb853e968ee46948) Importer(2089858483,b0f066a214c2f5e87bad3c948f4d605d)
Start importing Assets/Modern tiles_Free/Interiors_free/32x32/Interiors_free_32x32_1219.asset using Guid(bc48f312f02308a4eb853e968ee46948) Importer(2089858483,b0f066a214c2f5e87bad3c948f4d605d) (ScriptedImporter) -> (Import Result ID: '0ca9ebf0196c1baeda1d07ca862480c1') in 0.0112666 seconds [static and dynamic dependencies]. Details - ImportResultOutputID=683ee98e83a256cf581e542d6bb1d594 DependenciesID=9e473d829e2d822352e7d06c1fb395f4 StaticDependenciesID=33df5dfec558d8bd942bb8173e730f7b 
Number of updated asset objects reloaded before import = 0Number of asset objects unloaded after import = 2

========================================================================
Received Import Request.
  Time since last request: 0.000017 seconds.
  path: Assets/Modern tiles_Free/Interiors_free/32x32/Interiors_free_32x32_697.asset
  importAddress: Guid(d60d064a3f0f30a42abb0476e994696a) Importer(2089858483,b0f066a214c2f5e87bad3c948f4d605d)
Start importing Assets/Modern tiles_Free/Interiors_free/32x32/Interiors_free_32x32_697.asset using Guid(d60d064a3f0f30a42abb0476e994696a) Importer(2089858483,b0f066a214c2f5e87bad3c948f4d605d) (ScriptedImporter) -> (Import Result ID: 'c52037f16249fe6d4bac6be28b1d5ef4') in 0.0069695 seconds [static and dynamic dependencies]. Details - ImportResultOutputID=c07f006a280901791ad27c419a6a4c44 DependenciesID=7f7e36bd7d29f2612fc08af5cccf0b4c StaticDependenciesID=c009219365b9932efb5e7531754808cd 
Number of updated asset objects reloaded before import = 0Number of asset objects unloaded after import = 2

========================================================================
Received Import Request.
  Time since last request: 0.000017 seconds.
  path: Assets/Modern tiles_Free/Interiors_free/32x32/Interiors_free_32x32_160.asset
  importAddress: Guid(d3a6e384d80fbb5448873262983baf8d) Importer(2089858483,b0f066a214c2f5e87bad3c948f4d605d)
Start importing Assets/Modern tiles_Free/Interiors_free/32x32/Interiors_free_32x32_160.asset using Guid(d3a6e384d80fbb5448873262983baf8d) Importer(2089858483,b0f066a214c2f5e87bad3c948f4d605d) (ScriptedImporter) -> (Import Result ID: 'a099287eaea6146b19c7270a3c819ac6') in 0.0092591 seconds [static and dynamic dependencies]. Details - ImportResultOutputID=f7879741145d692748d8043f05b0b65f DependenciesID=70102032125b1fafccdb1f188a5c9748 StaticDependenciesID=ebf2c0d64b832273816d96fa2a0ceb21 
Number of updated asset objects reloaded before import = 0Number of asset objects unloaded after import = 2

========================================================================
Received Import Request.
  Time since last request: 0.000016 seconds.
  path: Assets/Modern tiles_Free/Interiors_free/32x32/Interiors_free_32x32_864.asset
  importAddress: Guid(c8083a3e43a8e8e468b9e92c92c4e589) Importer(2089858483,b0f066a214c2f5e87bad3c948f4d605d)
Start importing Assets/Modern tiles_Free/Interiors_free/32x32/Interiors_free_32x32_864.asset using Guid(c8083a3e43a8e8e468b9e92c92c4e589) Importer(2089858483,b0f066a214c2f5e87bad3c948f4d605d) (ScriptedImporter) -> (Import Result ID: '0dc45054eaaaf121850940f80010dafc') in 0.0086162 seconds [static and dynamic dependencies]. Details - ImportResultOutputID=7315cb63b88aedb17e7b573d45236c8d DependenciesID=971b06f4e95fe6a3e4d72a4aaf7ad1d1 StaticDependenciesID=8427d4bec4d004bd991159a2206f4014 
Number of updated asset objects reloaded before import = 0Number of asset objects unloaded after import = 2

========================================================================
Received Import Request.
  Time since last request: 0.000015 seconds.
  path: Assets/Modern tiles_Free/Interiors_free/32x32/Interiors_free_32x32_7.asset
  importAddress: Guid(ff0f69062e474624ba209d95dbea4be1) Importer(2089858483,b0f066a214c2f5e87bad3c948f4d605d)
Start importing Assets/Modern tiles_Free/Interiors_free/32x32/Interiors_free_32x32_7.asset using Guid(ff0f69062e474624ba209d95dbea4be1) Importer(2089858483,b0f066a214c2f5e87bad3c948f4d605d) (ScriptedImporter) -> (Import Result ID: 'e271c577462eac811f4a2bb4ad4244d1') in 0.0088748 seconds [static and dynamic dependencies]. Details - ImportResultOutputID=a7950fa4e3cb35330d6f1a70a70d2436 DependenciesID=df9b3751479f9bffeb7a5a6c9f15a63a StaticDependenciesID=b76968266244603149f35bf9ae26d870 
Number of updated asset objects reloaded before import = 0Number of asset objects unloaded after import = 2

========================================================================
Received Import Request.
  Time since last request: 0.000018 seconds.
  path: Assets/Modern tiles_Free/Interiors_free/32x32/Interiors_free_32x32_821.asset
  importAddress: Guid(f1f8dbf31ca176a4a91ca3f1745d748f) Importer(2089858483,b0f066a214c2f5e87bad3c948f4d605d)
Start importing Assets/Modern tiles_Free/Interiors_free/32x32/Interiors_free_32x32_821.asset using Guid(f1f8dbf31ca176a4a91ca3f1745d748f) Importer(2089858483,b0f066a214c2f5e87bad3c948f4d605d) (ScriptedImporter) -> (Import Result ID: '1eb0d1bb9b3f44f398f4cd59be754910') in 0.0090443 seconds [static and dynamic dependencies]. Details - ImportResultOutputID=9c6f0ea530e82479b16023d23b69ff62 DependenciesID=259140896a9c8038dc810bcce859e936 StaticDependenciesID=961c2c41f36149eb92721aedd9a290d2 
Number of updated asset objects reloaded before import = 0Number of asset objects unloaded after import = 2

========================================================================
Received Import Request.
  Time since last request: 0.000014 seconds.
  path: Assets/Modern tiles_Free/Interiors_free/32x32/Interiors_free_32x32_733.asset
  importAddress: Guid(aaca48dc9dacaf545989ad01366b05f6) Importer(2089858483,b0f066a214c2f5e87bad3c948f4d605d)
Start importing Assets/Modern tiles_Free/Interiors_free/32x32/Interiors_free_32x32_733.asset using Guid(aaca48dc9dacaf545989ad01366b05f6) Importer(2089858483,b0f066a214c2f5e87bad3c948f4d605d) (ScriptedImporter) -> (Import Result ID: '8e814efd70880c2b5ba12d829aba4817') in 0.008718 seconds [static and dynamic dependencies]. Details - ImportResultOutputID=626347cf33089619e3dac5c9d421ceb0 DependenciesID=4f8b65be12e57290ad9a820530430c53 StaticDependenciesID=f79c57d4a2acb5063f45ab9cc1084938 
Number of updated asset objects reloaded before import = 0Number of asset objects unloaded after import = 2

========================================================================
Received Import Request.
  Time since last request: 0.000016 seconds.
  path: Assets/Modern tiles_Free/Interiors_free/32x32/Interiors_free_32x32_1074.asset
  importAddress: Guid(c5c079c8c3b473a4187bdda18e7a0fd6) Importer(2089858483,b0f066a214c2f5e87bad3c948f4d605d)
Start importing Assets/Modern tiles_Free/Interiors_free/32x32/Interiors_free_32x32_1074.asset using Guid(c5c079c8c3b473a4187bdda18e7a0fd6) Importer(2089858483,b0f066a214c2f5e87bad3c948f4d605d) (ScriptedImporter) -> (Import Result ID: 'cb965a2ebf4ff3339d4360de7c31f423') in 0.0089068 seconds [static and dynamic dependencies]. Details - ImportResultOutputID=04dfc77606fd8cefa54bdaf85516b214 DependenciesID=8e4bd8e1ae202d6579b6f070d0f1bded StaticDependenciesID=fd97929d90b19a12393c198f31076f98 
Number of updated asset objects reloaded before import = 0Number of asset objects unloaded after import = 2

========================================================================
Received Import Request.
  Time since last request: 0.862805 seconds.
  path: Assets/Modern tiles_Free/Interiors_free/32x32/Interiors_free_32x32_38.asset
  importAddress: Guid(6ce189fc923f6154db3fb16e8b6dda3a) Importer(2089858483,b0f066a214c2f5e87bad3c948f4d605d)
Start importing Assets/Modern tiles_Free/Interiors_free/32x32/Interiors_free_32x32_38.asset using Guid(6ce189fc923f6154db3fb16e8b6dda3a) Importer(2089858483,b0f066a214c2f5e87bad3c948f4d605d) (ScriptedImporter) -> (Import Result ID: 'd492ff6124acaa257a628f8a0346544c') in 0.0093378 seconds [static and dynamic dependencies]. Details - ImportResultOutputID=f5283bad3193e2ff2b2fa95fcd6c4e4c DependenciesID=28e135d05596c16241b7aad995706703 StaticDependenciesID=7438070ca322fc40180ed964010f747a 
Number of updated asset objects reloaded before import = 0Number of asset objects unloaded after import = 2

========================================================================
Received Import Request.
  Time since last request: 0.000019 seconds.
  path: Assets/Modern tiles_Free/Interiors_free/32x32/Interiors_free_32x32_198.asset
  importAddress: Guid(41dfe0cf3afd47245841ef3eb5a1adc4) Importer(2089858483,b0f066a214c2f5e87bad3c948f4d605d)
Start importing Assets/Modern tiles_Free/Interiors_free/32x32/Interiors_free_32x32_198.asset using Guid(41dfe0cf3afd47245841ef3eb5a1adc4) Importer(2089858483,b0f066a214c2f5e87bad3c948f4d605d) (ScriptedImporter) -> (Import Result ID: 'ccf87cb0e2d0fb8da7795d3919bb5469') in 0.0089732 seconds [static and dynamic dependencies]. Details - ImportResultOutputID=ee5663e5415dca05f569c6be504cbfc7 DependenciesID=c9c671b8161fd8efbee75edb9a6d36ff StaticDependenciesID=a11562bfc34129e9b9022a679a9bf9e4 
Number of updated asset objects reloaded before import = 0Number of asset objects unloaded after import = 2

========================================================================
Received Import Request.
  Time since last request: 0.000021 seconds.
  path: Assets/Modern tiles_Free/Interiors_free/32x32/Interiors_free_32x32_782.asset
  importAddress: Guid(77afe386e0947674198cfadc47e94dd9) Importer(2089858483,b0f066a214c2f5e87bad3c948f4d605d)
Start importing Assets/Modern tiles_Free/Interiors_free/32x32/Interiors_free_32x32_782.asset using Guid(77afe386e0947674198cfadc47e94dd9) Importer(2089858483,b0f066a214c2f5e87bad3c948f4d605d) (ScriptedImporter) -> (Import Result ID: '253530cbd13c4a8ee8bef8def940ee23') in 0.0090117 seconds [static and dynamic dependencies]. Details - ImportResultOutputID=0234691a702c34c3ed9ac58bb83559fc DependenciesID=7875f6236c88ae50284331ee50bc95bb StaticDependenciesID=8a9e3467c493cc822e3d2b3f867010a0 
Number of updated asset objects reloaded before import = 0Number of asset objects unloaded after import = 2

========================================================================
Received Import Request.
  Time since last request: 0.000016 seconds.
  path: Assets/Modern tiles_Free/Interiors_free/32x32/Interiors_free_32x32_908.asset
  importAddress: Guid(8b1b36a375edecc4792613fa65653117) Importer(2089858483,b0f066a214c2f5e87bad3c948f4d605d)
Start importing Assets/Modern tiles_Free/Interiors_free/32x32/Interiors_free_32x32_908.asset using Guid(8b1b36a375edecc4792613fa65653117) Importer(2089858483,b0f066a214c2f5e87bad3c948f4d605d) (ScriptedImporter) -> (Import Result ID: '4b10468d034984cfac82463b4e17505d') in 0.0088678 seconds [static and dynamic dependencies]. Details - ImportResultOutputID=63668c7f6e6dfa919b3935b619de0cee DependenciesID=1b35b37e516eb6fba99133d2e11fe1bc StaticDependenciesID=f9f9c3614d4c5e845d8ada42791bbf3f 
Number of updated asset objects reloaded before import = 0Number of asset objects unloaded after import = 2

========================================================================
Received Import Request.
  Time since last request: 0.000015 seconds.
  path: Assets/Modern tiles_Free/Interiors_free/32x32/Interiors_free_32x32_44.asset
  importAddress: Guid(80c8fe7858bebbc469bced2f40a0a92e) Importer(2089858483,b0f066a214c2f5e87bad3c948f4d605d)
Start importing Assets/Modern tiles_Free/Interiors_free/32x32/Interiors_free_32x32_44.asset using Guid(80c8fe7858bebbc469bced2f40a0a92e) Importer(2089858483,b0f066a214c2f5e87bad3c948f4d605d) (ScriptedImporter) -> (Import Result ID: '3d0f6268841230b1fac88a4a5c23f623') in 0.0086345 seconds [static and dynamic dependencies]. Details - ImportResultOutputID=adf10d203faa03b680e36392eaa14c9e DependenciesID=b414b9593c31262e46b195e94de7b40e StaticDependenciesID=766db918cd7073a4644c70b101df50ed 
Number of updated asset objects reloaded before import = 0Number of asset objects unloaded after import = 2

========================================================================
Received Import Request.
  Time since last request: 0.000017 seconds.
  path: Assets/Modern tiles_Free/Interiors_free/32x32/Interiors_free_32x32_66.asset
  importAddress: Guid(a22202d86db329c4a9a782939c41154c) Importer(2089858483,b0f066a214c2f5e87bad3c948f4d605d)
Start importing Assets/Modern tiles_Free/Interiors_free/32x32/Interiors_free_32x32_66.asset using Guid(a22202d86db329c4a9a782939c41154c) Importer(2089858483,b0f066a214c2f5e87bad3c948f4d605d) (ScriptedImporter) -> (Import Result ID: 'ba3690ba20429f15ddf65f993c933800') in 0.0088762 seconds [static and dynamic dependencies]. Details - ImportResultOutputID=98b2bbe9f6ee88794fc48adcaa6023d1 DependenciesID=49a3725ac14aa4d0e72f3f657ad52c90 StaticDependenciesID=8a984ce49a969ff67aaaf68f5838a15e 
Number of updated asset objects reloaded before import = 0Number of asset objects unloaded after import = 2

========================================================================
Received Import Request.
  Time since last request: 0.000027 seconds.
  path: Assets/Modern tiles_Free/Interiors_free/32x32/Interiors_free_32x32_1005.asset
  importAddress: Guid(b01ba6b53decb984181dcd04555605a6) Importer(2089858483,b0f066a214c2f5e87bad3c948f4d605d)
Start importing Assets/Modern tiles_Free/Interiors_free/32x32/Interiors_free_32x32_1005.asset using Guid(b01ba6b53decb984181dcd04555605a6) Importer(2089858483,b0f066a214c2f5e87bad3c948f4d605d) (ScriptedImporter) -> (Import Result ID: '9dada1aef692f2efa2a48d84ef1ee314') in 0.0087571 seconds [static and dynamic dependencies]. Details - ImportResultOutputID=f7bef5bc1381d3102808c1956c486733 DependenciesID=f0ff5ae9ec9e9c96155e6ae3afa11c6e StaticDependenciesID=c5e4165b755832b6820102cd3fccc2a4 
Number of updated asset objects reloaded before import = 0Number of asset objects unloaded after import = 2

========================================================================
Received Import Request.
  Time since last request: 0.000013 seconds.
  path: Assets/Modern tiles_Free/Interiors_free/32x32/Interiors_free_32x32_828.asset
  importAddress: Guid(9679c0ac6df62374b875b39780e6cb85) Importer(2089858483,b0f066a214c2f5e87bad3c948f4d605d)
Start importing Assets/Modern tiles_Free/Interiors_free/32x32/Interiors_free_32x32_828.asset using Guid(9679c0ac6df62374b875b39780e6cb85) Importer(2089858483,b0f066a214c2f5e87bad3c948f4d605d) (ScriptedImporter) -> (Import Result ID: '59b47bf3950db160904512dd99b52d1a') in 0.0097412 seconds [static and dynamic dependencies]. Details - ImportResultOutputID=6735cccb28af1d99913958419259f672 DependenciesID=291a4b71d25b9eec6f251e4bfa1e9f7d StaticDependenciesID=97fdbe63cf82f45ebbd0bc5071cb240f 
Number of updated asset objects reloaded before import = 0Number of asset objects unloaded after import = 2

========================================================================
Received Import Request.
  Time since last request: 0.000017 seconds.
  path: Assets/Modern tiles_Free/Interiors_free/32x32/Interiors_free_32x32_64.asset
  importAddress: Guid(73e0d46f042f1cf41afc1f02b00662d7) Importer(2089858483,b0f066a214c2f5e87bad3c948f4d605d)
Start importing Assets/Modern tiles_Free/Interiors_free/32x32/Interiors_free_32x32_64.asset using Guid(73e0d46f042f1cf41afc1f02b00662d7) Importer(2089858483,b0f066a214c2f5e87bad3c948f4d605d) (ScriptedImporter) -> (Import Result ID: '642d769412d7d0a06f371017f2a595d1') in 0.0086181 seconds [static and dynamic dependencies]. Details - ImportResultOutputID=c4293a2d4989708b8efdddd466e9c945 DependenciesID=e464fca4663f777e5a0dda4fc952591b StaticDependenciesID=20fa9fa334dbaed61c45f9b2e3d1823b 
Number of updated asset objects reloaded before import = 0Number of asset objects unloaded after import = 2

========================================================================
Received Import Request.
  Time since last request: 0.000014 seconds.
  path: Assets/Modern tiles_Free/Interiors_free/32x32/Interiors_free_32x32_162.asset
  importAddress: Guid(a7783f1fe4d0dc440aea5c2ec30e42ad) Importer(2089858483,b0f066a214c2f5e87bad3c948f4d605d)
Start importing Assets/Modern tiles_Free/Interiors_free/32x32/Interiors_free_32x32_162.asset using Guid(a7783f1fe4d0dc440aea5c2ec30e42ad) Importer(2089858483,b0f066a214c2f5e87bad3c948f4d605d) (ScriptedImporter) -> (Import Result ID: 'c03ed008bef3d55db2584ff9d4401304') in 0.0091997 seconds [static and dynamic dependencies]. Details - ImportResultOutputID=7a280c662e088124ae1e3d1ea35b61ec DependenciesID=d91e02750f3d310d8fe30a425d8d0d67 StaticDependenciesID=3d70015c5f4238087df002c2b30272a5 
Number of updated asset objects reloaded before import = 0Number of asset objects unloaded after import = 2

========================================================================
Received Import Request.
  Time since last request: 0.000018 seconds.
  path: Assets/Modern tiles_Free/Interiors_free/32x32/Interiors_free_32x32_253.asset
  importAddress: Guid(d0e9401d810d6914498966982a0d420c) Importer(2089858483,b0f066a214c2f5e87bad3c948f4d605d)
Start importing Assets/Modern tiles_Free/Interiors_free/32x32/Interiors_free_32x32_253.asset using Guid(d0e9401d810d6914498966982a0d420c) Importer(2089858483,b0f066a214c2f5e87bad3c948f4d605d) (ScriptedImporter) -> (Import Result ID: '0cfdd03938acdb8e7e375f7a25026ad3') in 0.0091402 seconds [static and dynamic dependencies]. Details - ImportResultOutputID=5e47b58d4d806aba22b6206d2d46fb3d DependenciesID=abe99e23d768185dbe2a1ae0e1f693ba StaticDependenciesID=0d728fbc226340490e033912a8e90e9d 
Number of updated asset objects reloaded before import = 0Number of asset objects unloaded after import = 2

========================================================================
Received Import Request.
  Time since last request: 0.000014 seconds.
  path: Assets/Modern tiles_Free/Interiors_free/32x32/Interiors_free_32x32_267.asset
  importAddress: Guid(90c6e1e8a68a60d46a657cc5d2739bf4) Importer(2089858483,b0f066a214c2f5e87bad3c948f4d605d)
Start importing Assets/Modern tiles_Free/Interiors_free/32x32/Interiors_free_32x32_267.asset using Guid(90c6e1e8a68a60d46a657cc5d2739bf4) Importer(2089858483,b0f066a214c2f5e87bad3c948f4d605d) (ScriptedImporter) -> (Import Result ID: 'de42560fd5cf9539fcd0292fa445ec73') in 0.0086727 seconds [static and dynamic dependencies]. Details - ImportResultOutputID=e88d290f1eae38653b002174bd0e20d6 DependenciesID=32e45c04704f279f864ec73d1239a18c StaticDependenciesID=7952a68bfd67d604f09c43d9a54f8c11 
Number of updated asset objects reloaded before import = 0Number of asset objects unloaded after import = 2

========================================================================
Received Import Request.
  Time since last request: 0.000017 seconds.
  path: Assets/Modern tiles_Free/Interiors_free/32x32/Interiors_free_32x32_1174.asset
  importAddress: Guid(5623efc694c7d7d498a0fc2ee7a1dcdb) Importer(2089858483,b0f066a214c2f5e87bad3c948f4d605d)
Start importing Assets/Modern tiles_Free/Interiors_free/32x32/Interiors_free_32x32_1174.asset using Guid(5623efc694c7d7d498a0fc2ee7a1dcdb) Importer(2089858483,b0f066a214c2f5e87bad3c948f4d605d) (ScriptedImporter) -> (Import Result ID: '97692696f25cd204be8f7e0b22cf22f9') in 0.0085155 seconds [static and dynamic dependencies]. Details - ImportResultOutputID=66bbeadd8faf351136f4aa4d0600f0cb DependenciesID=ee2805e5b3b06871e74f709c1ea248ee StaticDependenciesID=3842d7bdacffe59e5ec42ce5e3005eec 
Number of updated asset objects reloaded before import = 0Number of asset objects unloaded after import = 2

========================================================================
Received Import Request.
  Time since last request: 0.000017 seconds.
  path: Assets/Modern tiles_Free/Interiors_free/32x32/Interiors_free_32x32_712.asset
  importAddress: Guid(0d2729bab60449447a540875f99b920d) Importer(2089858483,b0f066a214c2f5e87bad3c948f4d605d)
Start importing Assets/Modern tiles_Free/Interiors_free/32x32/Interiors_free_32x32_712.asset using Guid(0d2729bab60449447a540875f99b920d) Importer(2089858483,b0f066a214c2f5e87bad3c948f4d605d) (ScriptedImporter) -> (Import Result ID: '2eaa7e58ea27d9f25499e0042363ea12') in 0.0086942 seconds [static and dynamic dependencies]. Details - ImportResultOutputID=0f32fcefaa5a90fc4c34fcef2d2ce273 DependenciesID=30ad644e87de5e3a4595b706f8b3ee4a StaticDependenciesID=3e92760706d887fadbffa23b8aba64a1 
Number of updated asset objects reloaded before import = 0Number of asset objects unloaded after import = 2

========================================================================
Received Import Request.
  Time since last request: 0.000016 seconds.
  path: Assets/Modern tiles_Free/Interiors_free/32x32/Interiors_free_32x32_77.asset
  importAddress: Guid(1ae68bc17367d934e81f44e6dde98480) Importer(2089858483,b0f066a214c2f5e87bad3c948f4d605d)
Start importing Assets/Modern tiles_Free/Interiors_free/32x32/Interiors_free_32x32_77.asset using Guid(1ae68bc17367d934e81f44e6dde98480) Importer(2089858483,b0f066a214c2f5e87bad3c948f4d605d) (ScriptedImporter) -> (Import Result ID: '9b4cf72e9ed69f3eb6bf124b27b85764') in 0.0088348 seconds [static and dynamic dependencies]. Details - ImportResultOutputID=f24b1e764d2944f10389eb6f5e98ad33 DependenciesID=23b4eff3384580424e11927233cb7425 StaticDependenciesID=6b582dfaf364ad1a551959f707f0a479 
Number of updated asset objects reloaded before import = 0Number of asset objects unloaded after import = 2

========================================================================
Received Import Request.
  Time since last request: 0.000015 seconds.
  path: Assets/Modern tiles_Free/Interiors_free/32x32/Interiors_free_32x32_935.asset
  importAddress: Guid(7fc089dd013ba624188c9064b03a510d) Importer(2089858483,b0f066a214c2f5e87bad3c948f4d605d)
Start importing Assets/Modern tiles_Free/Interiors_free/32x32/Interiors_free_32x32_935.asset using Guid(7fc089dd013ba624188c9064b03a510d) Importer(2089858483,b0f066a214c2f5e87bad3c948f4d605d) (ScriptedImporter) -> (Import Result ID: '5bf6fb2e5fe37d6fb9c30a5ce292dc92') in 0.0089457 seconds [static and dynamic dependencies]. Details - ImportResultOutputID=d44d7031f9f000fd993a8c828fa9be42 DependenciesID=3d77408773e964788acb95efac187042 StaticDependenciesID=a869a145ca92815c20cd5a8abf03b3ba 
Number of updated asset objects reloaded before import = 0Number of asset objects unloaded after import = 2

========================================================================
Received Import Request.
  Time since last request: 0.000017 seconds.
  path: Assets/Modern tiles_Free/Interiors_free/32x32/Interiors_free_32x32_1022.asset
  importAddress: Guid(0751a6ce4dabc7b4ea9650c3ce3c8dfa) Importer(2089858483,b0f066a214c2f5e87bad3c948f4d605d)
Start importing Assets/Modern tiles_Free/Interiors_free/32x32/Interiors_free_32x32_1022.asset using Guid(0751a6ce4dabc7b4ea9650c3ce3c8dfa) Importer(2089858483,b0f066a214c2f5e87bad3c948f4d605d) (ScriptedImporter) -> (Import Result ID: '282c37d7b706ade87f8e70f02310d7a5') in 0.0091097 seconds [static and dynamic dependencies]. Details - ImportResultOutputID=e74d87029d941d647abba152ea21c476 DependenciesID=9c9e863f0c27bd17aabca623e784f153 StaticDependenciesID=43bc2f7ee48861ffac42a4eefd8dbce7 
Number of updated asset objects reloaded before import = 0Number of asset objects unloaded after import = 2

========================================================================
Received Import Request.
  Time since last request: 0.000022 seconds.
  path: Assets/Modern tiles_Free/Interiors_free/32x32/Interiors_free_32x32_95.asset
  importAddress: Guid(7829e7a095acdf04fa21a5abb18bbdf9) Importer(2089858483,b0f066a214c2f5e87bad3c948f4d605d)
Start importing Assets/Modern tiles_Free/Interiors_free/32x32/Interiors_free_32x32_95.asset using Guid(7829e7a095acdf04fa21a5abb18bbdf9) Importer(2089858483,b0f066a214c2f5e87bad3c948f4d605d) (ScriptedImporter) -> (Import Result ID: 'b1cd0e9e80cf36ae638e94a371172105') in 0.0088216 seconds [static and dynamic dependencies]. Details - ImportResultOutputID=dbccc35e84794a81ef4b9200193c89c4 DependenciesID=07d2f0f234a06f540c40453c164f6068 StaticDependenciesID=0c29042a6738bd0447bdde05ccc17a66 
Number of updated asset objects reloaded before import = 0Number of asset objects unloaded after import = 2

========================================================================
Received Import Request.
  Time since last request: 0.000015 seconds.
  path: Assets/Modern tiles_Free/Interiors_free/32x32/Interiors_free_32x32_603.asset
  importAddress: Guid(d06f1d0d4b57d0c4bbf56be30b5629a7) Importer(2089858483,b0f066a214c2f5e87bad3c948f4d605d)
Start importing Assets/Modern tiles_Free/Interiors_free/32x32/Interiors_free_32x32_603.asset using Guid(d06f1d0d4b57d0c4bbf56be30b5629a7) Importer(2089858483,b0f066a214c2f5e87bad3c948f4d605d) (ScriptedImporter) -> (Import Result ID: '8bb96473b82f8c5634a8eb3517a60355') in 0.0091395 seconds [static and dynamic dependencies]. Details - ImportResultOutputID=e32b85753e35f40702d361364b4dab8d DependenciesID=8aea4dcb0d5b9f4c06c2cff9c06f470e StaticDependenciesID=d039cf868264354e05913001b1716291 
Number of updated asset objects reloaded before import = 0Number of asset objects unloaded after import = 2

========================================================================
Received Import Request.
  Time since last request: 0.000013 seconds.
  path: Assets/Modern tiles_Free/Interiors_free/32x32/Interiors_free_32x32_252.asset
  importAddress: Guid(d8c9daa71b6b65a4eb88025feb1523d3) Importer(2089858483,b0f066a214c2f5e87bad3c948f4d605d)
Start importing Assets/Modern tiles_Free/Interiors_free/32x32/Interiors_free_32x32_252.asset using Guid(d8c9daa71b6b65a4eb88025feb1523d3) Importer(2089858483,b0f066a214c2f5e87bad3c948f4d605d) (ScriptedImporter) -> (Import Result ID: '07f7eb058b7326d855dae1b869fe8b66') in 0.0087213 seconds [static and dynamic dependencies]. Details - ImportResultOutputID=0570551e71f5496856a978609ac2a044 DependenciesID=647c8b218a23988ca0fd3e57b3ff5150 StaticDependenciesID=44e19fdd5cef928b8d0c186ac3c1adee 
Number of updated asset objects reloaded before import = 0Number of asset objects unloaded after import = 2

========================================================================
Received Import Request.
  Time since last request: 0.000016 seconds.
  path: Assets/Modern tiles_Free/Interiors_free/32x32/Interiors_free_32x32_1119.asset
  importAddress: Guid(6a56816fbbcf17b4ea89346c7482b885) Importer(2089858483,b0f066a214c2f5e87bad3c948f4d605d)
Start importing Assets/Modern tiles_Free/Interiors_free/32x32/Interiors_free_32x32_1119.asset using Guid(6a56816fbbcf17b4ea89346c7482b885) Importer(2089858483,b0f066a214c2f5e87bad3c948f4d605d) (ScriptedImporter) -> (Import Result ID: 'b67f125722c300bbf523d7964b676fd6') in 0.0090792 seconds [static and dynamic dependencies]. Details - ImportResultOutputID=f0f469c46e99239c904a6d8ee960b38c DependenciesID=b417953e5c922dd04a0e9da99abed102 StaticDependenciesID=fa227506e909780072c6d3542d46a68b 
Number of updated asset objects reloaded before import = 0Number of asset objects unloaded after import = 2

========================================================================
Received Import Request.
  Time since last request: 0.000017 seconds.
  path: Assets/Modern tiles_Free/Interiors_free/32x32/Interiors_free_32x32_277.asset
  importAddress: Guid(440cfbea2949f2740918d14f3879227b) Importer(2089858483,b0f066a214c2f5e87bad3c948f4d605d)
Start importing Assets/Modern tiles_Free/Interiors_free/32x32/Interiors_free_32x32_277.asset using Guid(440cfbea2949f2740918d14f3879227b) Importer(2089858483,b0f066a214c2f5e87bad3c948f4d605d) (ScriptedImporter) -> (Import Result ID: '70aeb8dfbba7f94e6c10d7cbb6b354d5') in 0.0092129 seconds [static and dynamic dependencies]. Details - ImportResultOutputID=af68bbd9e783aead6845b1f59761376e DependenciesID=c0bdfb940e4b3ced1b8069820bc5e049 StaticDependenciesID=90eda5a090be379db0a6679bae135c45 
Number of updated asset objects reloaded before import = 0Number of asset objects unloaded after import = 2

========================================================================
Received Import Request.
  Time since last request: 0.000015 seconds.
  path: Assets/Modern tiles_Free/Interiors_free/32x32/Interiors_free_32x32_270.asset
  importAddress: Guid(9cf641296ba5835419ce6bc976ecaa63) Importer(2089858483,b0f066a214c2f5e87bad3c948f4d605d)
Start importing Assets/Modern tiles_Free/Interiors_free/32x32/Interiors_free_32x32_270.asset using Guid(9cf641296ba5835419ce6bc976ecaa63) Importer(2089858483,b0f066a214c2f5e87bad3c948f4d605d) (ScriptedImporter) -> (Import Result ID: '95854d47d8db285250b459550347a201') in 0.0097189 seconds [static and dynamic dependencies]. Details - ImportResultOutputID=579f5a57e78afcdc53056e835d8aab2a DependenciesID=03c1b94f7370f37e5f7c1fca3d28a76c StaticDependenciesID=5a1090601ee71dd7551f899c7424b632 
Number of updated asset objects reloaded before import = 0Number of asset objects unloaded after import = 2

========================================================================
Received Import Request.
  Time since last request: 0.000015 seconds.
  path: Assets/Modern tiles_Free/Interiors_free/32x32/Interiors_free_32x32_683.asset
  importAddress: Guid(813fd5db4c5cb44428ce4ccf8b9f93b6) Importer(2089858483,b0f066a214c2f5e87bad3c948f4d605d)
Start importing Assets/Modern tiles_Free/Interiors_free/32x32/Interiors_free_32x32_683.asset using Guid(813fd5db4c5cb44428ce4ccf8b9f93b6) Importer(2089858483,b0f066a214c2f5e87bad3c948f4d605d) (ScriptedImporter) -> (Import Result ID: 'e6d974eec0be44b1116203fdca0df758') in 0.0087347 seconds [static and dynamic dependencies]. Details - ImportResultOutputID=ec87274891d711121e1dbafac68e723d DependenciesID=54f1453463c368e4d905e071ad3b5f0a StaticDependenciesID=6c9e0e0ddffe137cefb017d768a4fb2b 
Number of updated asset objects reloaded before import = 0Number of asset objects unloaded after import = 2

========================================================================
Received Import Request.
  Time since last request: 0.000019 seconds.
  path: Assets/Modern tiles_Free/Interiors_free/32x32/Interiors_free_32x32_901.asset
  importAddress: Guid(47b773039fc6a6a4daa9f08cb4705cc4) Importer(2089858483,b0f066a214c2f5e87bad3c948f4d605d)
Start importing Assets/Modern tiles_Free/Interiors_free/32x32/Interiors_free_32x32_901.asset using Guid(47b773039fc6a6a4daa9f08cb4705cc4) Importer(2089858483,b0f066a214c2f5e87bad3c948f4d605d) (ScriptedImporter) -> (Import Result ID: '2a84d1fa0d3c338b6b251fdae64ee067') in 0.0092248 seconds [static and dynamic dependencies]. Details - ImportResultOutputID=bf02bffbb0eb0dd40f46763305ad01d5 DependenciesID=bf232c2412e78d1fe8de04c4ac14f030 StaticDependenciesID=cb797f9202082d8a038ad1d4f5d429b6 
Number of updated asset objects reloaded before import = 0Number of asset objects unloaded after import = 2

========================================================================
Received Import Request.
  Time since last request: 0.000017 seconds.
  path: Assets/Modern tiles_Free/Interiors_free/32x32/Interiors_free_32x32_716.asset
  importAddress: Guid(1fa3e010074696643b555e5ecf14f4c3) Importer(2089858483,b0f066a214c2f5e87bad3c948f4d605d)
Start importing Assets/Modern tiles_Free/Interiors_free/32x32/Interiors_free_32x32_716.asset using Guid(1fa3e010074696643b555e5ecf14f4c3) Importer(2089858483,b0f066a214c2f5e87bad3c948f4d605d) (ScriptedImporter) -> (Import Result ID: '26242010b269a2d371ccd3f06801a25c') in 0.0086737 seconds [static and dynamic dependencies]. Details - ImportResultOutputID=04eefbe51f31badb9a4430a95a1e0b2a DependenciesID=d6a5d178195555bbacb1835743a14c94 StaticDependenciesID=0261de740e279140b0d2cf742cb16cfb 
Number of updated asset objects reloaded before import = 0Number of asset objects unloaded after import = 2

========================================================================
Received Import Request.
  Time since last request: 0.000017 seconds.
  path: Assets/Modern tiles_Free/Interiors_free/32x32/Interiors_free_32x32_1052.asset
  importAddress: Guid(689497c8601613c4790a4db5ea4ac42c) Importer(2089858483,b0f066a214c2f5e87bad3c948f4d605d)
Start importing Assets/Modern tiles_Free/Interiors_free/32x32/Interiors_free_32x32_1052.asset using Guid(689497c8601613c4790a4db5ea4ac42c) Importer(2089858483,b0f066a214c2f5e87bad3c948f4d605d) (ScriptedImporter) -> (Import Result ID: '6d8442e62d1c587f10f9be8da69beea3') in 0.0086439 seconds [static and dynamic dependencies]. Details - ImportResultOutputID=ba5aa5185330da3873624fc4b7b2c501 DependenciesID=2df8ceed9786ddf8c3c712248d654e62 StaticDependenciesID=30780584cb7ac2fb1f938b5597aa53a0 
Number of updated asset objects reloaded before import = 0Number of asset objects unloaded after import = 2

========================================================================
Received Import Request.
  Time since last request: 0.000018 seconds.
  path: Assets/Modern tiles_Free/Interiors_free/32x32/Interiors_free_32x32_111.asset
  importAddress: Guid(a00e7fe73d234cb4ead99f8b566cfb22) Importer(2089858483,b0f066a214c2f5e87bad3c948f4d605d)
Start importing Assets/Modern tiles_Free/Interiors_free/32x32/Interiors_free_32x32_111.asset using Guid(a00e7fe73d234cb4ead99f8b566cfb22) Importer(2089858483,b0f066a214c2f5e87bad3c948f4d605d) (ScriptedImporter) -> (Import Result ID: '5aedf5c2c5ed6940a56523a9c9605c56') in 0.0089183 seconds [static and dynamic dependencies]. Details - ImportResultOutputID=f330f0246f1645a890f5226162b1fbbe DependenciesID=953a60d166d8b10132ddba7992099754 StaticDependenciesID=7327bbb0b11f2984120ca3ee9677073a 
Number of updated asset objects reloaded before import = 0Number of asset objects unloaded after import = 2

========================================================================
Received Import Request.
  Time since last request: 0.000016 seconds.
  path: Assets/Modern tiles_Free/Interiors_free/32x32/Interiors_free_32x32_621.asset
  importAddress: Guid(7294498b37d26e641b820902cd8cf60e) Importer(2089858483,b0f066a214c2f5e87bad3c948f4d605d)
Start importing Assets/Modern tiles_Free/Interiors_free/32x32/Interiors_free_32x32_621.asset using Guid(7294498b37d26e641b820902cd8cf60e) Importer(2089858483,b0f066a214c2f5e87bad3c948f4d605d) (ScriptedImporter) -> (Import Result ID: 'c483555b2298d8aa6a25fa7a4a0de13c') in 0.0086649 seconds [static and dynamic dependencies]. Details - ImportResultOutputID=ba1dace8ce8fe4068d39bde6bc9043f7 DependenciesID=c13df2f1a940948ba0aa8e50f3107ad9 StaticDependenciesID=ca200e45e7b2d3336fbb90c47db52696 
Number of updated asset objects reloaded before import = 0Number of asset objects unloaded after import = 2

========================================================================
Received Import Request.
  Time since last request: 0.000023 seconds.
  path: Assets/Modern tiles_Free/Interiors_free/32x32/Interiors_free_32x32_259.asset
  importAddress: Guid(967edae0ee0fad84fa6174ae66a63ed6) Importer(2089858483,b0f066a214c2f5e87bad3c948f4d605d)
Start importing Assets/Modern tiles_Free/Interiors_free/32x32/Interiors_free_32x32_259.asset using Guid(967edae0ee0fad84fa6174ae66a63ed6) Importer(2089858483,b0f066a214c2f5e87bad3c948f4d605d) (ScriptedImporter) -> (Import Result ID: '973aa90181194ba2ddf0f5c52b47eef7') in 0.0089275 seconds [static and dynamic dependencies]. Details - ImportResultOutputID=cc4139d44caa76a81264be55f2622f78 DependenciesID=93e024afb0c63183f21b5c403c8133df StaticDependenciesID=28a16cf1ebf0716ccd51f7f971df67bd 
Number of updated asset objects reloaded before import = 0Number of asset objects unloaded after import = 2

========================================================================
Received Import Request.
  Time since last request: 0.000015 seconds.
  path: Assets/Modern tiles_Free/Interiors_free/32x32/Interiors_free_32x32_119.asset
  importAddress: Guid(a2c66a84d33f4d74d9ba3d360903783a) Importer(2089858483,b0f066a214c2f5e87bad3c948f4d605d)
Start importing Assets/Modern tiles_Free/Interiors_free/32x32/Interiors_free_32x32_119.asset using Guid(a2c66a84d33f4d74d9ba3d360903783a) Importer(2089858483,b0f066a214c2f5e87bad3c948f4d605d) (ScriptedImporter) -> (Import Result ID: '724290d923d432ca56153c27948de83a') in 0.0087427 seconds [static and dynamic dependencies]. Details - ImportResultOutputID=7bde791a5f87bda6738859c5fdc0dcf7 DependenciesID=d97c3919e0764e5e8d92eca8cab5027a StaticDependenciesID=ce60098cb94119882a9f2fa03646055a 
Number of updated asset objects reloaded before import = 0Number of asset objects unloaded after import = 2

========================================================================
Received Import Request.
  Time since last request: 0.000021 seconds.
  path: Assets/Modern tiles_Free/Interiors_free/32x32/Interiors_free_32x32_1101.asset
  importAddress: Guid(9b8ed69f0cef8e04badf95479b2de63f) Importer(2089858483,b0f066a214c2f5e87bad3c948f4d605d)
Start importing Assets/Modern tiles_Free/Interiors_free/32x32/Interiors_free_32x32_1101.asset using Guid(9b8ed69f0cef8e04badf95479b2de63f) Importer(2089858483,b0f066a214c2f5e87bad3c948f4d605d) (ScriptedImporter) -> (Import Result ID: 'f7130945f299f215127362ccd815aaab') in 0.0090139 seconds [static and dynamic dependencies]. Details - ImportResultOutputID=3d45d00af60c81e75b99c17d1b640575 DependenciesID=f72b9a87082e21b0aac494b114afb90f StaticDependenciesID=2d09f5afe093f5a1a26b64eb33911123 
Number of updated asset objects reloaded before import = 0Number of asset objects unloaded after import = 2

========================================================================
Received Import Request.
  Time since last request: 0.000017 seconds.
  path: Assets/Modern tiles_Free/Interiors_free/32x32/Interiors_free_32x32_201.asset
  importAddress: Guid(3b49c16c0182cd4438b91e8555c2ee9b) Importer(2089858483,b0f066a214c2f5e87bad3c948f4d605d)
Start importing Assets/Modern tiles_Free/Interiors_free/32x32/Interiors_free_32x32_201.asset using Guid(3b49c16c0182cd4438b91e8555c2ee9b) Importer(2089858483,b0f066a214c2f5e87bad3c948f4d605d) (ScriptedImporter) -> (Import Result ID: '126806470962c01ace568b8bfac57aac') in 0.0093517 seconds [static and dynamic dependencies]. Details - ImportResultOutputID=b0534e907386b96c059a1e0e5833b70d DependenciesID=1949de7a00ea41ae700216415e82e354 StaticDependenciesID=2454edcd80805aa9dc545525204e5db9 
Number of updated asset objects reloaded before import = 0Number of asset objects unloaded after import = 2

========================================================================
Received Import Request.
  Time since last request: 0.000018 seconds.
  path: Assets/Modern tiles_Free/Interiors_free/32x32/Interiors_free_32x32_523.asset
  importAddress: Guid(fe98ed5d1e88e454eb44a1486f895f45) Importer(2089858483,b0f066a214c2f5e87bad3c948f4d605d)
Start importing Assets/Modern tiles_Free/Interiors_free/32x32/Interiors_free_32x32_523.asset using Guid(fe98ed5d1e88e454eb44a1486f895f45) Importer(2089858483,b0f066a214c2f5e87bad3c948f4d605d) (ScriptedImporter) -> (Import Result ID: '3213dbeb06dc3a804dbd769ad9061fa1') in 0.0085195 seconds [static and dynamic dependencies]. Details - ImportResultOutputID=cce38c6e30f3f4cc6e5efcc166ec5040 DependenciesID=a75eae0322753dc90aec4d997f884154 StaticDependenciesID=3d53c2fe42d8d41eff0ee896fbcda5df 
Number of updated asset objects reloaded before import = 0Number of asset objects unloaded after import = 2

========================================================================
Received Import Request.
  Time since last request: 0.000023 seconds.
  path: Assets/Modern tiles_Free/Interiors_free/32x32/Interiors_free_32x32_5.asset
  importAddress: Guid(ef89dfa62e03abc4f9650dbecf70a6f2) Importer(2089858483,b0f066a214c2f5e87bad3c948f4d605d)
Start importing Assets/Modern tiles_Free/Interiors_free/32x32/Interiors_free_32x32_5.asset using Guid(ef89dfa62e03abc4f9650dbecf70a6f2) Importer(2089858483,b0f066a214c2f5e87bad3c948f4d605d) (ScriptedImporter) -> (Import Result ID: 'dcfae1d1911dbb65c781586ffd878ec4') in 0.0086536 seconds [static and dynamic dependencies]. Details - ImportResultOutputID=c98bf2080da946a7188857dbf79f00ec DependenciesID=68d9b73a50395963abd6b4591898da1b StaticDependenciesID=ad38e482847721d003823d8954402255 
Number of updated asset objects reloaded before import = 0Number of asset objects unloaded after import = 2

========================================================================
Received Import Request.
  Time since last request: 0.000018 seconds.
  path: Assets/Modern tiles_Free/Interiors_free/32x32/Interiors_free_32x32_791.asset
  importAddress: Guid(c3354670cc136fa408eac67b5888248c) Importer(2089858483,b0f066a214c2f5e87bad3c948f4d605d)
Start importing Assets/Modern tiles_Free/Interiors_free/32x32/Interiors_free_32x32_791.asset using Guid(c3354670cc136fa408eac67b5888248c) Importer(2089858483,b0f066a214c2f5e87bad3c948f4d605d) (ScriptedImporter) -> (Import Result ID: '6799325b7aae94bc5c6403ee4b9c018e') in 0.0093502 seconds [static and dynamic dependencies]. Details - ImportResultOutputID=fe546aefec24fa453a2df9de4b9b59e9 DependenciesID=de18545ca84d07fc6242891ee91b1278 StaticDependenciesID=680893edc1e891f95304849fc30be15b 
Number of updated asset objects reloaded before import = 0Number of asset objects unloaded after import = 2

========================================================================
Received Import Request.
  Time since last request: 0.000016 seconds.
  path: Assets/Modern tiles_Free/Interiors_free/32x32/Interiors_free_32x32_138.asset
  importAddress: Guid(e4de68a348045d04da6496aa8a42fd4d) Importer(2089858483,b0f066a214c2f5e87bad3c948f4d605d)
Start importing Assets/Modern tiles_Free/Interiors_free/32x32/Interiors_free_32x32_138.asset using Guid(e4de68a348045d04da6496aa8a42fd4d) Importer(2089858483,b0f066a214c2f5e87bad3c948f4d605d) (ScriptedImporter) -> (Import Result ID: 'e73a4f417566fa3d56ba11ccbec5267b') in 0.0088359 seconds [static and dynamic dependencies]. Details - ImportResultOutputID=e1b3cb8200de30c88d703e09f5f1e772 DependenciesID=b2de4d1be702ab0074e966fcbdf8162f StaticDependenciesID=fbf28ed4eda8c07c8f3f2cd494b88b81 
Number of updated asset objects reloaded before import = 0Number of asset objects unloaded after import = 2

========================================================================
Received Import Request.
  Time since last request: 0.687784 seconds.
  path: Assets/Modern tiles_Free/Interiors_free/32x32/Interiors_free_32x32_811.asset
  importAddress: Guid(0c1ef6b3cc430f24a8150092999a242c) Importer(2089858483,b0f066a214c2f5e87bad3c948f4d605d)
Start importing Assets/Modern tiles_Free/Interiors_free/32x32/Interiors_free_32x32_811.asset using Guid(0c1ef6b3cc430f24a8150092999a242c) Importer(2089858483,b0f066a214c2f5e87bad3c948f4d605d) (ScriptedImporter) -> (Import Result ID: '2aa4b6e0719a4a2e5ac805f8c98e5513') in 0.0087478 seconds [static and dynamic dependencies]. Details - ImportResultOutputID=7dc7ab5ee76f80d94a54ac46ab19f95f DependenciesID=daddeb6e7827624f170b870319b6540a StaticDependenciesID=3610c5f249b45320e62128eb93a5031d 
Number of updated asset objects reloaded before import = 0Number of asset objects unloaded after import = 2

========================================================================
Received Import Request.
  Time since last request: 0.000017 seconds.
  path: Assets/Modern tiles_Free/Interiors_free/32x32/Interiors_free_32x32_687.asset
  importAddress: Guid(e113dc3f33c584d4abb4bda87d49219b) Importer(2089858483,b0f066a214c2f5e87bad3c948f4d605d)
Start importing Assets/Modern tiles_Free/Interiors_free/32x32/Interiors_free_32x32_687.asset using Guid(e113dc3f33c584d4abb4bda87d49219b) Importer(2089858483,b0f066a214c2f5e87bad3c948f4d605d) (ScriptedImporter) -> (Import Result ID: 'babe85a96cbefda1ff83c1649b14c368') in 0.0085195 seconds [static and dynamic dependencies]. Details - ImportResultOutputID=2a35b9b07b028b477966c42b12c3ea86 DependenciesID=b3944cdbaf5819089b72dbf007467e86 StaticDependenciesID=0c4ae95c5bc8c9e27e6885ca6bed9fa6 
Number of updated asset objects reloaded before import = 0Number of asset objects unloaded after import = 2

========================================================================
Received Import Request.
  Time since last request: 0.000026 seconds.
  path: Assets/Modern tiles_Free/Interiors_free/32x32/Interiors_free_32x32_599.asset
  importAddress: Guid(e059a3d707127504e9a1061d4b6f4d26) Importer(2089858483,b0f066a214c2f5e87bad3c948f4d605d)
Start importing Assets/Modern tiles_Free/Interiors_free/32x32/Interiors_free_32x32_599.asset using Guid(e059a3d707127504e9a1061d4b6f4d26) Importer(2089858483,b0f066a214c2f5e87bad3c948f4d605d) (ScriptedImporter) -> (Import Result ID: '63160b93e68de5d379f726add02046f2') in 0.0083026 seconds [static and dynamic dependencies]. Details - ImportResultOutputID=69b0d4b34c2bb2bb611f27e08bb9954e DependenciesID=ae0e77f91e138825d002388eb5ba1798 StaticDependenciesID=ba09e8454d9d9af7d0fff2f249d3192a 
Number of updated asset objects reloaded before import = 0Number of asset objects unloaded after import = 2

========================================================================
Received Import Request.
  Time since last request: 0.000017 seconds.
  path: Assets/Modern tiles_Free/Interiors_free/32x32/Interiors_free_32x32_867.asset
  importAddress: Guid(3d94b4e708c48dc449691283ca8c1c47) Importer(2089858483,b0f066a214c2f5e87bad3c948f4d605d)
Start importing Assets/Modern tiles_Free/Interiors_free/32x32/Interiors_free_32x32_867.asset using Guid(3d94b4e708c48dc449691283ca8c1c47) Importer(2089858483,b0f066a214c2f5e87bad3c948f4d605d) (ScriptedImporter) -> (Import Result ID: 'c6f4bafd8bca5d925cf82842e77fc3ff') in 0.0092238 seconds [static and dynamic dependencies]. Details - ImportResultOutputID=c5182cb26b3e8a9767126715361a8043 DependenciesID=01507ab4f6bec56e30d6eabfbc1488f1 StaticDependenciesID=3de1f950d883d9b22b274e33467fc639 
Number of updated asset objects reloaded before import = 0Number of asset objects unloaded after import = 2

========================================================================
Received Import Request.
  Time since last request: 0.000015 seconds.
  path: Assets/Modern tiles_Free/Interiors_free/32x32/Interiors_free_32x32_51.asset
  importAddress: Guid(ab38d90b5450a6741868e675271092d2) Importer(2089858483,b0f066a214c2f5e87bad3c948f4d605d)
Start importing Assets/Modern tiles_Free/Interiors_free/32x32/Interiors_free_32x32_51.asset using Guid(ab38d90b5450a6741868e675271092d2) Importer(2089858483,b0f066a214c2f5e87bad3c948f4d605d) (ScriptedImporter) -> (Import Result ID: '2859d8490e50afb9bb1226ce47bd7a3d') in 0.0086439 seconds [static and dynamic dependencies]. Details - ImportResultOutputID=fcc5b78bb401d872f7f66911eb954ea5 DependenciesID=afa548e9621a6851f8600e5a08676148 StaticDependenciesID=3fb73891792f1c834c7232649b4095a8 
Number of updated asset objects reloaded before import = 0Number of asset objects unloaded after import = 2

========================================================================
Received Import Request.
  Time since last request: 0.000017 seconds.
  path: Assets/Modern tiles_Free/Interiors_free/32x32/Interiors_free_32x32_352.asset
  importAddress: Guid(0d2d5de6f2416ad4ab0cc68cdf237887) Importer(2089858483,b0f066a214c2f5e87bad3c948f4d605d)
Start importing Assets/Modern tiles_Free/Interiors_free/32x32/Interiors_free_32x32_352.asset using Guid(0d2d5de6f2416ad4ab0cc68cdf237887) Importer(2089858483,b0f066a214c2f5e87bad3c948f4d605d) (ScriptedImporter) -> (Import Result ID: 'a0e80e2d89108a64c865def0ae3b368b') in 0.0264636 seconds [static and dynamic dependencies]. Details - ImportResultOutputID=326d3a23891281366bd12f3c6530da29 DependenciesID=a688ab87bf65055bec0a8878c92b2109 StaticDependenciesID=30bc1169bdf6ee110d0630a83c121d1d 
Number of updated asset objects reloaded before import = 0Number of asset objects unloaded after import = 2

========================================================================
Received Import Request.
  Time since last request: 0.000021 seconds.
  path: Assets/Modern tiles_Free/Interiors_free/32x32/Interiors_free_32x32_650.asset
  importAddress: Guid(2a849604a5f5530479bbb9c73b4526a0) Importer(2089858483,b0f066a214c2f5e87bad3c948f4d605d)
Start importing Assets/Modern tiles_Free/Interiors_free/32x32/Interiors_free_32x32_650.asset using Guid(2a849604a5f5530479bbb9c73b4526a0) Importer(2089858483,b0f066a214c2f5e87bad3c948f4d605d) (ScriptedImporter) -> (Import Result ID: 'c2b5251f4ca881cd2c4cea07dd2b8781') in 0.0081435 seconds [static and dynamic dependencies]. Details - ImportResultOutputID=e2fa461d9137264d25aab1ec03eb9194 DependenciesID=f19811aecdcb0ef722ab564bb0bac049 StaticDependenciesID=e9c894739102245548bfcf83d27ce182 
Number of updated asset objects reloaded before import = 0Number of asset objects unloaded after import = 2

========================================================================
Received Import Request.
  Time since last request: 0.000022 seconds.
  path: Assets/Modern tiles_Free/Interiors_free/32x32/Interiors_free_32x32_1171.asset
  importAddress: Guid(30ffd6a16b34e74479bc8947baa0b226) Importer(2089858483,b0f066a214c2f5e87bad3c948f4d605d)
Start importing Assets/Modern tiles_Free/Interiors_free/32x32/Interiors_free_32x32_1171.asset using Guid(30ffd6a16b34e74479bc8947baa0b226) Importer(2089858483,b0f066a214c2f5e87bad3c948f4d605d) (ScriptedImporter) -> (Import Result ID: '832495b64bdea14f946eeee1fb5297ec') in 0.0202974 seconds [static and dynamic dependencies]. Details - ImportResultOutputID=7eac3b6f8132e558931e1546095401d7 DependenciesID=b69739e98581b075ebb7ebedff00f24e StaticDependenciesID=b682d757f777b53c7f712ab798e5dcda 
Number of updated asset objects reloaded before import = 0Number of asset objects unloaded after import = 2

========================================================================
Received Import Request.
  Time since last request: 0.000018 seconds.
  path: Assets/Modern tiles_Free/Interiors_free/32x32/Interiors_free_32x32_238.asset
  importAddress: Guid(5160b670e790f77409d3367fbfeb0075) Importer(2089858483,b0f066a214c2f5e87bad3c948f4d605d)
Start importing Assets/Modern tiles_Free/Interiors_free/32x32/Interiors_free_32x32_238.asset using Guid(5160b670e790f77409d3367fbfeb0075) Importer(2089858483,b0f066a214c2f5e87bad3c948f4d605d) (ScriptedImporter) -> (Import Result ID: '29f8ac929eba050a8fb5ce56458107e5') in 0.0091124 seconds [static and dynamic dependencies]. Details - ImportResultOutputID=4efc2f4a7e34f81003cf41840ca8f64f DependenciesID=c20934dda1218bbfcbf77c9ba937e0de StaticDependenciesID=4865c4fa836ef3b89dbfb2f895a2d7e6 
Number of updated asset objects reloaded before import = 0Number of asset objects unloaded after import = 2

========================================================================
Received Import Request.
  Time since last request: 0.000021 seconds.
  path: Assets/Modern tiles_Free/Interiors_free/32x32/Interiors_free_32x32_497.asset
  importAddress: Guid(c9fee52f6c00f714ea0b1e992d0eb207) Importer(2089858483,b0f066a214c2f5e87bad3c948f4d605d)
Start importing Assets/Modern tiles_Free/Interiors_free/32x32/Interiors_free_32x32_497.asset using Guid(c9fee52f6c00f714ea0b1e992d0eb207) Importer(2089858483,b0f066a214c2f5e87bad3c948f4d605d) (ScriptedImporter) -> (Import Result ID: 'a2ddf1fc7c88c15931f7fee4b92c83f0') in 0.0083922 seconds [static and dynamic dependencies]. Details - ImportResultOutputID=a5b68ffcd7440b842dfb4c6358c35d02 DependenciesID=f829c1de04da424325fee6651f7dd5cf StaticDependenciesID=de1d7f38fa96bdbd2319639888b8cefd 
Number of updated asset objects reloaded before import = 0Number of asset objects unloaded after import = 2

========================================================================
Received Import Request.
  Time since last request: 0.000017 seconds.
  path: Assets/Modern tiles_Free/Interiors_free/32x32/Interiors_free_32x32_469.asset
  importAddress: Guid(9d9cf9469aae40546ae948be40de863a) Importer(2089858483,b0f066a214c2f5e87bad3c948f4d605d)
Start importing Assets/Modern tiles_Free/Interiors_free/32x32/Interiors_free_32x32_469.asset using Guid(9d9cf9469aae40546ae948be40de863a) Importer(2089858483,b0f066a214c2f5e87bad3c948f4d605d) (ScriptedImporter) -> (Import Result ID: '15aa529dde0d26e9b409a08492cd2ad3') in 0.008861 seconds [static and dynamic dependencies]. Details - ImportResultOutputID=1d6d995b124acc86a59f5b42847b9652 DependenciesID=67a93f234a661cd6dd2672f8d5e48eb8 StaticDependenciesID=d20e5b764e17bc3cf01a17324473928f 
Number of updated asset objects reloaded before import = 0Number of asset objects unloaded after import = 2

========================================================================
Received Import Request.
  Time since last request: 0.000017 seconds.
  path: Assets/Modern tiles_Free/Interiors_free/32x32/Interiors_free_32x32_553.asset
  importAddress: Guid(27baacc09a5a15f48941cefca87d0b9e) Importer(2089858483,b0f066a214c2f5e87bad3c948f4d605d)
Start importing Assets/Modern tiles_Free/Interiors_free/32x32/Interiors_free_32x32_553.asset using Guid(27baacc09a5a15f48941cefca87d0b9e) Importer(2089858483,b0f066a214c2f5e87bad3c948f4d605d) (ScriptedImporter) -> (Import Result ID: '8707acc77a820e9b27769b3ba3281131') in 0.0080329 seconds [static and dynamic dependencies]. Details - ImportResultOutputID=dd3a18486236e53fb5ecb629482c5944 DependenciesID=ac333f66635479040b2b49381b82d0f1 StaticDependenciesID=a9e8f95873a7e9a674066640bc584e40 
Number of updated asset objects reloaded before import = 0Number of asset objects unloaded after import = 2

========================================================================
Received Import Request.
  Time since last request: 0.000017 seconds.
  path: Assets/Modern tiles_Free/Interiors_free/32x32/Interiors_free_32x32_304.asset
  importAddress: Guid(4aa7b511e5e2e8049994b4957c895f91) Importer(2089858483,b0f066a214c2f5e87bad3c948f4d605d)
Start importing Assets/Modern tiles_Free/Interiors_free/32x32/Interiors_free_32x32_304.asset using Guid(4aa7b511e5e2e8049994b4957c895f91) Importer(2089858483,b0f066a214c2f5e87bad3c948f4d605d) (ScriptedImporter) -> (Import Result ID: '6d5940564b601b85b8b2adb1da0e54c7') in 0.0087969 seconds [static and dynamic dependencies]. Details - ImportResultOutputID=5609519e3175fe2a1243c57d9941ef8c DependenciesID=a2e67f5a8d05877d7a4a547c65db8674 StaticDependenciesID=164d02468770922d1b82e67e7cb6bafb 
Number of updated asset objects reloaded before import = 0Number of asset objects unloaded after import = 2

========================================================================
Received Import Request.
  Time since last request: 0.000016 seconds.
  path: Assets/Modern tiles_Free/Interiors_free/32x32/Interiors_free_32x32_1214.asset
  importAddress: Guid(2431558c9f63c3344ba34dcfc645458d) Importer(2089858483,b0f066a214c2f5e87bad3c948f4d605d)
Start importing Assets/Modern tiles_Free/Interiors_free/32x32/Interiors_free_32x32_1214.asset using Guid(2431558c9f63c3344ba34dcfc645458d) Importer(2089858483,b0f066a214c2f5e87bad3c948f4d605d) (ScriptedImporter) -> (Import Result ID: 'e25a2e6d5e7cc55e5620860ded7148a8') in 0.008058 seconds [static and dynamic dependencies]. Details - ImportResultOutputID=220b8e1ca8b17615e1d805de11cc0f2f DependenciesID=7b08cd8f029e3634777238db6fdc6c52 StaticDependenciesID=08b30ac544020f33b1525b8eb6ddcf85 
Number of updated asset objects reloaded before import = 0Number of asset objects unloaded after import = 2

========================================================================
Received Import Request.
  Time since last request: 0.000013 seconds.
  path: Assets/Modern tiles_Free/Interiors_free/32x32/Interiors_free_32x32_804.asset
  importAddress: Guid(5a5406e1216ceed45a5e203eeca23eaf) Importer(2089858483,b0f066a214c2f5e87bad3c948f4d605d)
Start importing Assets/Modern tiles_Free/Interiors_free/32x32/Interiors_free_32x32_804.asset using Guid(5a5406e1216ceed45a5e203eeca23eaf) Importer(2089858483,b0f066a214c2f5e87bad3c948f4d605d) (ScriptedImporter) -> (Import Result ID: 'db5899f1bf1630f913f29388ccb99365') in 0.0088161 seconds [static and dynamic dependencies]. Details - ImportResultOutputID=cb7eac96d55734056050db2e5ca690d2 DependenciesID=2ff046e2859fb750492d8d84111588c7 StaticDependenciesID=99daa6fa2c7d32b10451500dd9d8d8bd 
Number of updated asset objects reloaded before import = 0Number of asset objects unloaded after import = 2

========================================================================
Received Import Request.
  Time since last request: 0.000020 seconds.
  path: Assets/Modern tiles_Free/Interiors_free/32x32/Interiors_free_32x32_655.asset
  importAddress: Guid(281aa2940c2f02544a9505eb939e5df1) Importer(2089858483,b0f066a214c2f5e87bad3c948f4d605d)
Start importing Assets/Modern tiles_Free/Interiors_free/32x32/Interiors_free_32x32_655.asset using Guid(281aa2940c2f02544a9505eb939e5df1) Importer(2089858483,b0f066a214c2f5e87bad3c948f4d605d) (ScriptedImporter) -> (Import Result ID: '5dd623cba0eabf2d31345e9e41d76931') in 0.00848 seconds [static and dynamic dependencies]. Details - ImportResultOutputID=bb28fd2043b68562de8e28d15577400c DependenciesID=68b22bad67d08aedee9adbc34c0ff80a StaticDependenciesID=04808bf9ec674ba3dc316e0a06f10d62 
Number of updated asset objects reloaded before import = 0Number of asset objects unloaded after import = 2

========================================================================
Received Import Request.
  Time since last request: 0.000016 seconds.
  path: Assets/Modern tiles_Free/Interiors_free/32x32/Interiors_free_32x32_1113.asset
  importAddress: Guid(c32a19f9f6f7952429f7cdf64984cdbd) Importer(2089858483,b0f066a214c2f5e87bad3c948f4d605d)
Start importing Assets/Modern tiles_Free/Interiors_free/32x32/Interiors_free_32x32_1113.asset using Guid(c32a19f9f6f7952429f7cdf64984cdbd) Importer(2089858483,b0f066a214c2f5e87bad3c948f4d605d) (ScriptedImporter) -> (Import Result ID: '17adfd9bd11b6c6e1744adfdcb8cd1ec') in 0.0088583 seconds [static and dynamic dependencies]. Details - ImportResultOutputID=09adbfdccb8d8420edc80124d1074dbb DependenciesID=f10f6c59c55aca25d6ab198e7af933cc StaticDependenciesID=c8233ad57e8cb7faa0de3fab04082aed 
Number of updated asset objects reloaded before import = 0Number of asset objects unloaded after import = 2

========================================================================
Received Import Request.
  Time since last request: 0.000017 seconds.
  path: Assets/Modern tiles_Free/Interiors_free/32x32/Interiors_free_32x32_115.asset
  importAddress: Guid(40d71f59919d0b44291bab503d749443) Importer(2089858483,b0f066a214c2f5e87bad3c948f4d605d)
Start importing Assets/Modern tiles_Free/Interiors_free/32x32/Interiors_free_32x32_115.asset using Guid(40d71f59919d0b44291bab503d749443) Importer(2089858483,b0f066a214c2f5e87bad3c948f4d605d) (ScriptedImporter) -> (Import Result ID: '2cfa1b27d2caeffd9d8f63213f06b4b8') in 0.0089793 seconds [static and dynamic dependencies]. Details - ImportResultOutputID=9146d7d437fda5c782e71a7dd36e5be4 DependenciesID=694fc336610cf9886c03a3277cef1466 StaticDependenciesID=532b651d45aab7e348401edf26b8dca2 
Number of updated asset objects reloaded before import = 0Number of asset objects unloaded after import = 2

========================================================================
Received Import Request.
  Time since last request: 0.000015 seconds.
  path: Assets/Modern tiles_Free/Interiors_free/32x32/Interiors_free_32x32_972.asset
  importAddress: Guid(0d7e0048f99aacb49b893fa5935b4855) Importer(2089858483,b0f066a214c2f5e87bad3c948f4d605d)
Start importing Assets/Modern tiles_Free/Interiors_free/32x32/Interiors_free_32x32_972.asset using Guid(0d7e0048f99aacb49b893fa5935b4855) Importer(2089858483,b0f066a214c2f5e87bad3c948f4d605d) (ScriptedImporter) -> (Import Result ID: '2cfbfb0116ac065247f439817605a652') in 0.0087361 seconds [static and dynamic dependencies]. Details - ImportResultOutputID=1a58636c0a358e4176a657d56ba84cbe DependenciesID=9831660633dcd4af3915957b23877fc8 StaticDependenciesID=614ebbc3827a263fbf202fb8bf3715b6 
Number of updated asset objects reloaded before import = 0Number of asset objects unloaded after import = 2

========================================================================
Received Import Request.
  Time since last request: 0.000016 seconds.
  path: Assets/Modern tiles_Free/Interiors_free/32x32/Interiors_free_32x32_332.asset
  importAddress: Guid(654b5f6e6f58e3d4690ef12b391c3c5a) Importer(2089858483,b0f066a214c2f5e87bad3c948f4d605d)
Start importing Assets/Modern tiles_Free/Interiors_free/32x32/Interiors_free_32x32_332.asset using Guid(654b5f6e6f58e3d4690ef12b391c3c5a) Importer(2089858483,b0f066a214c2f5e87bad3c948f4d605d) (ScriptedImporter) -> (Import Result ID: '9145ee635ed85d044e792497fb5606bd') in 0.0090076 seconds [static and dynamic dependencies]. Details - ImportResultOutputID=2297e322e2a14f27835272bdf892c9d9 DependenciesID=63543e8818f5e818107cdc2167f84318 StaticDependenciesID=597186b902b6a116396969664da8ea09 
Number of updated asset objects reloaded before import = 0Number of asset objects unloaded after import = 2

========================================================================
Received Import Request.
  Time since last request: 0.000017 seconds.
  path: Assets/Modern tiles_Free/Interiors_free/32x32/Interiors_free_32x32_1132.asset
  importAddress: Guid(522261409487a9a429cb063afd794afa) Importer(2089858483,b0f066a214c2f5e87bad3c948f4d605d)
Start importing Assets/Modern tiles_Free/Interiors_free/32x32/Interiors_free_32x32_1132.asset using Guid(522261409487a9a429cb063afd794afa) Importer(2089858483,b0f066a214c2f5e87bad3c948f4d605d) (ScriptedImporter) -> (Import Result ID: '753db9e087cbf44659b8b09f7e34fa22') in 0.007904 seconds [static and dynamic dependencies]. Details - ImportResultOutputID=5652acd10f4ebcc7eaf2871196fd3e63 DependenciesID=565e10c60f7261f892d77f751d7e503a StaticDependenciesID=c73486ce043c0c5cf7c6147f727b8285 
Number of updated asset objects reloaded before import = 0Number of asset objects unloaded after import = 2

========================================================================
Received Import Request.
  Time since last request: 0.000016 seconds.
  path: Assets/Modern tiles_Free/Interiors_free/32x32/Interiors_free_32x32_302.asset
  importAddress: Guid(91e5768af205fc144984b477edc46da7) Importer(2089858483,b0f066a214c2f5e87bad3c948f4d605d)
Start importing Assets/Modern tiles_Free/Interiors_free/32x32/Interiors_free_32x32_302.asset using Guid(91e5768af205fc144984b477edc46da7) Importer(2089858483,b0f066a214c2f5e87bad3c948f4d605d) (ScriptedImporter) -> (Import Result ID: '1a31d48b5b770d93c8199684615c7052') in 0.0091737 seconds [static and dynamic dependencies]. Details - ImportResultOutputID=f803c89da2e2e785f9215cef2473ffef DependenciesID=37226be00c897e378a1647284adfe186 StaticDependenciesID=603cedb56113c6d6e9c502cd8bd06028 
Number of updated asset objects reloaded before import = 0Number of asset objects unloaded after import = 2

========================================================================
Received Import Request.
  Time since last request: 0.000014 seconds.
  path: Assets/Modern tiles_Free/Interiors_free/32x32/Interiors_free_32x32_186.asset
  importAddress: Guid(8b0646dd7dc9d0044aa88b1f0ae8f0e8) Importer(2089858483,b0f066a214c2f5e87bad3c948f4d605d)
Start importing Assets/Modern tiles_Free/Interiors_free/32x32/Interiors_free_32x32_186.asset using Guid(8b0646dd7dc9d0044aa88b1f0ae8f0e8) Importer(2089858483,b0f066a214c2f5e87bad3c948f4d605d) (ScriptedImporter) -> (Import Result ID: '96d99c003f0b6226658a397e3d147c9b') in 0.0080353 seconds [static and dynamic dependencies]. Details - ImportResultOutputID=426f341435f00475e1a6e7d9fe6f452c DependenciesID=25a1362b479b8372fa95d28304b54b6a StaticDependenciesID=cc7c140ca524fa899a256fc1267d10a5 
Number of updated asset objects reloaded before import = 0Number of asset objects unloaded after import = 2

========================================================================
Received Import Request.
  Time since last request: 0.000018 seconds.
  path: Assets/Modern tiles_Free/Interiors_free/32x32/Interiors_free_32x32_615.asset
  importAddress: Guid(75ff971c8cd115a4989fb3a56cbb0af1) Importer(2089858483,b0f066a214c2f5e87bad3c948f4d605d)
Start importing Assets/Modern tiles_Free/Interiors_free/32x32/Interiors_free_32x32_615.asset using Guid(75ff971c8cd115a4989fb3a56cbb0af1) Importer(2089858483,b0f066a214c2f5e87bad3c948f4d605d) (ScriptedImporter) -> (Import Result ID: 'c04fd30b04fedd65e764c3a080d5c456') in 0.0092105 seconds [static and dynamic dependencies]. Details - ImportResultOutputID=f04512e8526a99de1b5b3867d00ce22b DependenciesID=15fb66556244030e7bb07f3c4554ae84 StaticDependenciesID=c33ea08b6df218b6d266d6fa5376714c 
Number of updated asset objects reloaded before import = 0Number of asset objects unloaded after import = 2

========================================================================
Received Import Request.
  Time since last request: 0.000017 seconds.
  path: Assets/Modern tiles_Free/Interiors_free/32x32/Interiors_free_32x32_905.asset
  importAddress: Guid(dfb3dd88104911140a094a2455eba5cb) Importer(2089858483,b0f066a214c2f5e87bad3c948f4d605d)
Start importing Assets/Modern tiles_Free/Interiors_free/32x32/Interiors_free_32x32_905.asset using Guid(dfb3dd88104911140a094a2455eba5cb) Importer(2089858483,b0f066a214c2f5e87bad3c948f4d605d) (ScriptedImporter) -> (Import Result ID: '5f4bfdd65a4b0af433474dd6aff56e17') in 0.0081051 seconds [static and dynamic dependencies]. Details - ImportResultOutputID=4726c7fb9d360f01b16e4c6c6f6237f6 DependenciesID=cb510d5e0a117f1beb761e03fb2f406e StaticDependenciesID=64e2019112c4baa27cb920c4d9f9d384 
Number of updated asset objects reloaded before import = 0Number of asset objects unloaded after import = 2

========================================================================
Received Import Request.
  Time since last request: 0.000014 seconds.
  path: Assets/Modern tiles_Free/Interiors_free/32x32/Interiors_free_32x32_1157.asset
  importAddress: Guid(8e915d98167ffd640b09a1e8b5457173) Importer(2089858483,b0f066a214c2f5e87bad3c948f4d605d)
Start importing Assets/Modern tiles_Free/Interiors_free/32x32/Interiors_free_32x32_1157.asset using Guid(8e915d98167ffd640b09a1e8b5457173) Importer(2089858483,b0f066a214c2f5e87bad3c948f4d605d) (ScriptedImporter) -> (Import Result ID: '7c2ed74106793cfb6b4fd35b094a9e38') in 0.0091427 seconds [static and dynamic dependencies]. Details - ImportResultOutputID=99838c060b2fcc6fad5df849c9030646 DependenciesID=a2ce2a38b17043d5369b76290ce5487f StaticDependenciesID=e000f76b7d14dfb6ee9d71387649fc3d 
Number of updated asset objects reloaded before import = 0Number of asset objects unloaded after import = 2

========================================================================
Received Import Request.
  Time since last request: 0.000020 seconds.
  path: Assets/Modern tiles_Free/Interiors_free/32x32/Interiors_free_32x32_106.asset
  importAddress: Guid(1992145d51385454398964fffb6f7dc1) Importer(2089858483,b0f066a214c2f5e87bad3c948f4d605d)
Start importing Assets/Modern tiles_Free/Interiors_free/32x32/Interiors_free_32x32_106.asset using Guid(1992145d51385454398964fffb6f7dc1) Importer(2089858483,b0f066a214c2f5e87bad3c948f4d605d) (ScriptedImporter) -> (Import Result ID: '02b3fb4c7550c77bd2cc8a422e236442') in 0.0088714 seconds [static and dynamic dependencies]. Details - ImportResultOutputID=64c1546d4ea81ebdba4b0662c04feb42 DependenciesID=cbe2b9b3de8bb4db7671c03324a67bb5 StaticDependenciesID=09d2e28e4eeb503c1416ca894a298d6c 
Number of updated asset objects reloaded before import = 0Number of asset objects unloaded after import = 2

========================================================================
Received Import Request.
  Time since last request: 0.000015 seconds.
  path: Assets/Modern tiles_Free/Interiors_free/32x32/Interiors_free_32x32_565.asset
  importAddress: Guid(8251e9a539eeaf84791690f06b172f9c) Importer(2089858483,b0f066a214c2f5e87bad3c948f4d605d)
Start importing Assets/Modern tiles_Free/Interiors_free/32x32/Interiors_free_32x32_565.asset using Guid(8251e9a539eeaf84791690f06b172f9c) Importer(2089858483,b0f066a214c2f5e87bad3c948f4d605d) (ScriptedImporter) -> (Import Result ID: '3dd827be123cb3c3ff24e04900e18778') in 0.0093577 seconds [static and dynamic dependencies]. Details - ImportResultOutputID=aa0f838ac351a330d2e2caaa695288d6 DependenciesID=8d5d47960d529ce012b23dbdd63b6856 StaticDependenciesID=5dbcead84d528cd6fa6334b9bc3b7862 
Number of updated asset objects reloaded before import = 0Number of asset objects unloaded after import = 2

========================================================================
Received Import Request.
  Time since last request: 0.000017 seconds.
  path: Assets/Modern tiles_Free/Interiors_free/32x32/Interiors_free_32x32_737.asset
  importAddress: Guid(8e66c8bdcbe1b4a49b735311e49b4733) Importer(2089858483,b0f066a214c2f5e87bad3c948f4d605d)
Start importing Assets/Modern tiles_Free/Interiors_free/32x32/Interiors_free_32x32_737.asset using Guid(8e66c8bdcbe1b4a49b735311e49b4733) Importer(2089858483,b0f066a214c2f5e87bad3c948f4d605d) (ScriptedImporter) -> (Import Result ID: '81ea5060e5a08ab66e09b0e96541c176') in 0.0087767 seconds [static and dynamic dependencies]. Details - ImportResultOutputID=839d1ca9aa120af100c2c48c3a4b673c DependenciesID=4a5f97f541b6b003cd1fa198e18fa846 StaticDependenciesID=64b8a7fd3c4a46d0d3f03079337c91d1 
Number of updated asset objects reloaded before import = 0Number of asset objects unloaded after import = 2

========================================================================
Received Import Request.
  Time since last request: 0.000022 seconds.
  path: Assets/Modern tiles_Free/Interiors_free/32x32/Interiors_free_32x32_1007.asset
  importAddress: Guid(a904ec4a425add2428a0441b578b13dd) Importer(2089858483,b0f066a214c2f5e87bad3c948f4d605d)
Start importing Assets/Modern tiles_Free/Interiors_free/32x32/Interiors_free_32x32_1007.asset using Guid(a904ec4a425add2428a0441b578b13dd) Importer(2089858483,b0f066a214c2f5e87bad3c948f4d605d) (ScriptedImporter) -> (Import Result ID: '06c96c368fc32ad8a9f12f320cca76f4') in 0.0094376 seconds [static and dynamic dependencies]. Details - ImportResultOutputID=273b771ab4e59cadea96309f960a14c5 DependenciesID=15dbc0de46e4a13c5e9dcfc1b5cc8f1b StaticDependenciesID=0582b43b4e25ea4f5d897261fa235853 
Number of updated asset objects reloaded before import = 0Number of asset objects unloaded after import = 2

========================================================================
Received Import Request.
  Time since last request: 0.000016 seconds.
  path: Assets/Modern tiles_Free/Interiors_free/32x32/Interiors_free_32x32_128.asset
  importAddress: Guid(031b8efcac2dec74e91b8cf4068065c9) Importer(2089858483,b0f066a214c2f5e87bad3c948f4d605d)
Start importing Assets/Modern tiles_Free/Interiors_free/32x32/Interiors_free_32x32_128.asset using Guid(031b8efcac2dec74e91b8cf4068065c9) Importer(2089858483,b0f066a214c2f5e87bad3c948f4d605d) (ScriptedImporter) -> (Import Result ID: '60eff690949933927914499451b47836') in 0.0086269 seconds [static and dynamic dependencies]. Details - ImportResultOutputID=a44f6c2be7dd0e922ac65a8151ada226 DependenciesID=f87b60a165dcefb44174ccbf7f577dd1 StaticDependenciesID=6029a382e347ee4661523ea2b692c5a2 
Number of updated asset objects reloaded before import = 0Number of asset objects unloaded after import = 2

========================================================================
Received Import Request.
  Time since last request: 0.000016 seconds.
  path: Assets/Modern tiles_Free/Interiors_free/32x32/Interiors_free_32x32_974.asset
  importAddress: Guid(f115f3d74c349cb478773244aa60ce96) Importer(2089858483,b0f066a214c2f5e87bad3c948f4d605d)
Start importing Assets/Modern tiles_Free/Interiors_free/32x32/Interiors_free_32x32_974.asset using Guid(f115f3d74c349cb478773244aa60ce96) Importer(2089858483,b0f066a214c2f5e87bad3c948f4d605d) (ScriptedImporter) -> (Import Result ID: 'ca28cadc9442baa34885a5be13ae5531') in 0.0092505 seconds [static and dynamic dependencies]. Details - ImportResultOutputID=731abf21e39d6afea3129608102e8ca4 DependenciesID=03fa957b4a2f14e2d290cca8d8f0e270 StaticDependenciesID=29eac8a4713186d4d9e4fb3ea978d1e0 
Number of updated asset objects reloaded before import = 0Number of asset objects unloaded after import = 2

========================================================================
Received Import Request.
  Time since last request: 0.000014 seconds.
  path: Assets/Modern tiles_Free/Interiors_free/32x32/Interiors_free_32x32_730.asset
  importAddress: Guid(1fb6598f535ac0c4191c21106c484589) Importer(2089858483,b0f066a214c2f5e87bad3c948f4d605d)
Start importing Assets/Modern tiles_Free/Interiors_free/32x32/Interiors_free_32x32_730.asset using Guid(1fb6598f535ac0c4191c21106c484589) Importer(2089858483,b0f066a214c2f5e87bad3c948f4d605d) (ScriptedImporter) -> (Import Result ID: 'a4b4ef4a6c32816d2cb13caa7af3a646') in 0.0087156 seconds [static and dynamic dependencies]. Details - ImportResultOutputID=46f639e91e44a0163a988431b3cb4333 DependenciesID=f9d1aad4fbee30dab5df7265250c064f StaticDependenciesID=0a554f2ac4108144f9f1998728f51004 
Number of updated asset objects reloaded before import = 0Number of asset objects unloaded after import = 2

========================================================================
Received Import Request.
  Time since last request: 0.000015 seconds.
  path: Assets/Modern tiles_Free/Interiors_free/32x32/Interiors_free_32x32_450.asset
  importAddress: Guid(fb4146c5ce3df8b48a27154b5133db10) Importer(2089858483,b0f066a214c2f5e87bad3c948f4d605d)
Start importing Assets/Modern tiles_Free/Interiors_free/32x32/Interiors_free_32x32_450.asset using Guid(fb4146c5ce3df8b48a27154b5133db10) Importer(2089858483,b0f066a214c2f5e87bad3c948f4d605d) (ScriptedImporter) -> (Import Result ID: '0c216568fccc7b197cddc51ee88ecc67') in 0.0088663 seconds [static and dynamic dependencies]. Details - ImportResultOutputID=9babdfca39c85481a8ed26e33a0ab91f DependenciesID=a3fa55c2a6da75196eefe734487ca299 StaticDependenciesID=fc5031af85bbe4d37c5991df8f4ffbf1 
Number of updated asset objects reloaded before import = 0Number of asset objects unloaded after import = 2

========================================================================
Received Import Request.
  Time since last request: 0.000020 seconds.
  path: Assets/Modern tiles_Free/Interiors_free/32x32/Interiors_free_32x32_1179.asset
  importAddress: Guid(f4da365a962139c4a815d6af40941230) Importer(2089858483,b0f066a214c2f5e87bad3c948f4d605d)
Start importing Assets/Modern tiles_Free/Interiors_free/32x32/Interiors_free_32x32_1179.asset using Guid(f4da365a962139c4a815d6af40941230) Importer(2089858483,b0f066a214c2f5e87bad3c948f4d605d) (ScriptedImporter) -> (Import Result ID: '6df3e0d82ae7de828b1af1c467893a80') in 0.0094555 seconds [static and dynamic dependencies]. Details - ImportResultOutputID=35cc2fd4ced7e72924f22fcbbfc9f3fa DependenciesID=9bea5a84f5b857da2eebceea218b653b StaticDependenciesID=95a1e600038d5152cb6a6aa1d027df40 
Number of updated asset objects reloaded before import = 0Number of asset objects unloaded after import = 2

========================================================================
Received Import Request.
  Time since last request: 0.000016 seconds.
  path: Assets/Modern tiles_Free/Interiors_free/32x32/Interiors_free_32x32_91.asset
  importAddress: Guid(8c8779d6ad85cba4c89ae20b4eaa511f) Importer(2089858483,b0f066a214c2f5e87bad3c948f4d605d)
Start importing Assets/Modern tiles_Free/Interiors_free/32x32/Interiors_free_32x32_91.asset using Guid(8c8779d6ad85cba4c89ae20b4eaa511f) Importer(2089858483,b0f066a214c2f5e87bad3c948f4d605d) (ScriptedImporter) -> (Import Result ID: '5306943ab6bab1644aff57a0fd74a8f1') in 0.0083977 seconds [static and dynamic dependencies]. Details - ImportResultOutputID=c4a11bf0b8a58d35cb27710bf9730504 DependenciesID=391648eaf8f093382b8426cfcd4e9756 StaticDependenciesID=124a837834d0b3be35baa7cae0f1b03a 
Number of updated asset objects reloaded before import = 0Number of asset objects unloaded after import = 2

========================================================================
Received Import Request.
  Time since last request: 0.000018 seconds.
  path: Assets/Modern tiles_Free/Interiors_free/32x32/Interiors_free_32x32_522.asset
  importAddress: Guid(1a129b95dfe3963469f45d6019860e35) Importer(2089858483,b0f066a214c2f5e87bad3c948f4d605d)
Start importing Assets/Modern tiles_Free/Interiors_free/32x32/Interiors_free_32x32_522.asset using Guid(1a129b95dfe3963469f45d6019860e35) Importer(2089858483,b0f066a214c2f5e87bad3c948f4d605d) (ScriptedImporter) -> (Import Result ID: '05e3c0fc17560586c50519740ef2d066') in 0.0092023 seconds [static and dynamic dependencies]. Details - ImportResultOutputID=dd93d1ae3f2847cb42c680bf10e8ebc2 DependenciesID=ef7429affc8f649c8ef0c0bfe222ade8 StaticDependenciesID=d1ea9911135cde08741b79db5c76dbc3 
Number of updated asset objects reloaded before import = 0Number of asset objects unloaded after import = 2

========================================================================
Received Import Request.
  Time since last request: 0.000018 seconds.
  path: Assets/Modern tiles_Free/Interiors_free/32x32/Interiors_free_32x32_445.asset
  importAddress: Guid(827a1a74e7fcb6241b9f6cb4f997356a) Importer(2089858483,b0f066a214c2f5e87bad3c948f4d605d)
Start importing Assets/Modern tiles_Free/Interiors_free/32x32/Interiors_free_32x32_445.asset using Guid(827a1a74e7fcb6241b9f6cb4f997356a) Importer(2089858483,b0f066a214c2f5e87bad3c948f4d605d) (ScriptedImporter) -> (Import Result ID: 'bcfae1c4de1bb060af1b7ee190c1f956') in 0.0083939 seconds [static and dynamic dependencies]. Details - ImportResultOutputID=e45f0c04f58258e1f9c679fc3fa488e2 DependenciesID=ac16e63f62e90d867d69980d3c0e5d16 StaticDependenciesID=a7fdacf67ecb8276a14d497093f3b6d5 
Number of updated asset objects reloaded before import = 0Number of asset objects unloaded after import = 2

========================================================================
Received Import Request.
  Time since last request: 0.507358 seconds.
  path: Assets/Modern tiles_Free/Interiors_free/32x32/Interiors_free_32x32_1020.asset
  importAddress: Guid(ef4eb11799658c9419b213904b6dc3c8) Importer(2089858483,b0f066a214c2f5e87bad3c948f4d605d)
Start importing Assets/Modern tiles_Free/Interiors_free/32x32/Interiors_free_32x32_1020.asset using Guid(ef4eb11799658c9419b213904b6dc3c8) Importer(2089858483,b0f066a214c2f5e87bad3c948f4d605d) (ScriptedImporter) -> (Import Result ID: 'c1ac7c984e559ebcd9752f0874ac8e62') in 0.0087727 seconds [static and dynamic dependencies]. Details - ImportResultOutputID=d10846cf5a50885fd27568bd61469261 DependenciesID=7341de4e4f60744a29271e44b0db2aaa StaticDependenciesID=a61b49503c00559955ee76a2625a365d 
Number of updated asset objects reloaded before import = 0Number of asset objects unloaded after import = 2

========================================================================
Received Import Request.
  Time since last request: 0.000015 seconds.
  path: Assets/Modern tiles_Free/Interiors_free/32x32/Interiors_free_32x32_499.asset
  importAddress: Guid(1bce62d41cb1d6c48be03a926fdce1d7) Importer(2089858483,b0f066a214c2f5e87bad3c948f4d605d)
Start importing Assets/Modern tiles_Free/Interiors_free/32x32/Interiors_free_32x32_499.asset using Guid(1bce62d41cb1d6c48be03a926fdce1d7) Importer(2089858483,b0f066a214c2f5e87bad3c948f4d605d) (ScriptedImporter) -> (Import Result ID: '04fcfada625caf80ee8f18c04af26fe2') in 0.0086795 seconds [static and dynamic dependencies]. Details - ImportResultOutputID=b0d09cacc1523ad54a4508be017ff0c2 DependenciesID=cefd7c6ad5a2accd8bac7b1523616179 StaticDependenciesID=0247d731d666c7680acd71c1ef39825a 
Number of updated asset objects reloaded before import = 0Number of asset objects unloaded after import = 2

========================================================================
Received Import Request.
  Time since last request: 0.000021 seconds.
  path: Assets/Modern tiles_Free/Interiors_free/32x32/Interiors_free_32x32_29.asset
  importAddress: Guid(4c7f29c569f02504c9a97d0968b58a6f) Importer(2089858483,b0f066a214c2f5e87bad3c948f4d605d)
Start importing Assets/Modern tiles_Free/Interiors_free/32x32/Interiors_free_32x32_29.asset using Guid(4c7f29c569f02504c9a97d0968b58a6f) Importer(2089858483,b0f066a214c2f5e87bad3c948f4d605d) (ScriptedImporter) -> (Import Result ID: 'fab2fef67dac22c4296b43c728cd7e61') in 0.0087907 seconds [static and dynamic dependencies]. Details - ImportResultOutputID=e74ecb43cc02b5ed1f268df205ccfac2 DependenciesID=0374361a0aefea61b5c86b570fcfcac1 StaticDependenciesID=b96ceab183084439238bbcfe80b98891 
Number of updated asset objects reloaded before import = 0Number of asset objects unloaded after import = 2

========================================================================
Received Import Request.
  Time since last request: 0.000038 seconds.
  path: Assets/Modern tiles_Free/Interiors_free/32x32/Interiors_free_32x32_640.asset
  importAddress: Guid(f4ee063e74e60b946bf9cb05f6601ffd) Importer(2089858483,b0f066a214c2f5e87bad3c948f4d605d)
Start importing Assets/Modern tiles_Free/Interiors_free/32x32/Interiors_free_32x32_640.asset using Guid(f4ee063e74e60b946bf9cb05f6601ffd) Importer(2089858483,b0f066a214c2f5e87bad3c948f4d605d) (ScriptedImporter) -> (Import Result ID: '2161fb69af63c208b9e057e92dc4a720') in 0.0092898 seconds [static and dynamic dependencies]. Details - ImportResultOutputID=bee69e3bc3d95f2928458a376fac52c2 DependenciesID=2f113eb6575a9cee391f104c1317b538 StaticDependenciesID=63f1a22c7cd0645402b1f7feddd1b708 
Number of updated asset objects reloaded before import = 0Number of asset objects unloaded after import = 2

========================================================================
Received Import Request.
  Time since last request: 0.000018 seconds.
  path: Assets/Modern tiles_Free/Interiors_free/32x32/Interiors_free_32x32_82.asset
  importAddress: Guid(a29bed8da27989d478ed24b4a3665eec) Importer(2089858483,b0f066a214c2f5e87bad3c948f4d605d)
Start importing Assets/Modern tiles_Free/Interiors_free/32x32/Interiors_free_32x32_82.asset using Guid(a29bed8da27989d478ed24b4a3665eec) Importer(2089858483,b0f066a214c2f5e87bad3c948f4d605d) (ScriptedImporter) -> (Import Result ID: 'd3ec8f57f11efcd5f801160d22535993') in 0.0087214 seconds [static and dynamic dependencies]. Details - ImportResultOutputID=d230ca73b8f19fe9bf59f3daec9d15f3 DependenciesID=1c92f4da1d67ed65f511a3c4663540af StaticDependenciesID=81a25ace19614a08a6198b36aaed4193 
Number of updated asset objects reloaded before import = 0Number of asset objects unloaded after import = 2

========================================================================
Received Import Request.
  Time since last request: 0.000024 seconds.
  path: Assets/Modern tiles_Free/Interiors_free/32x32/Interiors_free_32x32_132.asset
  importAddress: Guid(5dd8f79750fad044f9d4eb1c5861c7eb) Importer(2089858483,b0f066a214c2f5e87bad3c948f4d605d)
Start importing Assets/Modern tiles_Free/Interiors_free/32x32/Interiors_free_32x32_132.asset using Guid(5dd8f79750fad044f9d4eb1c5861c7eb) Importer(2089858483,b0f066a214c2f5e87bad3c948f4d605d) (ScriptedImporter) -> (Import Result ID: 'f3075d4c14d13cfd56870b3afcf52883') in 0.008658 seconds [static and dynamic dependencies]. Details - ImportResultOutputID=e1224cededfc1ce49b0e0092c389d146 DependenciesID=29e06182c660cbc8f021b0b3d3995655 StaticDependenciesID=4544f88b49804ce5e4b3474ff7e651d7 
Number of updated asset objects reloaded before import = 0Number of asset objects unloaded after import = 2

========================================================================
Received Import Request.
  Time since last request: 0.000019 seconds.
  path: Assets/Modern tiles_Free/Interiors_free/32x32/Interiors_free_32x32_325.asset
  importAddress: Guid(fd9dfee82bc5d614a926314de259b14a) Importer(2089858483,b0f066a214c2f5e87bad3c948f4d605d)
Start importing Assets/Modern tiles_Free/Interiors_free/32x32/Interiors_free_32x32_325.asset using Guid(fd9dfee82bc5d614a926314de259b14a) Importer(2089858483,b0f066a214c2f5e87bad3c948f4d605d) (ScriptedImporter) -> (Import Result ID: 'f391cf05af15e068f32c6052974e34e1') in 0.0119708 seconds [static and dynamic dependencies]. Details - ImportResultOutputID=89a28df29f70a02c4c9d173cfaddfe6c DependenciesID=41adb04516079b66c6efa8d761bd8c87 StaticDependenciesID=e2f75b611b1999c95b3bac1e20df55fc 
Number of updated asset objects reloaded before import = 0Number of asset objects unloaded after import = 2

========================================================================
Received Import Request.
  Time since last request: 0.000016 seconds.
  path: Assets/Modern tiles_Free/Interiors_free/32x32/Interiors_free_32x32_1203.asset
  importAddress: Guid(9ea564f4fe660874eb958d7387b58690) Importer(2089858483,b0f066a214c2f5e87bad3c948f4d605d)
Start importing Assets/Modern tiles_Free/Interiors_free/32x32/Interiors_free_32x32_1203.asset using Guid(9ea564f4fe660874eb958d7387b58690) Importer(2089858483,b0f066a214c2f5e87bad3c948f4d605d) (ScriptedImporter) -> (Import Result ID: 'ebf9febb9c9849018b082edbc571ef6e') in 0.0098012 seconds [static and dynamic dependencies]. Details - ImportResultOutputID=7e8fecdc676434e9ea894bb4d5b726eb DependenciesID=1e5ac6fb4cecf9d855d341a75ca4e244 StaticDependenciesID=22193ee987b00111347a6efde0a45d16 
Number of updated asset objects reloaded before import = 0Number of asset objects unloaded after import = 2

========================================================================
Received Import Request.
  Time since last request: 0.000017 seconds.
  path: Assets/Modern tiles_Free/Interiors_free/32x32/Interiors_free_32x32_1120.asset
  importAddress: Guid(7ab1dbc03786c1942bf7c0520a9d5478) Importer(2089858483,b0f066a214c2f5e87bad3c948f4d605d)
Start importing Assets/Modern tiles_Free/Interiors_free/32x32/Interiors_free_32x32_1120.asset using Guid(7ab1dbc03786c1942bf7c0520a9d5478) Importer(2089858483,b0f066a214c2f5e87bad3c948f4d605d) (ScriptedImporter) -> (Import Result ID: '5350e967944985d9dc3a262ea8a2898f') in 0.0107239 seconds [static and dynamic dependencies]. Details - ImportResultOutputID=907a4f7a611e21ff6b67c64063ab85ad DependenciesID=45cfa50c97ff66e2745f14dcc2a01ab9 StaticDependenciesID=0d8245fd0293052f5fb4ee3805e31d15 
Number of updated asset objects reloaded before import = 0Number of asset objects unloaded after import = 2

========================================================================
Received Import Request.
  Time since last request: 0.000019 seconds.
  path: Assets/Modern tiles_Free/Interiors_free/32x32/Interiors_free_32x32_812.asset
  importAddress: Guid(907610eef29bdfe4e95dfc509763c0ef) Importer(2089858483,b0f066a214c2f5e87bad3c948f4d605d)
Start importing Assets/Modern tiles_Free/Interiors_free/32x32/Interiors_free_32x32_812.asset using Guid(907610eef29bdfe4e95dfc509763c0ef) Importer(2089858483,b0f066a214c2f5e87bad3c948f4d605d) (ScriptedImporter) -> (Import Result ID: '60722947cbde91595dafdef0e4a4eb3f') in 0.0086831 seconds [static and dynamic dependencies]. Details - ImportResultOutputID=0c05d18a0aa483b6bde33d0876e24929 DependenciesID=cd046726ba77e76fedb1f39e87ec4de3 StaticDependenciesID=423040aa17636fe52a552bd63e9e304e 
Number of updated asset objects reloaded before import = 0Number of asset objects unloaded after import = 2

========================================================================
Received Import Request.
  Time since last request: 0.000016 seconds.
  path: Assets/Modern tiles_Free/Interiors_free/32x32/Interiors_free_32x32_861.asset
  importAddress: Guid(d955f8856541756438ece696bd07647a) Importer(2089858483,b0f066a214c2f5e87bad3c948f4d605d)
Start importing Assets/Modern tiles_Free/Interiors_free/32x32/Interiors_free_32x32_861.asset using Guid(d955f8856541756438ece696bd07647a) Importer(2089858483,b0f066a214c2f5e87bad3c948f4d605d) (ScriptedImporter) -> (Import Result ID: 'aa54632b1efa237efa10a7f42af0b5d4') in 0.0095065 seconds [static and dynamic dependencies]. Details - ImportResultOutputID=8dbf899806987cb38d324c27bebbb94d DependenciesID=f0cdaea5868735c392151e88a00e021e StaticDependenciesID=c81058daf922789754149bc484748179 
Number of updated asset objects reloaded before import = 0Number of asset objects unloaded after import = 2

========================================================================
Received Import Request.
  Time since last request: 0.000017 seconds.
  path: Assets/Modern tiles_Free/Interiors_free/32x32/Interiors_free_32x32_837.asset
  importAddress: Guid(493bcb0cf0623af45956a0845be3253a) Importer(2089858483,b0f066a214c2f5e87bad3c948f4d605d)
Start importing Assets/Modern tiles_Free/Interiors_free/32x32/Interiors_free_32x32_837.asset using Guid(493bcb0cf0623af45956a0845be3253a) Importer(2089858483,b0f066a214c2f5e87bad3c948f4d605d) (ScriptedImporter) -> (Import Result ID: 'd74ab2a8a55806762f2088e8df6c8230') in 0.0081386 seconds [static and dynamic dependencies]. Details - ImportResultOutputID=e001fdc59eaae016d963d282a32c2680 DependenciesID=dcd5f039458e334e2056167726ead95b StaticDependenciesID=8cac50a020255e975b28d688225bc3c8 
Number of updated asset objects reloaded before import = 0Number of asset objects unloaded after import = 2

========================================================================
Received Import Request.
  Time since last request: 0.000013 seconds.
  path: Assets/Modern tiles_Free/Interiors_free/32x32/Interiors_free_32x32_437.asset
  importAddress: Guid(afe506ae4d69a21438b720947d61a558) Importer(2089858483,b0f066a214c2f5e87bad3c948f4d605d)
Start importing Assets/Modern tiles_Free/Interiors_free/32x32/Interiors_free_32x32_437.asset using Guid(afe506ae4d69a21438b720947d61a558) Importer(2089858483,b0f066a214c2f5e87bad3c948f4d605d) (ScriptedImporter) -> (Import Result ID: '3682155fb01015544958e3b04417a439') in 0.0089663 seconds [static and dynamic dependencies]. Details - ImportResultOutputID=d083676204af4c6c4888675547afb766 DependenciesID=3be333c515c80b463b6ae602d4917efe StaticDependenciesID=9543a79a5d1534fd3bec28ef395f0dbf 
Number of updated asset objects reloaded before import = 0Number of asset objects unloaded after import = 2

========================================================================
Received Import Request.
  Time since last request: 0.000018 seconds.
  path: Assets/Modern tiles_Free/Interiors_free/32x32/Interiors_free_32x32_212.asset
  importAddress: Guid(9d00b060da2ef3d4f99f0a620a7c8ab7) Importer(2089858483,b0f066a214c2f5e87bad3c948f4d605d)
Start importing Assets/Modern tiles_Free/Interiors_free/32x32/Interiors_free_32x32_212.asset using Guid(9d00b060da2ef3d4f99f0a620a7c8ab7) Importer(2089858483,b0f066a214c2f5e87bad3c948f4d605d) (ScriptedImporter) -> (Import Result ID: '7b1ce51dd0521cd826bf05e56e9617db') in 0.0088692 seconds [static and dynamic dependencies]. Details - ImportResultOutputID=99f9d015b0573ff12971e195a9eed8d3 DependenciesID=00e87d2ac0c3316b743ec700269fa092 StaticDependenciesID=2622c3c2515d44a4bd5255222967422a 
Number of updated asset objects reloaded before import = 0Number of asset objects unloaded after import = 2

========================================================================
Received Import Request.
  Time since last request: 0.000014 seconds.
  path: Assets/Modern tiles_Free/Interiors_free/32x32/Interiors_free_32x32_915.asset
  importAddress: Guid(6f399352870a64b4d99258cfba699a53) Importer(2089858483,b0f066a214c2f5e87bad3c948f4d605d)
Start importing Assets/Modern tiles_Free/Interiors_free/32x32/Interiors_free_32x32_915.asset using Guid(6f399352870a64b4d99258cfba699a53) Importer(2089858483,b0f066a214c2f5e87bad3c948f4d605d) (ScriptedImporter) -> (Import Result ID: '18a7695414dab03401a9a5b0f468b467') in 0.0089466 seconds [static and dynamic dependencies]. Details - ImportResultOutputID=dd13da16b95b2c41e9b3676e45b8928f DependenciesID=4dc8455c878139901c5058aa55986516 StaticDependenciesID=81f945c4b1c550eb5d5e38086b2550a0 
Number of updated asset objects reloaded before import = 0Number of asset objects unloaded after import = 2

========================================================================
Received Import Request.
  Time since last request: 0.000016 seconds.
  path: Assets/Modern tiles_Free/Interiors_free/32x32/Interiors_free_32x32_257.asset
  importAddress: Guid(ab5a043022a375a42a4607a773695539) Importer(2089858483,b0f066a214c2f5e87bad3c948f4d605d)
Start importing Assets/Modern tiles_Free/Interiors_free/32x32/Interiors_free_32x32_257.asset using Guid(ab5a043022a375a42a4607a773695539) Importer(2089858483,b0f066a214c2f5e87bad3c948f4d605d) (ScriptedImporter) -> (Import Result ID: 'bb61da47b8cc805a4d2d66939696f233') in 0.0087151 seconds [static and dynamic dependencies]. Details - ImportResultOutputID=3d78776ef291cae81458e549f6db5850 DependenciesID=a5f6138efef01fe30f2ffaf7af9bb05e StaticDependenciesID=903609cc66dd3830fd448c38ee485d3a 
Number of updated asset objects reloaded before import = 0Number of asset objects unloaded after import = 2

========================================================================
Received Import Request.
  Time since last request: 0.000021 seconds.
  path: Assets/Modern tiles_Free/Interiors_free/32x32/Interiors_free_32x32_331.asset
  importAddress: Guid(ce73824ae0db9e347bdc34036dcdfcfd) Importer(2089858483,b0f066a214c2f5e87bad3c948f4d605d)
Start importing Assets/Modern tiles_Free/Interiors_free/32x32/Interiors_free_32x32_331.asset using Guid(ce73824ae0db9e347bdc34036dcdfcfd) Importer(2089858483,b0f066a214c2f5e87bad3c948f4d605d) (ScriptedImporter) -> (Import Result ID: '35567b9a2dc790bea3b24dcd71200e8a') in 0.0090147 seconds [static and dynamic dependencies]. Details - ImportResultOutputID=a99ef9afb84bc2637bb4999155bb1e16 DependenciesID=c6fad35a0af5f0f8223997c39eeb961b StaticDependenciesID=a27ba1369d5ca17c2911962e1aa9aae6 
Number of updated asset objects reloaded before import = 0Number of asset objects unloaded after import = 2

========================================================================
Received Import Request.
  Time since last request: 0.000016 seconds.
  path: Assets/Modern tiles_Free/Interiors_free/32x32/Interiors_free_32x32_477.asset
  importAddress: Guid(d917dc38a49554c439417ebd1f64f9de) Importer(2089858483,b0f066a214c2f5e87bad3c948f4d605d)
Start importing Assets/Modern tiles_Free/Interiors_free/32x32/Interiors_free_32x32_477.asset using Guid(d917dc38a49554c439417ebd1f64f9de) Importer(2089858483,b0f066a214c2f5e87bad3c948f4d605d) (ScriptedImporter) -> (Import Result ID: 'd29b3ade0fc4dcf9eed36fe4dcf374a4') in 0.0089545 seconds [static and dynamic dependencies]. Details - ImportResultOutputID=4b307ae14a3569a8ea8dc54584f9837a DependenciesID=a0ee5838b8d594782a00626709b512f1 StaticDependenciesID=93082f83148b954bbd1e5e8d0e6e5a42 
Number of updated asset objects reloaded before import = 0Number of asset objects unloaded after import = 2

========================================================================
Received Import Request.
  Time since last request: 0.000030 seconds.
  path: Assets/Modern tiles_Free/Interiors_free/32x32/Interiors_free_32x32_1055.asset
  importAddress: Guid(2c4c67fc25cbf394a87aafe039779417) Importer(2089858483,b0f066a214c2f5e87bad3c948f4d605d)
Start importing Assets/Modern tiles_Free/Interiors_free/32x32/Interiors_free_32x32_1055.asset using Guid(2c4c67fc25cbf394a87aafe039779417) Importer(2089858483,b0f066a214c2f5e87bad3c948f4d605d) (ScriptedImporter) -> (Import Result ID: 'e1e78e63f44369e3f3b269dbcb62653f') in 0.0083862 seconds [static and dynamic dependencies]. Details - ImportResultOutputID=10bef3b523fbc61589a59c39a9921bae DependenciesID=42ef7e49e7a11fa333c7a50863ab2f48 StaticDependenciesID=30741b88c28a3fe82e9a4a9b893becfa 
Number of updated asset objects reloaded before import = 0Number of asset objects unloaded after import = 2

========================================================================
Received Import Request.
  Time since last request: 0.000015 seconds.
  path: Assets/Modern tiles_Free/Interiors_free/32x32/Interiors_free_32x32_1073.asset
  importAddress: Guid(73afe2e99837c204a907231cd65da89b) Importer(2089858483,b0f066a214c2f5e87bad3c948f4d605d)
Start importing Assets/Modern tiles_Free/Interiors_free/32x32/Interiors_free_32x32_1073.asset using Guid(73afe2e99837c204a907231cd65da89b) Importer(2089858483,b0f066a214c2f5e87bad3c948f4d605d) (ScriptedImporter) -> (Import Result ID: '91a3ed2ae27c2da05bdfd1ad16aa714d') in 0.0096801 seconds [static and dynamic dependencies]. Details - ImportResultOutputID=5d3b5139865d3fd4e8101814b743443d DependenciesID=4116158819c5b4039b6346e938a7393f StaticDependenciesID=4d6b4816288bd64654121539e4954425 
Number of updated asset objects reloaded before import = 0Number of asset objects unloaded after import = 2

========================================================================
Received Import Request.
  Time since last request: 0.000019 seconds.
  path: Assets/Modern tiles_Free/Interiors_free/32x32/Interiors_free_32x32_536.asset
  importAddress: Guid(987a8e670f7b3e248af86aba1a763e7d) Importer(2089858483,b0f066a214c2f5e87bad3c948f4d605d)
Start importing Assets/Modern tiles_Free/Interiors_free/32x32/Interiors_free_32x32_536.asset using Guid(987a8e670f7b3e248af86aba1a763e7d) Importer(2089858483,b0f066a214c2f5e87bad3c948f4d605d) (ScriptedImporter) -> (Import Result ID: '5178aa3979475a598bd80d2cb31a920c') in 0.0086986 seconds [static and dynamic dependencies]. Details - ImportResultOutputID=c6485828865af9c693f6f7b55e3282e9 DependenciesID=e375196004244cf4f5081717f445a5c9 StaticDependenciesID=8e83c5bac2a949c6d234b627b5b79b2f 
Number of updated asset objects reloaded before import = 0Number of asset objects unloaded after import = 2

========================================================================
Received Import Request.
  Time since last request: 0.000016 seconds.
  path: Assets/Modern tiles_Free/Interiors_free/32x32/Interiors_free_32x32_355.asset
  importAddress: Guid(f2e3d99dccdf69b49966a1fbf04a7510) Importer(2089858483,b0f066a214c2f5e87bad3c948f4d605d)
Start importing Assets/Modern tiles_Free/Interiors_free/32x32/Interiors_free_32x32_355.asset using Guid(f2e3d99dccdf69b49966a1fbf04a7510) Importer(2089858483,b0f066a214c2f5e87bad3c948f4d605d) (ScriptedImporter) -> (Import Result ID: 'a3447b0143492833faf9834672659a0b') in 0.0089463 seconds [static and dynamic dependencies]. Details - ImportResultOutputID=290dedb286f1ab2a3c1898c9638bc515 DependenciesID=4dfc1c191885e50098d03b192b2c1f7e StaticDependenciesID=b6e7fef8fc372d5391c778eaa0230f7f 
Number of updated asset objects reloaded before import = 0Number of asset objects unloaded after import = 2

========================================================================
Received Import Request.
  Time since last request: 0.000016 seconds.
  path: Assets/Modern tiles_Free/Interiors_free/32x32/Interiors_free_32x32_211.asset
  importAddress: Guid(647fbe36569a40d4697d0e9cc42d66bc) Importer(2089858483,b0f066a214c2f5e87bad3c948f4d605d)
Start importing Assets/Modern tiles_Free/Interiors_free/32x32/Interiors_free_32x32_211.asset using Guid(647fbe36569a40d4697d0e9cc42d66bc) Importer(2089858483,b0f066a214c2f5e87bad3c948f4d605d) (ScriptedImporter) -> (Import Result ID: '526d2478165e6a585527c49667b3757b') in 0.0084167 seconds [static and dynamic dependencies]. Details - ImportResultOutputID=d06aa0166d1946e651d51f5458ac682f DependenciesID=5c8058e93ad3e33be4ab85151d8cefd6 StaticDependenciesID=afdbe0b848589cffe1a10554a732d30e 
Number of updated asset objects reloaded before import = 0Number of asset objects unloaded after import = 2

========================================================================
Received Import Request.
  Time since last request: 0.000016 seconds.
  path: Assets/Modern tiles_Free/Interiors_free/32x32/Interiors_free_32x32_890.asset
  importAddress: Guid(cff9259b8ab86204f9d00171d0545d9b) Importer(2089858483,b0f066a214c2f5e87bad3c948f4d605d)
Start importing Assets/Modern tiles_Free/Interiors_free/32x32/Interiors_free_32x32_890.asset using Guid(cff9259b8ab86204f9d00171d0545d9b) Importer(2089858483,b0f066a214c2f5e87bad3c948f4d605d) (ScriptedImporter) -> (Import Result ID: 'a1ff8776192070dac216740b9c227498') in 0.008897 seconds [static and dynamic dependencies]. Details - ImportResultOutputID=04beef53a554205bd508a717c7babcd6 DependenciesID=2081d214d16ffa2076b7e7be9f73c8c3 StaticDependenciesID=178bfb4ca20ae0ace6cdf03d5cf02c3b 
Number of updated asset objects reloaded before import = 0Number of asset objects unloaded after import = 2

========================================================================
Received Import Request.
  Time since last request: 0.000013 seconds.
  path: Assets/Modern tiles_Free/Interiors_free/32x32/Interiors_free_32x32_659.asset
  importAddress: Guid(0f2b9bd6519e90244b7ed173bf2e3043) Importer(2089858483,b0f066a214c2f5e87bad3c948f4d605d)
Start importing Assets/Modern tiles_Free/Interiors_free/32x32/Interiors_free_32x32_659.asset using Guid(0f2b9bd6519e90244b7ed173bf2e3043) Importer(2089858483,b0f066a214c2f5e87bad3c948f4d605d) (ScriptedImporter) -> (Import Result ID: '624dc320faae06812f47d457eb2a685a') in 0.008551 seconds [static and dynamic dependencies]. Details - ImportResultOutputID=850be1a7b8f6a6fc2515a4b564b847e8 DependenciesID=87e5a046b332928d3c3bb99198395071 StaticDependenciesID=c8e8ae2002cf89d37b6cde69e3b672e5 
Number of updated asset objects reloaded before import = 0Number of asset objects unloaded after import = 2

========================================================================
Received Import Request.
  Time since last request: 0.000018 seconds.
  path: Assets/Modern tiles_Free/Interiors_free/32x32/Interiors_free_32x32_174.asset
  importAddress: Guid(66af75d0c13a8b043832103f224b68b8) Importer(2089858483,b0f066a214c2f5e87bad3c948f4d605d)
Start importing Assets/Modern tiles_Free/Interiors_free/32x32/Interiors_free_32x32_174.asset using Guid(66af75d0c13a8b043832103f224b68b8) Importer(2089858483,b0f066a214c2f5e87bad3c948f4d605d) (ScriptedImporter) -> (Import Result ID: 'b606e73e669fec6bdc424031c5921e85') in 0.0095866 seconds [static and dynamic dependencies]. Details - ImportResultOutputID=c87678cfc88a330a2dd503cd2028768a DependenciesID=cb374f78b8d15f45560779b727216dce StaticDependenciesID=b180881eac364c22e58f68c76ca60060 
Number of updated asset objects reloaded before import = 0Number of asset objects unloaded after import = 2

========================================================================
Received Import Request.
  Time since last request: 0.000015 seconds.
  path: Assets/Modern tiles_Free/Interiors_free/32x32/Interiors_free_32x32_170.asset
  importAddress: Guid(21c099d0398087949b094fcb519c14a9) Importer(2089858483,b0f066a214c2f5e87bad3c948f4d605d)
Start importing Assets/Modern tiles_Free/Interiors_free/32x32/Interiors_free_32x32_170.asset using Guid(21c099d0398087949b094fcb519c14a9) Importer(2089858483,b0f066a214c2f5e87bad3c948f4d605d) (ScriptedImporter) -> (Import Result ID: '2c69e708977a15d290cda84d3cbdbd0e') in 0.0087173 seconds [static and dynamic dependencies]. Details - ImportResultOutputID=3aa990780a74c787613cfaccbc328782 DependenciesID=f16771e253a253d99b42918acdb15ac4 StaticDependenciesID=d7d3aff89e81597185a8dad4c0affb0d 
Number of updated asset objects reloaded before import = 0Number of asset objects unloaded after import = 2

========================================================================
Received Import Request.
  Time since last request: 0.000017 seconds.
  path: Assets/Modern tiles_Free/Interiors_free/32x32/Interiors_free_32x32_1048.asset
  importAddress: Guid(c1bd5959a035de34b83238999498c08f) Importer(2089858483,b0f066a214c2f5e87bad3c948f4d605d)
Start importing Assets/Modern tiles_Free/Interiors_free/32x32/Interiors_free_32x32_1048.asset using Guid(c1bd5959a035de34b83238999498c08f) Importer(2089858483,b0f066a214c2f5e87bad3c948f4d605d) (ScriptedImporter) -> (Import Result ID: '68e6fa6adcda494f2b98394eb9cb1932') in 0.0096256 seconds [static and dynamic dependencies]. Details - ImportResultOutputID=4ec6bc2d1cae7d2c23cd5a7c026c4b6a DependenciesID=34ab77c9366fdaef1839988225aebf29 StaticDependenciesID=163aa34616aeee0f744d5378a5f5f55b 
Number of updated asset objects reloaded before import = 0Number of asset objects unloaded after import = 2

========================================================================
Received Import Request.
  Time since last request: 0.000022 seconds.
  path: Assets/Modern tiles_Free/Interiors_free/32x32/Interiors_free_32x32_76.asset
  importAddress: Guid(13c54b95742185a409830ea2aa7ea234) Importer(2089858483,b0f066a214c2f5e87bad3c948f4d605d)
Start importing Assets/Modern tiles_Free/Interiors_free/32x32/Interiors_free_32x32_76.asset using Guid(13c54b95742185a409830ea2aa7ea234) Importer(2089858483,b0f066a214c2f5e87bad3c948f4d605d) (ScriptedImporter) -> (Import Result ID: '51871f9566e9246762a4399ea84e70a5') in 0.0086611 seconds [static and dynamic dependencies]. Details - ImportResultOutputID=13b4cbfa69deddefaa20b14965391084 DependenciesID=a9b60baba5786d5713dae69cd2bc4625 StaticDependenciesID=52b276529050580e5e32055181ea8c99 
Number of updated asset objects reloaded before import = 0Number of asset objects unloaded after import = 2

========================================================================
Received Import Request.
  Time since last request: 0.000016 seconds.
  path: Assets/Modern tiles_Free/Interiors_free/32x32/Interiors_free_32x32_467.asset
  importAddress: Guid(2c8448bebc4997d4faca2b186462ee78) Importer(2089858483,b0f066a214c2f5e87bad3c948f4d605d)
Start importing Assets/Modern tiles_Free/Interiors_free/32x32/Interiors_free_32x32_467.asset using Guid(2c8448bebc4997d4faca2b186462ee78) Importer(2089858483,b0f066a214c2f5e87bad3c948f4d605d) (ScriptedImporter) -> (Import Result ID: 'bb6d433b15a9649d33bcea7cab649418') in 0.0093281 seconds [static and dynamic dependencies]. Details - ImportResultOutputID=229016f8191ae1ddbc7afec24a0193d2 DependenciesID=b9d6a5c3ee5b75d186bd56da7c0b0e2b StaticDependenciesID=774fa5ade666a7ea00ee4427e7ba9cf5 
Number of updated asset objects reloaded before import = 0Number of asset objects unloaded after import = 2

========================================================================
Received Import Request.
  Time since last request: 0.000018 seconds.
  path: Assets/Modern tiles_Free/Interiors_free/32x32/Interiors_free_32x32_275.asset
  importAddress: Guid(3dddb656143d1254f95a657ad36796ae) Importer(2089858483,b0f066a214c2f5e87bad3c948f4d605d)
Start importing Assets/Modern tiles_Free/Interiors_free/32x32/Interiors_free_32x32_275.asset using Guid(3dddb656143d1254f95a657ad36796ae) Importer(2089858483,b0f066a214c2f5e87bad3c948f4d605d) (ScriptedImporter) -> (Import Result ID: '9a5769cacb7a1aef3c93089c14eea56c') in 0.0086269 seconds [static and dynamic dependencies]. Details - ImportResultOutputID=6447f5276269264e6a4522aa8eeb173c DependenciesID=4e8421476a8e79f40a8fe3cb12f2163e StaticDependenciesID=53c0cf1388a9a7de7c0df9f1b530458e 
Number of updated asset objects reloaded before import = 0Number of asset objects unloaded after import = 2

========================================================================
Received Import Request.
  Time since last request: 0.000014 seconds.
  path: Assets/Modern tiles_Free/Interiors_free/32x32/Interiors_free_32x32_224.asset
  importAddress: Guid(fa2ad8db16e8fb7499e34bd7b0a30e6f) Importer(2089858483,b0f066a214c2f5e87bad3c948f4d605d)
Start importing Assets/Modern tiles_Free/Interiors_free/32x32/Interiors_free_32x32_224.asset using Guid(fa2ad8db16e8fb7499e34bd7b0a30e6f) Importer(2089858483,b0f066a214c2f5e87bad3c948f4d605d) (ScriptedImporter) -> (Import Result ID: '20573fde98663cda0eb67467b5442150') in 0.009053 seconds [static and dynamic dependencies]. Details - ImportResultOutputID=93fa456df6471bc1be4d240ba0200652 DependenciesID=cc1bbb860dad0d1a722202c28f0c4d82 StaticDependenciesID=dfa2d8cb558976e3f6affb37a2099b21 
Number of updated asset objects reloaded before import = 0Number of asset objects unloaded after import = 2

========================================================================
Received Import Request.
  Time since last request: 0.000019 seconds.
  path: Assets/Modern tiles_Free/Interiors_free/32x32/Interiors_free_32x32_385.asset
  importAddress: Guid(72540517e7b9b104d95594bd059f86d0) Importer(2089858483,b0f066a214c2f5e87bad3c948f4d605d)
Start importing Assets/Modern tiles_Free/Interiors_free/32x32/Interiors_free_32x32_385.asset using Guid(72540517e7b9b104d95594bd059f86d0) Importer(2089858483,b0f066a214c2f5e87bad3c948f4d605d) (ScriptedImporter) -> (Import Result ID: '2c3f94dd651a3e306fd4ba2096dc49b5') in 0.00932 seconds [static and dynamic dependencies]. Details - ImportResultOutputID=479860fd809c0caef7d81681f0117508 DependenciesID=e75d8297deabe7b7337997a357ab19f9 StaticDependenciesID=b9d999eab9d02dbb6e41e787cb16ec9f 
Number of updated asset objects reloaded before import = 0Number of asset objects unloaded after import = 2

========================================================================
Received Import Request.
  Time since last request: 0.000018 seconds.
  path: Assets/Modern tiles_Free/Interiors_free/32x32/Interiors_free_32x32_420.asset
  importAddress: Guid(3fe0af6ed454dd54d921b58568178807) Importer(2089858483,b0f066a214c2f5e87bad3c948f4d605d)
Start importing Assets/Modern tiles_Free/Interiors_free/32x32/Interiors_free_32x32_420.asset using Guid(3fe0af6ed454dd54d921b58568178807) Importer(2089858483,b0f066a214c2f5e87bad3c948f4d605d) (ScriptedImporter) -> (Import Result ID: 'ace812d1fc66c352f47d333cc3c00db4') in 0.0087672 seconds [static and dynamic dependencies]. Details - ImportResultOutputID=7de3b4623c3d1745ed1233546a6aa899 DependenciesID=7091e5d590ceacfb99bf7a431d34a994 StaticDependenciesID=65916d833a482778bab520ea665edd62 
Number of updated asset objects reloaded before import = 0Number of asset objects unloaded after import = 2

========================================================================
Received Import Request.
  Time since last request: 0.000020 seconds.
  path: Assets/Modern tiles_Free/Interiors_free/32x32/Interiors_free_32x32_967.asset
  importAddress: Guid(b62bcf2ac20a0af4ea4fe3e717a5780b) Importer(2089858483,b0f066a214c2f5e87bad3c948f4d605d)
Start importing Assets/Modern tiles_Free/Interiors_free/32x32/Interiors_free_32x32_967.asset using Guid(b62bcf2ac20a0af4ea4fe3e717a5780b) Importer(2089858483,b0f066a214c2f5e87bad3c948f4d605d) (ScriptedImporter) -> (Import Result ID: '048daabe49fbb5a22abab14a37e60ad4') in 0.0094514 seconds [static and dynamic dependencies]. Details - ImportResultOutputID=bd9c70900b388ff1c5fae04ec871394a DependenciesID=aed63fcd630400da47137807d627f1af StaticDependenciesID=f53244370cb90676cfaeaab5afad370b 
Number of updated asset objects reloaded before import = 0Number of asset objects unloaded after import = 2

========================================================================
Received Import Request.
  Time since last request: 0.000017 seconds.
  path: Assets/Modern tiles_Free/Interiors_free/32x32/Interiors_free_32x32_1069.asset
  importAddress: Guid(40cf1c9c9c847504e9f320503c994778) Importer(2089858483,b0f066a214c2f5e87bad3c948f4d605d)
Start importing Assets/Modern tiles_Free/Interiors_free/32x32/Interiors_free_32x32_1069.asset using Guid(40cf1c9c9c847504e9f320503c994778) Importer(2089858483,b0f066a214c2f5e87bad3c948f4d605d) (ScriptedImporter) -> (Import Result ID: '87a3dbdaba26c01ff33de26f2dcd645c') in 0.0084943 seconds [static and dynamic dependencies]. Details - ImportResultOutputID=c6250c2ed91af2d3867934d971e96741 DependenciesID=7fffa86d35b73dc524b2fdd1d2b1af4e StaticDependenciesID=c23218dfd61dfb4752b8ba4c8d3d95cb 
Number of updated asset objects reloaded before import = 0Number of asset objects unloaded after import = 2

========================================================================
Received Import Request.
  Time since last request: 0.000015 seconds.
  path: Assets/Modern tiles_Free/Interiors_free/32x32/Interiors_free_32x32_939.asset
  importAddress: Guid(be597d3c878687f4d8e911af1cd95726) Importer(2089858483,b0f066a214c2f5e87bad3c948f4d605d)
Start importing Assets/Modern tiles_Free/Interiors_free/32x32/Interiors_free_32x32_939.asset using Guid(be597d3c878687f4d8e911af1cd95726) Importer(2089858483,b0f066a214c2f5e87bad3c948f4d605d) (ScriptedImporter) -> (Import Result ID: 'a14063e7390b1e3c734a04de44843bde') in 0.0088751 seconds [static and dynamic dependencies]. Details - ImportResultOutputID=b844ccfdda845490d08d845e20edb700 DependenciesID=fefdc361d70a559578673a8c35b7b940 StaticDependenciesID=6a90fb6c6508a502e04e955e1381a855 
Number of updated asset objects reloaded before import = 0Number of asset objects unloaded after import = 2

========================================================================
Received Import Request.
  Time since last request: 0.000017 seconds.
  path: Assets/Modern tiles_Free/Interiors_free/32x32/Interiors_free_32x32_634.asset
  importAddress: Guid(c5d598c31c7ecb54baa67dd0c1faf539) Importer(2089858483,b0f066a214c2f5e87bad3c948f4d605d)
Start importing Assets/Modern tiles_Free/Interiors_free/32x32/Interiors_free_32x32_634.asset using Guid(c5d598c31c7ecb54baa67dd0c1faf539) Importer(2089858483,b0f066a214c2f5e87bad3c948f4d605d) (ScriptedImporter) -> (Import Result ID: 'c0b0f0d09d931a477023b043467f5348') in 0.0088147 seconds [static and dynamic dependencies]. Details - ImportResultOutputID=361d41fab77ac2bbcb3d31273aeb3bda DependenciesID=73944e38ed8b4b0784ebe5f8903cc55a StaticDependenciesID=febdd879eb5a91c499ddf814ca962188 
Number of updated asset objects reloaded before import = 0Number of asset objects unloaded after import = 2

========================================================================
Received Import Request.
  Time since last request: 0.000021 seconds.
  path: Assets/Modern tiles_Free/Interiors_free/32x32/Interiors_free_32x32_1037.asset
  importAddress: Guid(4db9a109d22badc4d97386aa66300e74) Importer(2089858483,b0f066a214c2f5e87bad3c948f4d605d)
Start importing Assets/Modern tiles_Free/Interiors_free/32x32/Interiors_free_32x32_1037.asset using Guid(4db9a109d22badc4d97386aa66300e74) Importer(2089858483,b0f066a214c2f5e87bad3c948f4d605d) (ScriptedImporter) -> (Import Result ID: '6fc98b7c867cb6a7518f01136d5137af') in 0.0094254 seconds [static and dynamic dependencies]. Details - ImportResultOutputID=0f5447ccbed5e17ba8df7d8f920ce185 DependenciesID=99284d9fa9ffff1725a744032562859a StaticDependenciesID=c3708465d6116c4376e2be40ccbb86d3 
Number of updated asset objects reloaded before import = 0Number of asset objects unloaded after import = 2

========================================================================
Received Import Request.
  Time since last request: 0.000018 seconds.
  path: Assets/Modern tiles_Free/Interiors_free/32x32/Interiors_free_32x32_472.asset
  importAddress: Guid(0813ee5270f9ba8458cf68525d638c04) Importer(2089858483,b0f066a214c2f5e87bad3c948f4d605d)
Start importing Assets/Modern tiles_Free/Interiors_free/32x32/Interiors_free_32x32_472.asset using Guid(0813ee5270f9ba8458cf68525d638c04) Importer(2089858483,b0f066a214c2f5e87bad3c948f4d605d) (ScriptedImporter) -> (Import Result ID: '862a950d0476c433596d073b79383f90') in 0.0088437 seconds [static and dynamic dependencies]. Details - ImportResultOutputID=025afb46a2ae4f887a00b06d54f2a067 DependenciesID=46958d32f5636991c8c61c8642518906 StaticDependenciesID=bf7931115f5b6ca5c329060fbb05d8bc 
Number of updated asset objects reloaded before import = 0Number of asset objects unloaded after import = 2

========================================================================
Received Import Request.
  Time since last request: 0.000015 seconds.
  path: Assets/Modern tiles_Free/Interiors_free/32x32/Interiors_free_32x32_357.asset
  importAddress: Guid(ee8fee90b9f44d84bba53609013bcae9) Importer(2089858483,b0f066a214c2f5e87bad3c948f4d605d)
Start importing Assets/Modern tiles_Free/Interiors_free/32x32/Interiors_free_32x32_357.asset using Guid(ee8fee90b9f44d84bba53609013bcae9) Importer(2089858483,b0f066a214c2f5e87bad3c948f4d605d) (ScriptedImporter) -> (Import Result ID: 'c57f40ffcd79fef65dfb4acb12bb427f') in 0.0090347 seconds [static and dynamic dependencies]. Details - ImportResultOutputID=f6f72581fb2817598a1b43b123acdb76 DependenciesID=a17c2018eb35d1f4a77e889b46af8684 StaticDependenciesID=ad934344f7402f513a84abaa7763b5e9 
Number of updated asset objects reloaded before import = 0Number of asset objects unloaded after import = 2

========================================================================
Received Import Request.
  Time since last request: 0.000018 seconds.
  path: Assets/Modern tiles_Free/Interiors_free/32x32/Interiors_free_32x32_796.asset
  importAddress: Guid(45fab1ae91804794d8fd4db297b48ecd) Importer(2089858483,b0f066a214c2f5e87bad3c948f4d605d)
Start importing Assets/Modern tiles_Free/Interiors_free/32x32/Interiors_free_32x32_796.asset using Guid(45fab1ae91804794d8fd4db297b48ecd) Importer(2089858483,b0f066a214c2f5e87bad3c948f4d605d) (ScriptedImporter) -> (Import Result ID: '61cd68f2732939054b736dac144bc1d5') in 0.0084885 seconds [static and dynamic dependencies]. Details - ImportResultOutputID=552e960f370f7d1ccf0863f76a4e6e19 DependenciesID=a6d4ac6a8810535348d041961ca3ff51 StaticDependenciesID=47e901397dd3bae8d8df017aa78c9b3a 
Number of updated asset objects reloaded before import = 0Number of asset objects unloaded after import = 2

========================================================================
Received Import Request.
  Time since last request: 0.000017 seconds.
  path: Assets/Modern tiles_Free/Interiors_free/32x32/Interiors_free_32x32_1137.asset
  importAddress: Guid(46966b7acf83a594d93b192a0c31fa5a) Importer(2089858483,b0f066a214c2f5e87bad3c948f4d605d)
Start importing Assets/Modern tiles_Free/Interiors_free/32x32/Interiors_free_32x32_1137.asset using Guid(46966b7acf83a594d93b192a0c31fa5a) Importer(2089858483,b0f066a214c2f5e87bad3c948f4d605d) (ScriptedImporter) -> (Import Result ID: 'ac94a0e25f9c3fffd76074b594c9711f') in 0.0092521 seconds [static and dynamic dependencies]. Details - ImportResultOutputID=db6c03b7f7e41ca614d6e3607d5a8a79 DependenciesID=d945faf04480e6c9bb7a5c6a1c9c2dfa StaticDependenciesID=f63aa6f89c33bb540175d5560b91a451 
Number of updated asset objects reloaded before import = 0Number of asset objects unloaded after import = 2

========================================================================
Received Import Request.
  Time since last request: 0.000017 seconds.
  path: Assets/Modern tiles_Free/Interiors_free/32x32/Interiors_free_32x32_1207.asset
  importAddress: Guid(d6397be222a56254eb8d7060942bcc0d) Importer(2089858483,b0f066a214c2f5e87bad3c948f4d605d)
Start importing Assets/Modern tiles_Free/Interiors_free/32x32/Interiors_free_32x32_1207.asset using Guid(d6397be222a56254eb8d7060942bcc0d) Importer(2089858483,b0f066a214c2f5e87bad3c948f4d605d) (ScriptedImporter) -> (Import Result ID: 'fb604f2677d8c44bc71ab72f327b8c93') in 0.0090853 seconds [static and dynamic dependencies]. Details - ImportResultOutputID=eecdbbf3e316697eda5e3d3693f59d7a DependenciesID=47bbf198eb4f7cb4afe585caad9a6fee StaticDependenciesID=4c65657964490e267c13364bfb531318 
Number of updated asset objects reloaded before import = 0Number of asset objects unloaded after import = 2

========================================================================
Received Import Request.
  Time since last request: 0.000015 seconds.
  path: Assets/Modern tiles_Free/Interiors_free/32x32/Interiors_free_32x32_484.asset
  importAddress: Guid(b88ba3deb7ee3aa4382056fd2494d384) Importer(2089858483,b0f066a214c2f5e87bad3c948f4d605d)
Start importing Assets/Modern tiles_Free/Interiors_free/32x32/Interiors_free_32x32_484.asset using Guid(b88ba3deb7ee3aa4382056fd2494d384) Importer(2089858483,b0f066a214c2f5e87bad3c948f4d605d) (ScriptedImporter) -> (Import Result ID: 'aa07a08cd69b65ba215d9c51b67c0461') in 0.0091928 seconds [static and dynamic dependencies]. Details - ImportResultOutputID=22ef2b70092fd43ffa1b632a3eef9636 DependenciesID=d9fafb0d27f920b3a202e05261c09212 StaticDependenciesID=b5e07bf1c74cc9c2e0c7245cb0972f7a 
Number of updated asset objects reloaded before import = 0Number of asset objects unloaded after import = 2

========================================================================
Received Import Request.
  Time since last request: 0.000015 seconds.
  path: Assets/Modern tiles_Free/Interiors_free/32x32/Interiors_free_32x32_1014.asset
  importAddress: Guid(6bca6ac491c887a4abc4e94be3521b0f) Importer(2089858483,b0f066a214c2f5e87bad3c948f4d605d)
Start importing Assets/Modern tiles_Free/Interiors_free/32x32/Interiors_free_32x32_1014.asset using Guid(6bca6ac491c887a4abc4e94be3521b0f) Importer(2089858483,b0f066a214c2f5e87bad3c948f4d605d) (ScriptedImporter) -> (Import Result ID: 'cac77942a63def59ea380dd20fce4b47') in 0.0084772 seconds [static and dynamic dependencies]. Details - ImportResultOutputID=335e126cc85aace73c0c34b3818dd871 DependenciesID=8c19e25c2c961118148ae3dd1c875c7d StaticDependenciesID=dc77d991d6af7fcf3235603a247ec231 
Number of updated asset objects reloaded before import = 0Number of asset objects unloaded after import = 2

========================================================================
Received Import Request.
  Time since last request: 0.000017 seconds.
  path: Assets/Modern tiles_Free/Interiors_free/32x32/Interiors_free_32x32_487.asset
  importAddress: Guid(0e7357df93e659447a919125dc5d8a02) Importer(2089858483,b0f066a214c2f5e87bad3c948f4d605d)
Start importing Assets/Modern tiles_Free/Interiors_free/32x32/Interiors_free_32x32_487.asset using Guid(0e7357df93e659447a919125dc5d8a02) Importer(2089858483,b0f066a214c2f5e87bad3c948f4d605d) (ScriptedImporter) -> (Import Result ID: '15d9d6dbc9080dac3abfd74de9d2d6cd') in 0.0088059 seconds [static and dynamic dependencies]. Details - ImportResultOutputID=881245047f0dcf02884dcace94a65f8a DependenciesID=374312f44d32a42488a15ec3349f0c58 StaticDependenciesID=86c93d73e46200a373339ebf3635f3cf 
Number of updated asset objects reloaded before import = 0Number of asset objects unloaded after import = 2

========================================================================
Received Import Request.
  Time since last request: 0.000015 seconds.
  path: Assets/Modern tiles_Free/Interiors_free/32x32/Interiors_free_32x32_197.asset
  importAddress: Guid(79f6d6ddb0d5ae442a12caacfb9c371d) Importer(2089858483,b0f066a214c2f5e87bad3c948f4d605d)
Start importing Assets/Modern tiles_Free/Interiors_free/32x32/Interiors_free_32x32_197.asset using Guid(79f6d6ddb0d5ae442a12caacfb9c371d) Importer(2089858483,b0f066a214c2f5e87bad3c948f4d605d) (ScriptedImporter) -> (Import Result ID: '53ba736dea40e19b478ecbcdc22f4970') in 0.0087644 seconds [static and dynamic dependencies]. Details - ImportResultOutputID=a68fda2c588e483d79ea4511b870e8e8 DependenciesID=0cd0864a1f13f22b8c8f1c2336e4afc3 StaticDependenciesID=327199907ec676da5cb8b577e5e62519 
Number of updated asset objects reloaded before import = 0Number of asset objects unloaded after import = 2

========================================================================
Received Import Request.
  Time since last request: 0.000014 seconds.
  path: Assets/Modern tiles_Free/Interiors_free/32x32/Interiors_free_32x32_705.asset
  importAddress: Guid(9d0164982be3f0346a972c5f6a84b789) Importer(2089858483,b0f066a214c2f5e87bad3c948f4d605d)
Start importing Assets/Modern tiles_Free/Interiors_free/32x32/Interiors_free_32x32_705.asset using Guid(9d0164982be3f0346a972c5f6a84b789) Importer(2089858483,b0f066a214c2f5e87bad3c948f4d605d) (ScriptedImporter) -> (Import Result ID: '50dd5dc97d83049f7416f07b99a89339') in 0.0087906 seconds [static and dynamic dependencies]. Details - ImportResultOutputID=e87f53c3ed6e3fd74d5564b8ac60350d DependenciesID=f19d089052c3f937dfed048ab4f5247a StaticDependenciesID=7271cf3ff104aa6c55331646361c1fc3 
Number of updated asset objects reloaded before import = 0Number of asset objects unloaded after import = 2

========================================================================
Received Import Request.
  Time since last request: 0.000018 seconds.
  path: Assets/Modern tiles_Free/Interiors_free/32x32/Interiors_free_32x32_1010.asset
  importAddress: Guid(bba15048a17efa5428cd5b1bdec78f7b) Importer(2089858483,b0f066a214c2f5e87bad3c948f4d605d)
Start importing Assets/Modern tiles_Free/Interiors_free/32x32/Interiors_free_32x32_1010.asset using Guid(bba15048a17efa5428cd5b1bdec78f7b) Importer(2089858483,b0f066a214c2f5e87bad3c948f4d605d) (ScriptedImporter) -> (Import Result ID: '18fc72bff6e4de7bbea3284bd6444548') in 0.0085348 seconds [static and dynamic dependencies]. Details - ImportResultOutputID=30afbd6500ef03503ca00f3f5775322e DependenciesID=06c18118cd2b53d37080f6e9adb0a689 StaticDependenciesID=541c85199e7c833eb45fbd652ad708ac 
Number of updated asset objects reloaded before import = 0Number of asset objects unloaded after import = 2

========================================================================
Received Import Request.
  Time since last request: 0.000018 seconds.
  path: Assets/Modern tiles_Free/Interiors_free/32x32/Interiors_free_32x32_960.asset
  importAddress: Guid(91f31f6f3d0f96c408b65f82ddba354f) Importer(2089858483,b0f066a214c2f5e87bad3c948f4d605d)
Start importing Assets/Modern tiles_Free/Interiors_free/32x32/Interiors_free_32x32_960.asset using Guid(91f31f6f3d0f96c408b65f82ddba354f) Importer(2089858483,b0f066a214c2f5e87bad3c948f4d605d) (ScriptedImporter) -> (Import Result ID: '91d62521ba2d754c62fceb5cea02481b') in 0.0087074 seconds [static and dynamic dependencies]. Details - ImportResultOutputID=e33592f4112633e18e6a904c81a11e03 DependenciesID=e2a6720a32f1cb741e9a9909aaaf721b StaticDependenciesID=bf229c1c27d1fc57a4a369ae6ec981b9 
Number of updated asset objects reloaded before import = 0Number of asset objects unloaded after import = 2

========================================================================
Received Import Request.
  Time since last request: 0.000022 seconds.
  path: Assets/Modern tiles_Free/Interiors_free/32x32/Interiors_free_32x32_727.asset
  importAddress: Guid(6ddfcd7705a5a4b4797a9be52133213f) Importer(2089858483,b0f066a214c2f5e87bad3c948f4d605d)
Start importing Assets/Modern tiles_Free/Interiors_free/32x32/Interiors_free_32x32_727.asset using Guid(6ddfcd7705a5a4b4797a9be52133213f) Importer(2089858483,b0f066a214c2f5e87bad3c948f4d605d) (ScriptedImporter) -> (Import Result ID: '98c0583ab2145f77461e9520dfaf58a7') in 0.0091154 seconds [static and dynamic dependencies]. Details - ImportResultOutputID=e79d9489a818a35d2840386a27d5e6a2 DependenciesID=789cfd00f9b182561cfb7efcb8d5a0cb StaticDependenciesID=a6329263663789e3c5d18c80c6853448 
Number of updated asset objects reloaded before import = 0Number of asset objects unloaded after import = 2

========================================================================
Received Import Request.
  Time since last request: 0.000017 seconds.
  path: Assets/Modern tiles_Free/Interiors_free/32x32/Interiors_free_32x32_833.asset
  importAddress: Guid(27f82705f67333e40b96371cdc708f07) Importer(2089858483,b0f066a214c2f5e87bad3c948f4d605d)
Start importing Assets/Modern tiles_Free/Interiors_free/32x32/Interiors_free_32x32_833.asset using Guid(27f82705f67333e40b96371cdc708f07) Importer(2089858483,b0f066a214c2f5e87bad3c948f4d605d) (ScriptedImporter) -> (Import Result ID: '3d381be1ac0f4fd46c6465d8c4801a4f') in 0.0089106 seconds [static and dynamic dependencies]. Details - ImportResultOutputID=b5e69431ede1a88e36f0e88aeb2b70e7 DependenciesID=7841a475f1acb16b5046c3a06f97148b StaticDependenciesID=48d37d4be17706fb83883d24bc7ae507 
Number of updated asset objects reloaded before import = 0Number of asset objects unloaded after import = 2

========================================================================
Received Import Request.
  Time since last request: 0.000014 seconds.
  path: Assets/Modern tiles_Free/Interiors_free/32x32/Interiors_free_32x32_53.asset
  importAddress: Guid(9f5bdab628b19b94299f3df9db4a9f3d) Importer(2089858483,b0f066a214c2f5e87bad3c948f4d605d)
Start importing Assets/Modern tiles_Free/Interiors_free/32x32/Interiors_free_32x32_53.asset using Guid(9f5bdab628b19b94299f3df9db4a9f3d) Importer(2089858483,b0f066a214c2f5e87bad3c948f4d605d) (ScriptedImporter) -> (Import Result ID: '855572932c5e44dd829e5252678813b8') in 0.0087658 seconds [static and dynamic dependencies]. Details - ImportResultOutputID=0ec7bb2d888b2010281bdde5b29a96d7 DependenciesID=c673760db8a522c6b6192d5d51d17645 StaticDependenciesID=b1f96773a6fd1a9a6fa445f02660308d 
Number of updated asset objects reloaded before import = 0Number of asset objects unloaded after import = 2

========================================================================
Received Import Request.
  Time since last request: 0.000015 seconds.
  path: Assets/Modern tiles_Free/Interiors_free/32x32/Interiors_free_32x32_105.asset
  importAddress: Guid(276485a96c850e941980fe1e16c8a2e6) Importer(2089858483,b0f066a214c2f5e87bad3c948f4d605d)
Start importing Assets/Modern tiles_Free/Interiors_free/32x32/Interiors_free_32x32_105.asset using Guid(276485a96c850e941980fe1e16c8a2e6) Importer(2089858483,b0f066a214c2f5e87bad3c948f4d605d) (ScriptedImporter) -> (Import Result ID: '46bd87d1137794ab005e3ad105f6b831') in 0.0096381 seconds [static and dynamic dependencies]. Details - ImportResultOutputID=f5c986d07a23d201638245db912d83db DependenciesID=8dc39955f2325c65c9cd9592b6450f6b StaticDependenciesID=8c481f87ce5a863fc4e8ab847e20fe1a 
Number of updated asset objects reloaded before import = 0Number of asset objects unloaded after import = 2

========================================================================
Received Import Request.
  Time since last request: 0.000014 seconds.
  path: Assets/Modern tiles_Free/Interiors_free/32x32/Interiors_free_32x32_1199.asset
  importAddress: Guid(8b655fdcd79311f4ca9e8030da3ab18f) Importer(2089858483,b0f066a214c2f5e87bad3c948f4d605d)
Start importing Assets/Modern tiles_Free/Interiors_free/32x32/Interiors_free_32x32_1199.asset using Guid(8b655fdcd79311f4ca9e8030da3ab18f) Importer(2089858483,b0f066a214c2f5e87bad3c948f4d605d) (ScriptedImporter) -> (Import Result ID: '920be57225d0849c9c729905e7b2cd28') in 0.0083011 seconds [static and dynamic dependencies]. Details - ImportResultOutputID=bc3ddb43698ad5def5ad493109276086 DependenciesID=d75c3a69bf8805f1376ebdc9736dd6d6 StaticDependenciesID=6737de6d8593c54dd8ef407b8d64e724 
Number of updated asset objects reloaded before import = 0Number of asset objects unloaded after import = 2

========================================================================
Received Import Request.
  Time since last request: 0.210088 seconds.
  path: Assets/Modern tiles_Free/Interiors_free/32x32/Interiors_free_32x32_440.asset
  importAddress: Guid(60bc574fdd7d51d4bbd7ab8335585eb0) Importer(2089858483,b0f066a214c2f5e87bad3c948f4d605d)
Start importing Assets/Modern tiles_Free/Interiors_free/32x32/Interiors_free_32x32_440.asset using Guid(60bc574fdd7d51d4bbd7ab8335585eb0) Importer(2089858483,b0f066a214c2f5e87bad3c948f4d605d) (ScriptedImporter) -> (Import Result ID: '14be7482e92167fcdb06078ef2360b8c') in 0.0091382 seconds [static and dynamic dependencies]. Details - ImportResultOutputID=edbd5062c54111b19bd4e07478f78a5d DependenciesID=d9ef1aab2b1fd9e3544df83d8299f49e StaticDependenciesID=0b038195b75382e659f66164782890c7 
Number of updated asset objects reloaded before import = 0Number of asset objects unloaded after import = 2

========================================================================
Received Import Request.
  Time since last request: 0.000018 seconds.
  path: Assets/Modern tiles_Free/Interiors_free/32x32/Interiors_free_32x32_1043.asset
  importAddress: Guid(7f837792af6484749921d265e6865483) Importer(2089858483,b0f066a214c2f5e87bad3c948f4d605d)
Start importing Assets/Modern tiles_Free/Interiors_free/32x32/Interiors_free_32x32_1043.asset using Guid(7f837792af6484749921d265e6865483) Importer(2089858483,b0f066a214c2f5e87bad3c948f4d605d) (ScriptedImporter) -> (Import Result ID: '4fd46de4dee251a6038107c09caf55de') in 0.0093864 seconds [static and dynamic dependencies]. Details - ImportResultOutputID=668d173caed8fd502ac7ef87c658f7fd DependenciesID=b7384f1baee75af2c2121371700a48e3 StaticDependenciesID=157a6793d0799e24bdd4c419120bc4e3 
Number of updated asset objects reloaded before import = 0Number of asset objects unloaded after import = 2

========================================================================
Received Import Request.
  Time since last request: 0.000015 seconds.
  path: Assets/Modern tiles_Free/Interiors_free/32x32/Interiors_free_32x32_229.asset
  importAddress: Guid(b36ffc861f8d8a34f99451f34cfaeccc) Importer(2089858483,b0f066a214c2f5e87bad3c948f4d605d)
Start importing Assets/Modern tiles_Free/Interiors_free/32x32/Interiors_free_32x32_229.asset using Guid(b36ffc861f8d8a34f99451f34cfaeccc) Importer(2089858483,b0f066a214c2f5e87bad3c948f4d605d) (ScriptedImporter) -> (Import Result ID: '5cd68def864af71a641624480bb4c19b') in 0.0089707 seconds [static and dynamic dependencies]. Details - ImportResultOutputID=56f64ab8d2da46417891701e551175e9 DependenciesID=3a688a01713607ab362e80dd6d27db96 StaticDependenciesID=b37e374cdf175a00880076f460ec4738 
Number of updated asset objects reloaded before import = 0Number of asset objects unloaded after import = 2

========================================================================
Received Import Request.
  Time since last request: 0.000015 seconds.
  path: Assets/Modern tiles_Free/Interiors_free/32x32/Interiors_free_32x32_297.asset
  importAddress: Guid(1dee3938e952e9c439cc476092ca4612) Importer(2089858483,b0f066a214c2f5e87bad3c948f4d605d)
Start importing Assets/Modern tiles_Free/Interiors_free/32x32/Interiors_free_32x32_297.asset using Guid(1dee3938e952e9c439cc476092ca4612) Importer(2089858483,b0f066a214c2f5e87bad3c948f4d605d) (ScriptedImporter) -> (Import Result ID: '92e08c2bdc9a857e6a6792856009950e') in 0.0095563 seconds [static and dynamic dependencies]. Details - ImportResultOutputID=9ace7cc124d19c5f5a7af3c6328019a8 DependenciesID=29a0a120a3e953acfdc039f87427e1c5 StaticDependenciesID=fc21c2047ddbb1dce4552e641c05dd0f 
Number of updated asset objects reloaded before import = 0Number of asset objects unloaded after import = 2

========================================================================
Received Import Request.
  Time since last request: 0.000018 seconds.
  path: Assets/Modern tiles_Free/Interiors_free/32x32/Interiors_free_32x32_1221.asset
  importAddress: Guid(38f7fbe741dbe3d4aa645608a2d896b5) Importer(2089858483,b0f066a214c2f5e87bad3c948f4d605d)
Start importing Assets/Modern tiles_Free/Interiors_free/32x32/Interiors_free_32x32_1221.asset using Guid(38f7fbe741dbe3d4aa645608a2d896b5) Importer(2089858483,b0f066a214c2f5e87bad3c948f4d605d) (ScriptedImporter) -> (Import Result ID: '4912b188ac22509f1edfe1c4540d4aa8') in 0.0082388 seconds [static and dynamic dependencies]. Details - ImportResultOutputID=58dfbf29aeb9044ede169bc4204e7e13 DependenciesID=9671ade30fac0ea9cc16b17364e8e41d StaticDependenciesID=3c30c3c4662ac8d79a91c4389d2122dd 
Number of updated asset objects reloaded before import = 0Number of asset objects unloaded after import = 2

========================================================================
Received Import Request.
  Time since last request: 0.000017 seconds.
  path: Assets/Modern tiles_Free/Interiors_free/32x32/Interiors_free_32x32_853.asset
  importAddress: Guid(23b9671191f02b44ba99e6c95fe25813) Importer(2089858483,b0f066a214c2f5e87bad3c948f4d605d)
Start importing Assets/Modern tiles_Free/Interiors_free/32x32/Interiors_free_32x32_853.asset using Guid(23b9671191f02b44ba99e6c95fe25813) Importer(2089858483,b0f066a214c2f5e87bad3c948f4d605d) (ScriptedImporter) -> (Import Result ID: '63f983cb73a58f9f9bac7675b5839fdf') in 0.0093563 seconds [static and dynamic dependencies]. Details - ImportResultOutputID=b0c28f806ea0a3e8fe62ae56e0002ffc DependenciesID=f06d76b50cf6dd95be41ecf6ede80a37 StaticDependenciesID=54b37de0d0d1af2142f99cb5bc6ec970 
Number of updated asset objects reloaded before import = 0Number of asset objects unloaded after import = 2

========================================================================
Received Import Request.
  Time since last request: 0.000017 seconds.
  path: Assets/Modern tiles_Free/Interiors_free/32x32/Interiors_free_32x32_770.asset
  importAddress: Guid(2ce15f9602d6cb148afe2951618d216f) Importer(2089858483,b0f066a214c2f5e87bad3c948f4d605d)
Start importing Assets/Modern tiles_Free/Interiors_free/32x32/Interiors_free_32x32_770.asset using Guid(2ce15f9602d6cb148afe2951618d216f) Importer(2089858483,b0f066a214c2f5e87bad3c948f4d605d) (ScriptedImporter) -> (Import Result ID: 'b7866d02e17fa3f13432d83b35f8a9a5') in 0.0086431 seconds [static and dynamic dependencies]. Details - ImportResultOutputID=fc37ac1ad7de8e8f6cb8bb624392a7fd DependenciesID=867a5822c6ad4c757539bdc5fcf8d0d4 StaticDependenciesID=5c6bcc6aa6723f09ac8602c60c60fed5 
Number of updated asset objects reloaded before import = 0Number of asset objects unloaded after import = 2

========================================================================
Received Import Request.
  Time since last request: 0.000014 seconds.
  path: Assets/Modern tiles_Free/Interiors_free/32x32/Interiors_free_32x32_264.asset
  importAddress: Guid(469fc394db58d2946a9ed46285162734) Importer(2089858483,b0f066a214c2f5e87bad3c948f4d605d)
Start importing Assets/Modern tiles_Free/Interiors_free/32x32/Interiors_free_32x32_264.asset using Guid(469fc394db58d2946a9ed46285162734) Importer(2089858483,b0f066a214c2f5e87bad3c948f4d605d) (ScriptedImporter) -> (Import Result ID: 'd6c080a6c213961d6cbacbcfcc99af41') in 0.0091353 seconds [static and dynamic dependencies]. Details - ImportResultOutputID=346205d47a495a4903cd6805dcf2d5e1 DependenciesID=4f0b07a94862c6c7ff20ca4857bd108e StaticDependenciesID=37c603d01e3d123bee06138e1acaffab 
Number of updated asset objects reloaded before import = 0Number of asset objects unloaded after import = 2

========================================================================
Received Import Request.
  Time since last request: 0.000016 seconds.
  path: Assets/Modern tiles_Free/Interiors_free/32x32/Interiors_free_32x32_749.asset
  importAddress: Guid(ab556f3cbf124e34989a6195312fef3b) Importer(2089858483,b0f066a214c2f5e87bad3c948f4d605d)
Start importing Assets/Modern tiles_Free/Interiors_free/32x32/Interiors_free_32x32_749.asset using Guid(ab556f3cbf124e34989a6195312fef3b) Importer(2089858483,b0f066a214c2f5e87bad3c948f4d605d) (ScriptedImporter) -> (Import Result ID: 'b3c3b56099c6daf3832a1adca361cb75') in 0.0086278 seconds [static and dynamic dependencies]. Details - ImportResultOutputID=a424ac34ddd240912e3f854a76bbd95d DependenciesID=d0283e2bec20016643a2d134a52f37f2 StaticDependenciesID=8986303ff333a638c8de250574f5f951 
Number of updated asset objects reloaded before import = 0Number of asset objects unloaded after import = 2

========================================================================
Received Import Request.
  Time since last request: 0.000016 seconds.
  path: Assets/Modern tiles_Free/Interiors_free/32x32/Interiors_free_32x32_779.asset
  importAddress: Guid(012d6378c4ec3a54dbad083201b7cec8) Importer(2089858483,b0f066a214c2f5e87bad3c948f4d605d)
Start importing Assets/Modern tiles_Free/Interiors_free/32x32/Interiors_free_32x32_779.asset using Guid(012d6378c4ec3a54dbad083201b7cec8) Importer(2089858483,b0f066a214c2f5e87bad3c948f4d605d) (ScriptedImporter) -> (Import Result ID: '3331f471cb487e6c27177b29821bd685') in 0.0089371 seconds [static and dynamic dependencies]. Details - ImportResultOutputID=7e34d3e5bfa2819d45e5df0c493e2a23 DependenciesID=45ebfbfcdd082a144d9f2d347f4835fc StaticDependenciesID=baa487e096d8c5bd66c38b28964f87f3 
Number of updated asset objects reloaded before import = 0Number of asset objects unloaded after import = 2

========================================================================
Received Import Request.
  Time since last request: 0.000017 seconds.
  path: Assets/Modern tiles_Free/Interiors_free/32x32/Interiors_free_32x32_1098.asset
  importAddress: Guid(ab7a46592846a694b9af7cd38776bec3) Importer(2089858483,b0f066a214c2f5e87bad3c948f4d605d)
Start importing Assets/Modern tiles_Free/Interiors_free/32x32/Interiors_free_32x32_1098.asset using Guid(ab7a46592846a694b9af7cd38776bec3) Importer(2089858483,b0f066a214c2f5e87bad3c948f4d605d) (ScriptedImporter) -> (Import Result ID: 'b98341caa134bbfea9d8033033b22046') in 0.0088343 seconds [static and dynamic dependencies]. Details - ImportResultOutputID=7e986b38ad04986570b943b40a797c2f DependenciesID=f3ac5826c99ff7ca49d1a5467cb4d88e StaticDependenciesID=30869f923b18ee35f9c54f12efd9c22c 
Number of updated asset objects reloaded before import = 0Number of asset objects unloaded after import = 2

========================================================================
Received Import Request.
  Time since last request: 0.000019 seconds.
  path: Assets/Modern tiles_Free/Interiors_free/32x32/Interiors_free_32x32_1103.asset
  importAddress: Guid(44b9bc5aff2621345a782167838780a8) Importer(2089858483,b0f066a214c2f5e87bad3c948f4d605d)
Start importing Assets/Modern tiles_Free/Interiors_free/32x32/Interiors_free_32x32_1103.asset using Guid(44b9bc5aff2621345a782167838780a8) Importer(2089858483,b0f066a214c2f5e87bad3c948f4d605d) (ScriptedImporter) -> (Import Result ID: '3b5cadfcc2d6a5ca4147108e40f7f289') in 0.0093201 seconds [static and dynamic dependencies]. Details - ImportResultOutputID=0e4c26f407ce91d75eda34b08d1293a6 DependenciesID=1fd516c731d7eff754dcc97fe9c20a60 StaticDependenciesID=446016d16189c79e1df37a01cb4c0d2c 
Number of updated asset objects reloaded before import = 0Number of asset objects unloaded after import = 2

========================================================================
Received Import Request.
  Time since last request: 0.000042 seconds.
  path: Assets/Modern tiles_Free/Interiors_free/32x32/Interiors_free_32x32_917.asset
  importAddress: Guid(aec5a61b71a154341a9cadddc0eabb39) Importer(2089858483,b0f066a214c2f5e87bad3c948f4d605d)
Start importing Assets/Modern tiles_Free/Interiors_free/32x32/Interiors_free_32x32_917.asset using Guid(aec5a61b71a154341a9cadddc0eabb39) Importer(2089858483,b0f066a214c2f5e87bad3c948f4d605d) (ScriptedImporter) -> (Import Result ID: '3b23b4a7b409d7e4dafdf62e3419876f') in 0.0093425 seconds [static and dynamic dependencies]. Details - ImportResultOutputID=839e8e00d3312451ae381b62ab9a7972 DependenciesID=8411994552f8dd4fe90ce35522d8e05a StaticDependenciesID=555583a85e44d6c754d9e3858e15e9ce 
Number of updated asset objects reloaded before import = 0Number of asset objects unloaded after import = 2

========================================================================
Received Import Request.
  Time since last request: 0.000015 seconds.
  path: Assets/Modern tiles_Free/Interiors_free/32x32/Interiors_free_32x32_1131.asset
  importAddress: Guid(2fe9ebdee88e0154780cc809e5d3894b) Importer(2089858483,b0f066a214c2f5e87bad3c948f4d605d)
Start importing Assets/Modern tiles_Free/Interiors_free/32x32/Interiors_free_32x32_1131.asset using Guid(2fe9ebdee88e0154780cc809e5d3894b) Importer(2089858483,b0f066a214c2f5e87bad3c948f4d605d) (ScriptedImporter) -> (Import Result ID: '061244ea1758936a54b25a0c21bc897c') in 0.0085613 seconds [static and dynamic dependencies]. Details - ImportResultOutputID=4d801065014c7480dc5a631c710b7367 DependenciesID=b83603a665bd9d3dae68fa45947d6075 StaticDependenciesID=38bfb21aaeea3559d38a7ec79a443f64 
Number of updated asset objects reloaded before import = 0Number of asset objects unloaded after import = 2

========================================================================
Received Import Request.
  Time since last request: 0.000017 seconds.
  path: Assets/Modern tiles_Free/Interiors_free/32x32/Interiors_free_32x32_718.asset
  importAddress: Guid(34de502c78a0102458d2c3566a388638) Importer(2089858483,b0f066a214c2f5e87bad3c948f4d605d)
Start importing Assets/Modern tiles_Free/Interiors_free/32x32/Interiors_free_32x32_718.asset using Guid(34de502c78a0102458d2c3566a388638) Importer(2089858483,b0f066a214c2f5e87bad3c948f4d605d) (ScriptedImporter) -> (Import Result ID: 'a94ed37d78adc95130c951da13a3a0f2') in 0.0090194 seconds [static and dynamic dependencies]. Details - ImportResultOutputID=7931804c9be37d3aab6f4af022b052e7 DependenciesID=12f14f5dc3065e98e6e513305967a5c0 StaticDependenciesID=8b057df7dc5d47d4c70e0d8ad2473c67 
Number of updated asset objects reloaded before import = 0Number of asset objects unloaded after import = 2

========================================================================
Received Import Request.
  Time since last request: 0.000017 seconds.
  path: Assets/Modern tiles_Free/Interiors_free/32x32/Interiors_free_32x32_1229.asset
  importAddress: Guid(bdf6f7083d6a73c44b1bdc57103429c5) Importer(2089858483,b0f066a214c2f5e87bad3c948f4d605d)
Start importing Assets/Modern tiles_Free/Interiors_free/32x32/Interiors_free_32x32_1229.asset using Guid(bdf6f7083d6a73c44b1bdc57103429c5) Importer(2089858483,b0f066a214c2f5e87bad3c948f4d605d) (ScriptedImporter) -> (Import Result ID: '41a5601adb910fbf3e968c9eb82500ae') in 0.0087014 seconds [static and dynamic dependencies]. Details - ImportResultOutputID=f62564ca6cd5caf38ca33552e4848479 DependenciesID=bbeaa974c8f4e988ceca99f8d6213dbc StaticDependenciesID=ebcda35f5804cfa370ea8365729de3ca 
Number of updated asset objects reloaded before import = 0Number of asset objects unloaded after import = 2

========================================================================
Received Import Request.
  Time since last request: 0.000019 seconds.
  path: Assets/Modern tiles_Free/Interiors_free/32x32/Interiors_free_32x32_88.asset
  importAddress: Guid(26f8a61aa1a82534181f85c02a56c05b) Importer(2089858483,b0f066a214c2f5e87bad3c948f4d605d)
Start importing Assets/Modern tiles_Free/Interiors_free/32x32/Interiors_free_32x32_88.asset using Guid(26f8a61aa1a82534181f85c02a56c05b) Importer(2089858483,b0f066a214c2f5e87bad3c948f4d605d) (ScriptedImporter) -> (Import Result ID: 'a8e44b9c28a00a2a4d78067daa6e0ea4') in 0.0093575 seconds [static and dynamic dependencies]. Details - ImportResultOutputID=2e226ad9ed124fac9451dc8e55a21900 DependenciesID=7c4b70aef1da8b463f97f6b299e81afa StaticDependenciesID=48cb8083814ab166af2971043fc24a02 
Number of updated asset objects reloaded before import = 0Number of asset objects unloaded after import = 2

========================================================================
Received Import Request.
  Time since last request: 0.000021 seconds.
  path: Assets/Modern tiles_Free/Interiors_free/32x32/Interiors_free_32x32_739.asset
  importAddress: Guid(99de1ce9937327142babba95c74a47c2) Importer(2089858483,b0f066a214c2f5e87bad3c948f4d605d)
Start importing Assets/Modern tiles_Free/Interiors_free/32x32/Interiors_free_32x32_739.asset using Guid(99de1ce9937327142babba95c74a47c2) Importer(2089858483,b0f066a214c2f5e87bad3c948f4d605d) (ScriptedImporter) -> (Import Result ID: '3499689b112566bb0e6125c16126ba48') in 0.0089961 seconds [static and dynamic dependencies]. Details - ImportResultOutputID=f9ee5acdd6ac71313dbc16ca20d97065 DependenciesID=c43811ec11b3b98196f4b99b831ab2fe StaticDependenciesID=ae0f328d10ca3639f0e4a9417bbfdda1 
Number of updated asset objects reloaded before import = 0Number of asset objects unloaded after import = 2

========================================================================
Received Import Request.
  Time since last request: 0.000018 seconds.
  path: Assets/Modern tiles_Free/Interiors_free/32x32/Interiors_free_32x32_59.asset
  importAddress: Guid(ee84873da6f4294458c4401dba2f1bb8) Importer(2089858483,b0f066a214c2f5e87bad3c948f4d605d)
Start importing Assets/Modern tiles_Free/Interiors_free/32x32/Interiors_free_32x32_59.asset using Guid(ee84873da6f4294458c4401dba2f1bb8) Importer(2089858483,b0f066a214c2f5e87bad3c948f4d605d) (ScriptedImporter) -> (Import Result ID: 'a6ecaff149bb5a4e8653575aea3e1d27') in 0.0093071 seconds [static and dynamic dependencies]. Details - ImportResultOutputID=f14da8abc03e0ccdd9b297452320a345 DependenciesID=d5f7b24d5908ca4160ce27f11cac4da3 StaticDependenciesID=53b387d4883e8083619f2dec9921a3f0 
Number of updated asset objects reloaded before import = 0Number of asset objects unloaded after import = 2

========================================================================
Received Import Request.
  Time since last request: 0.000016 seconds.
  path: Assets/Modern tiles_Free/Interiors_free/32x32/Interiors_free_32x32_814.asset
  importAddress: Guid(1d10a5f1c3c9540419cf93f632cb8ab8) Importer(2089858483,b0f066a214c2f5e87bad3c948f4d605d)
Start importing Assets/Modern tiles_Free/Interiors_free/32x32/Interiors_free_32x32_814.asset using Guid(1d10a5f1c3c9540419cf93f632cb8ab8) Importer(2089858483,b0f066a214c2f5e87bad3c948f4d605d) (ScriptedImporter) -> (Import Result ID: 'cee30a8ba5cacbc62363e02b291aaf80') in 0.0084232 seconds [static and dynamic dependencies]. Details - ImportResultOutputID=487e2175cb2bc2b868cbe129ccf67aff DependenciesID=f4b26445449728713c0736e6cc23cc51 StaticDependenciesID=db11df1eb3895bf33aedc9d7c3baf683 
Number of updated asset objects reloaded before import = 0Number of asset objects unloaded after import = 2

========================================================================
Received Import Request.
  Time since last request: 0.000018 seconds.
  path: Assets/Modern tiles_Free/Interiors_free/32x32/Interiors_free_32x32_81.asset
  importAddress: Guid(6f7cb0410f1c5d040a252d0e4b6c22c7) Importer(2089858483,b0f066a214c2f5e87bad3c948f4d605d)
Start importing Assets/Modern tiles_Free/Interiors_free/32x32/Interiors_free_32x32_81.asset using Guid(6f7cb0410f1c5d040a252d0e4b6c22c7) Importer(2089858483,b0f066a214c2f5e87bad3c948f4d605d) (ScriptedImporter) -> (Import Result ID: '8a49b2f822ac09613145366cff69bcf6') in 0.0093757 seconds [static and dynamic dependencies]. Details - ImportResultOutputID=087cd1ed6c77845d83a454f51df9f164 DependenciesID=6b8738ee53fcb8f359857ffc50bcaca7 StaticDependenciesID=2a4befaf03ac19245fedd06c1f50c942 
Number of updated asset objects reloaded before import = 0Number of asset objects unloaded after import = 2

========================================================================
Received Import Request.
  Time since last request: 0.000014 seconds.
  path: Assets/Modern tiles_Free/Interiors_free/32x32/Interiors_free_32x32_391.asset
  importAddress: Guid(cd06e034ec0ef084e8c072a8b128de94) Importer(2089858483,b0f066a214c2f5e87bad3c948f4d605d)
Start importing Assets/Modern tiles_Free/Interiors_free/32x32/Interiors_free_32x32_391.asset using Guid(cd06e034ec0ef084e8c072a8b128de94) Importer(2089858483,b0f066a214c2f5e87bad3c948f4d605d) (ScriptedImporter) -> (Import Result ID: '57d6ac65d4d0f368a43ead1e81099798') in 0.0085641 seconds [static and dynamic dependencies]. Details - ImportResultOutputID=1c5098d12c58b8672b2dcfd58289cdde DependenciesID=e6809decc726cd51f84602243b2b46c2 StaticDependenciesID=9471897bd29f4f1d554fe3cd756dc80c 
Number of updated asset objects reloaded before import = 0Number of asset objects unloaded after import = 2

========================================================================
Received Import Request.
  Time since last request: 0.000017 seconds.
  path: Assets/Modern tiles_Free/Interiors_free/32x32/Interiors_free_32x32_1095.asset
  importAddress: Guid(9ecaa9a3e01b29b43948a706e88ffc3b) Importer(2089858483,b0f066a214c2f5e87bad3c948f4d605d)
Start importing Assets/Modern tiles_Free/Interiors_free/32x32/Interiors_free_32x32_1095.asset using Guid(9ecaa9a3e01b29b43948a706e88ffc3b) Importer(2089858483,b0f066a214c2f5e87bad3c948f4d605d) (ScriptedImporter) -> (Import Result ID: '12c7ae1b5ffdcf833c949b36a33d112b') in 0.0092306 seconds [static and dynamic dependencies]. Details - ImportResultOutputID=e81a3c21b5760c3c41b31a4d966b450a DependenciesID=16cbf9c658a0c2c54547d15b453cc204 StaticDependenciesID=b8e8676d288f1bd49d69a9f268eee3d9 
Number of updated asset objects reloaded before import = 0Number of asset objects unloaded after import = 2

========================================================================
Received Import Request.
  Time since last request: 0.000019 seconds.
  path: Assets/Modern tiles_Free/Interiors_free/32x32/Interiors_free_32x32_23.asset
  importAddress: Guid(8737e8689ccb41d479f7c3e530dd7d2c) Importer(2089858483,b0f066a214c2f5e87bad3c948f4d605d)
Start importing Assets/Modern tiles_Free/Interiors_free/32x32/Interiors_free_32x32_23.asset using Guid(8737e8689ccb41d479f7c3e530dd7d2c) Importer(2089858483,b0f066a214c2f5e87bad3c948f4d605d) (ScriptedImporter) -> (Import Result ID: '556ea45eed36442962ffbf7692438ac8') in 0.0087407 seconds [static and dynamic dependencies]. Details - ImportResultOutputID=cbc872bace098a0f97a52e88dfca4d85 DependenciesID=f5ab3e09a580b77093f8532b2766a575 StaticDependenciesID=6a32680bb02de5c84acec16bf60dd554 
Number of updated asset objects reloaded before import = 0Number of asset objects unloaded after import = 2

========================================================================
Received Import Request.
  Time since last request: 0.000014 seconds.
  path: Assets/Modern tiles_Free/Interiors_free/32x32/Interiors_free_32x32_113.asset
  importAddress: Guid(4ea2ead4e5c67414eaeb7d8d73b4f01a) Importer(2089858483,b0f066a214c2f5e87bad3c948f4d605d)
Start importing Assets/Modern tiles_Free/Interiors_free/32x32/Interiors_free_32x32_113.asset using Guid(4ea2ead4e5c67414eaeb7d8d73b4f01a) Importer(2089858483,b0f066a214c2f5e87bad3c948f4d605d) (ScriptedImporter) -> (Import Result ID: 'd5c5790dd3075d08c8044774f2d3fb27') in 0.0090353 seconds [static and dynamic dependencies]. Details - ImportResultOutputID=ab506d4d18bd8b14e061f8616d67262b DependenciesID=faac61e6f7ab296f0c54f7d7aee94c74 StaticDependenciesID=481b5c22ca284ae82628e6d7ca5afeb0 
Number of updated asset objects reloaded before import = 0Number of asset objects unloaded after import = 2

========================================================================
Received Import Request.
  Time since last request: 0.000017 seconds.
  path: Assets/Modern tiles_Free/Interiors_free/32x32/Interiors_free_32x32_1061.asset
  importAddress: Guid(6591d88d77b181b47aaabc9a76a481ff) Importer(2089858483,b0f066a214c2f5e87bad3c948f4d605d)
Start importing Assets/Modern tiles_Free/Interiors_free/32x32/Interiors_free_32x32_1061.asset using Guid(6591d88d77b181b47aaabc9a76a481ff) Importer(2089858483,b0f066a214c2f5e87bad3c948f4d605d) (ScriptedImporter) -> (Import Result ID: 'ea99ab68917995a97007c09657af36a7') in 0.0082448 seconds [static and dynamic dependencies]. Details - ImportResultOutputID=b0ee9bb6ed5a04b4c67da04edf7f68be DependenciesID=d97c582c10414cd046f0d7c1b4426f13 StaticDependenciesID=2c47f73203a569d479739a5370a23cc4 
Number of updated asset objects reloaded before import = 0Number of asset objects unloaded after import = 2

========================================================================
Received Import Request.
  Time since last request: 0.000017 seconds.
  path: Assets/Modern tiles_Free/Interiors_free/32x32/Interiors_free_32x32_521.asset
  importAddress: Guid(17b3728bec5fefd41827ad744bfe4fdc) Importer(2089858483,b0f066a214c2f5e87bad3c948f4d605d)
Start importing Assets/Modern tiles_Free/Interiors_free/32x32/Interiors_free_32x32_521.asset using Guid(17b3728bec5fefd41827ad744bfe4fdc) Importer(2089858483,b0f066a214c2f5e87bad3c948f4d605d) (ScriptedImporter) -> (Import Result ID: '823f76e4b2a20b324323882bba138ea0') in 0.0090753 seconds [static and dynamic dependencies]. Details - ImportResultOutputID=8b391e73536bf81ea32d99f270296d8b DependenciesID=21b3eb24561f612f714781c6cb9b9120 StaticDependenciesID=aed5409da4bfd6113d9af8e55506424d 
Number of updated asset objects reloaded before import = 0Number of asset objects unloaded after import = 2

========================================================================
Received Import Request.
  Time since last request: 0.000016 seconds.
  path: Assets/Modern tiles_Free/Interiors_free/32x32/Interiors_free_32x32_989.asset
  importAddress: Guid(a6bcedb2e282f0b42876d8d6f00b5402) Importer(2089858483,b0f066a214c2f5e87bad3c948f4d605d)
Start importing Assets/Modern tiles_Free/Interiors_free/32x32/Interiors_free_32x32_989.asset using Guid(a6bcedb2e282f0b42876d8d6f00b5402) Importer(2089858483,b0f066a214c2f5e87bad3c948f4d605d) (ScriptedImporter) -> (Import Result ID: 'bc5fbaf48fd641358f5c439b2b957db8') in 0.0084039 seconds [static and dynamic dependencies]. Details - ImportResultOutputID=70f7ee572b98a01d81fcd72a902a005f DependenciesID=1cd895ad08001e475d3663e201b85fd9 StaticDependenciesID=50019b8791326dddd9bc82dbfc622da0 
Number of updated asset objects reloaded before import = 0Number of asset objects unloaded after import = 2

========================================================================
Received Import Request.
  Time since last request: 0.000015 seconds.
  path: Assets/Modern tiles_Free/Interiors_free/32x32/Interiors_free_32x32_544.asset
  importAddress: Guid(d2ead4bf7fdfea54f84b6f7fb1667995) Importer(2089858483,b0f066a214c2f5e87bad3c948f4d605d)
Start importing Assets/Modern tiles_Free/Interiors_free/32x32/Interiors_free_32x32_544.asset using Guid(d2ead4bf7fdfea54f84b6f7fb1667995) Importer(2089858483,b0f066a214c2f5e87bad3c948f4d605d) (ScriptedImporter) -> (Import Result ID: '568d2a14ca0a0fbbec3927fe54695a07') in 0.0089867 seconds [static and dynamic dependencies]. Details - ImportResultOutputID=5efa1cf35f6b797e836ef5264d202a3c DependenciesID=49a94490a8f967b717248f95c813d644 StaticDependenciesID=3f25cc4f5caf991188a853558b07b2b1 
Number of updated asset objects reloaded before import = 0Number of asset objects unloaded after import = 2

========================================================================
Received Import Request.
  Time since last request: 0.000018 seconds.
  path: Assets/Modern tiles_Free/Interiors_free/32x32/Interiors_free_32x32_433.asset
  importAddress: Guid(f9af5fee4052e614e91b2a77f5a808ba) Importer(2089858483,b0f066a214c2f5e87bad3c948f4d605d)
Start importing Assets/Modern tiles_Free/Interiors_free/32x32/Interiors_free_32x32_433.asset using Guid(f9af5fee4052e614e91b2a77f5a808ba) Importer(2089858483,b0f066a214c2f5e87bad3c948f4d605d) (ScriptedImporter) -> (Import Result ID: 'dbfbd3ab1dfcc90803b778629d3a50df') in 0.0085048 seconds [static and dynamic dependencies]. Details - ImportResultOutputID=4046413f65c96bb0b84cd3681fc32050 DependenciesID=efac4c2f45317cbec3b1fe13bee96196 StaticDependenciesID=068b1f1049017b5a413c959ce488db95 
Number of updated asset objects reloaded before import = 0Number of asset objects unloaded after import = 2

========================================================================
Received Import Request.
  Time since last request: 0.000016 seconds.
  path: Assets/Modern tiles_Free/Interiors_free/32x32/Interiors_free_32x32_1053.asset
  importAddress: Guid(4d072d19b010f094e8cd0c1d65c08044) Importer(2089858483,b0f066a214c2f5e87bad3c948f4d605d)
Start importing Assets/Modern tiles_Free/Interiors_free/32x32/Interiors_free_32x32_1053.asset using Guid(4d072d19b010f094e8cd0c1d65c08044) Importer(2089858483,b0f066a214c2f5e87bad3c948f4d605d) (ScriptedImporter) -> (Import Result ID: '0e43006d853e9b6f664354b5a924dd90') in 0.0088333 seconds [static and dynamic dependencies]. Details - ImportResultOutputID=0080e6cae44db013a5f7744f941bee68 DependenciesID=170057e26b5a99f2812d564f609cd712 StaticDependenciesID=0444eed40a3dc3253a722b0c2c073691 
Number of updated asset objects reloaded before import = 0Number of asset objects unloaded after import = 2

========================================================================
Received Import Request.
  Time since last request: 0.000017 seconds.
  path: Assets/Modern tiles_Free/Interiors_free/32x32/Interiors_free_32x32_1224.asset
  importAddress: Guid(17dde4b4705c7c94e9118a9e58d4d6f7) Importer(2089858483,b0f066a214c2f5e87bad3c948f4d605d)
Start importing Assets/Modern tiles_Free/Interiors_free/32x32/Interiors_free_32x32_1224.asset using Guid(17dde4b4705c7c94e9118a9e58d4d6f7) Importer(2089858483,b0f066a214c2f5e87bad3c948f4d605d) (ScriptedImporter) -> (Import Result ID: '26ab082a84b0a66e6deb3fc2ec91ae8d') in 0.0089369 seconds [static and dynamic dependencies]. Details - ImportResultOutputID=3367a770f0eb7c7b1d676e94f64036aa DependenciesID=69feeeb3b9a71d4d0e87cb34751884a1 StaticDependenciesID=262cfa20c45027fa999b8e1b7bf5d57a 
Number of updated asset objects reloaded before import = 0Number of asset objects unloaded after import = 2

========================================================================
Received Import Request.
  Time since last request: 0.000016 seconds.
  path: Assets/Modern tiles_Free/Interiors_free/32x32/Interiors_free_32x32_998.asset
  importAddress: Guid(7abc565f23de97e449ef72068a20cf4c) Importer(2089858483,b0f066a214c2f5e87bad3c948f4d605d)
Start importing Assets/Modern tiles_Free/Interiors_free/32x32/Interiors_free_32x32_998.asset using Guid(7abc565f23de97e449ef72068a20cf4c) Importer(2089858483,b0f066a214c2f5e87bad3c948f4d605d) (ScriptedImporter) -> (Import Result ID: '0691fa784da29583b6223e5575023c5f') in 0.008953 seconds [static and dynamic dependencies]. Details - ImportResultOutputID=c1c78f152ba3f1945e2356590745d2a4 DependenciesID=dcb9619a5630843a2da123553f6ae0e5 StaticDependenciesID=f81f7c8364387bb99a97170d46b07945 
Number of updated asset objects reloaded before import = 0Number of asset objects unloaded after import = 2

========================================================================
Received Import Request.
  Time since last request: 0.000018 seconds.
  path: Assets/Modern tiles_Free/Interiors_free/32x32/Interiors_free_32x32_173.asset
  importAddress: Guid(7955d8a9568873441a3a5e5a497998fc) Importer(2089858483,b0f066a214c2f5e87bad3c948f4d605d)
Start importing Assets/Modern tiles_Free/Interiors_free/32x32/Interiors_free_32x32_173.asset using Guid(7955d8a9568873441a3a5e5a497998fc) Importer(2089858483,b0f066a214c2f5e87bad3c948f4d605d) (ScriptedImporter) -> (Import Result ID: '2468107360de0c7a942464850ba0a981') in 0.0088716 seconds [static and dynamic dependencies]. Details - ImportResultOutputID=811727b9de70e411c594a3f481c54024 DependenciesID=eb7bab52a79e5431095c0520dabe552c StaticDependenciesID=147d505c797787c2dd0b23174f77715e 
Number of updated asset objects reloaded before import = 0Number of asset objects unloaded after import = 2

========================================================================
Received Import Request.
  Time since last request: 0.000014 seconds.
  path: Assets/Modern tiles_Free/Interiors_free/32x32/Interiors_free_32x32_930.asset
  importAddress: Guid(d80d5b499c7edf34497c3cb3c4fdad61) Importer(2089858483,b0f066a214c2f5e87bad3c948f4d605d)
Start importing Assets/Modern tiles_Free/Interiors_free/32x32/Interiors_free_32x32_930.asset using Guid(d80d5b499c7edf34497c3cb3c4fdad61) Importer(2089858483,b0f066a214c2f5e87bad3c948f4d605d) (ScriptedImporter) -> (Import Result ID: 'cf14cc92aff1a2416d7f1eea79c44d34') in 0.0085684 seconds [static and dynamic dependencies]. Details - ImportResultOutputID=c98f74c937e1f6049a1bb76cf5f9f4bd DependenciesID=df48c615cacfa32a3966af7277d73414 StaticDependenciesID=84150a3062b5fdf531ddfef5dfe1e247 
Number of updated asset objects reloaded before import = 0Number of asset objects unloaded after import = 2

========================================================================
Received Import Request.
  Time since last request: 0.000040 seconds.
  path: Assets/Modern tiles_Free/Interiors_free/32x32/Interiors_free_32x32_714.asset
  importAddress: Guid(0b65312bff84fe140ad50f7d661e3e51) Importer(2089858483,b0f066a214c2f5e87bad3c948f4d605d)
Start importing Assets/Modern tiles_Free/Interiors_free/32x32/Interiors_free_32x32_714.asset using Guid(0b65312bff84fe140ad50f7d661e3e51) Importer(2089858483,b0f066a214c2f5e87bad3c948f4d605d) (ScriptedImporter) -> (Import Result ID: 'ba22530d2c8b1fc261a6450b09a216b9') in 0.0093164 seconds [static and dynamic dependencies]. Details - ImportResultOutputID=9607e731eb86499eb8811c9b18d907e9 DependenciesID=cf406ac4d04d5dc9e6b0dd54fa26462c StaticDependenciesID=3c893ea5ca1a00d6f370ac1ecf9eb475 
Number of updated asset objects reloaded before import = 0Number of asset objects unloaded after import = 2

========================================================================
Received Import Request.
  Time since last request: 0.000014 seconds.
  path: Assets/Modern tiles_Free/Interiors_free/32x32/Interiors_free_32x32_401.asset
  importAddress: Guid(e06a60e6a459b134fb89bb8b170ce3ff) Importer(2089858483,b0f066a214c2f5e87bad3c948f4d605d)
Start importing Assets/Modern tiles_Free/Interiors_free/32x32/Interiors_free_32x32_401.asset using Guid(e06a60e6a459b134fb89bb8b170ce3ff) Importer(2089858483,b0f066a214c2f5e87bad3c948f4d605d) (ScriptedImporter) -> (Import Result ID: '1d811cb7e4c3c88494e047d9519e2f73') in 0.0088891 seconds [static and dynamic dependencies]. Details - ImportResultOutputID=df51a50f28e8e0acb652fa454d83466b DependenciesID=606590adc5cd079d709ac929bd6d0af1 StaticDependenciesID=15895b414353547808be85058e06e14e 
Number of updated asset objects reloaded before import = 0Number of asset objects unloaded after import = 2

========================================================================
Received Import Request.
  Time since last request: 0.000017 seconds.
  path: Assets/Modern tiles_Free/Interiors_free/32x32/Interiors_free_32x32_342.asset
  importAddress: Guid(02d4b36cf311c174788bd19f8fc91be3) Importer(2089858483,b0f066a214c2f5e87bad3c948f4d605d)
Start importing Assets/Modern tiles_Free/Interiors_free/32x32/Interiors_free_32x32_342.asset using Guid(02d4b36cf311c174788bd19f8fc91be3) Importer(2089858483,b0f066a214c2f5e87bad3c948f4d605d) (ScriptedImporter) -> (Import Result ID: 'fe03a5c8c360abc20d0ff7bc4fd31c19') in 0.0091065 seconds [static and dynamic dependencies]. Details - ImportResultOutputID=a34f5a733d9ff2defcdbb4f1a8964638 DependenciesID=1fa63a3369111faa93a31ff339e003c6 StaticDependenciesID=5f8226e0213e7b40813ca185f6dd150f 
Number of updated asset objects reloaded before import = 0Number of asset objects unloaded after import = 2

========================================================================
Received Import Request.
  Time since last request: 0.000018 seconds.
  path: Assets/Modern tiles_Free/Interiors_free/32x32/Interiors_free_32x32_1168.asset
  importAddress: Guid(abedcf3f15a7dac4fb1deb12fbf8baa1) Importer(2089858483,b0f066a214c2f5e87bad3c948f4d605d)
Start importing Assets/Modern tiles_Free/Interiors_free/32x32/Interiors_free_32x32_1168.asset using Guid(abedcf3f15a7dac4fb1deb12fbf8baa1) Importer(2089858483,b0f066a214c2f5e87bad3c948f4d605d) (ScriptedImporter) -> (Import Result ID: '95edd2f1ced3b643bb2779ba28d8ddb9') in 0.0085803 seconds [static and dynamic dependencies]. Details - ImportResultOutputID=8dd97040913042343ea832e5fe655062 DependenciesID=a50270bf26496cb720bfc184a005ce74 StaticDependenciesID=6c8b68fa3198dd2b0cf5d97fa76737a2 
Number of updated asset objects reloaded before import = 0Number of asset objects unloaded after import = 2

========================================================================
Received Import Request.
  Time since last request: 0.000018 seconds.
  path: Assets/Modern tiles_Free/Interiors_free/32x32/Interiors_free_32x32_520.asset
  importAddress: Guid(220639df40136bb41b9d4cc9b071d836) Importer(2089858483,b0f066a214c2f5e87bad3c948f4d605d)
Start importing Assets/Modern tiles_Free/Interiors_free/32x32/Interiors_free_32x32_520.asset using Guid(220639df40136bb41b9d4cc9b071d836) Importer(2089858483,b0f066a214c2f5e87bad3c948f4d605d) (ScriptedImporter) -> (Import Result ID: 'b2fd1b936d6c867ac7e92f49e633948e') in 0.0090243 seconds [static and dynamic dependencies]. Details - ImportResultOutputID=a197048ad630853d6c1253f762d258af DependenciesID=1168397843d87504a6821f1232ab944b StaticDependenciesID=e20d853a47785cafb57ea8fed2776b9a 
Number of updated asset objects reloaded before import = 0Number of asset objects unloaded after import = 2

========================================================================
Received Import Request.
  Time since last request: 0.000021 seconds.
  path: Assets/Modern tiles_Free/Interiors_free/32x32/Interiors_free_32x32_806.asset
  importAddress: Guid(59c30edd36764ea4d98a717eb4876e6d) Importer(2089858483,b0f066a214c2f5e87bad3c948f4d605d)
Start importing Assets/Modern tiles_Free/Interiors_free/32x32/Interiors_free_32x32_806.asset using Guid(59c30edd36764ea4d98a717eb4876e6d) Importer(2089858483,b0f066a214c2f5e87bad3c948f4d605d) (ScriptedImporter) -> (Import Result ID: '18f31bcd3e1627bbcdd2806f5568045c') in 0.0086091 seconds [static and dynamic dependencies]. Details - ImportResultOutputID=6ff19208804e844de3481424675b5529 DependenciesID=4af48178045ef3c66a302b7dddcfce0d StaticDependenciesID=4e31d0eb599953c32cd0df796d5dfc63 
Number of updated asset objects reloaded before import = 0Number of asset objects unloaded after import = 2

========================================================================
Received Import Request.
  Time since last request: 0.000023 seconds.
  path: Assets/Modern tiles_Free/Interiors_free/32x32/Interiors_free_32x32_860.asset
  importAddress: Guid(c091f92e093e35f4294ca9f2456c9731) Importer(2089858483,b0f066a214c2f5e87bad3c948f4d605d)
Start importing Assets/Modern tiles_Free/Interiors_free/32x32/Interiors_free_32x32_860.asset using Guid(c091f92e093e35f4294ca9f2456c9731) Importer(2089858483,b0f066a214c2f5e87bad3c948f4d605d) (ScriptedImporter) -> (Import Result ID: 'fbcf567f636a7975822af62625b6b185') in 0.0094982 seconds [static and dynamic dependencies]. Details - ImportResultOutputID=051ea02e66610502b1e3acade7b1624e DependenciesID=d8366438bb22e39b030ec7d5641196af StaticDependenciesID=c17a142ac1e4ee7b7acf2ea87152e89f 
Number of updated asset objects reloaded before import = 0Number of asset objects unloaded after import = 2

========================================================================
Received Import Request.
  Time since last request: 0.000018 seconds.
  path: Assets/Modern tiles_Free/Interiors_free/32x32/Interiors_free_32x32_800.asset
  importAddress: Guid(8273523afa6a9ba41bcf71980c6aa807) Importer(2089858483,b0f066a214c2f5e87bad3c948f4d605d)
Start importing Assets/Modern tiles_Free/Interiors_free/32x32/Interiors_free_32x32_800.asset using Guid(8273523afa6a9ba41bcf71980c6aa807) Importer(2089858483,b0f066a214c2f5e87bad3c948f4d605d) (ScriptedImporter) -> (Import Result ID: '058cd7fc0f181ca4508eb6a218ff2ef4') in 0.008666 seconds [static and dynamic dependencies]. Details - ImportResultOutputID=6858eb27cd5662a75eb0dc479b1a69c7 DependenciesID=7af22cd2f8385d124d9c0cc3137fd034 StaticDependenciesID=f76dea8f6c9002ec7dbb41ccc0a8c288 
Number of updated asset objects reloaded before import = 0Number of asset objects unloaded after import = 2

========================================================================
Received Import Request.
  Time since last request: 0.000016 seconds.
  path: Assets/Modern tiles_Free/Interiors_free/32x32/Interiors_free_32x32_769.asset
  importAddress: Guid(63b55de30648a2f40884c2c464f026a1) Importer(2089858483,b0f066a214c2f5e87bad3c948f4d605d)
Start importing Assets/Modern tiles_Free/Interiors_free/32x32/Interiors_free_32x32_769.asset using Guid(63b55de30648a2f40884c2c464f026a1) Importer(2089858483,b0f066a214c2f5e87bad3c948f4d605d) (ScriptedImporter) -> (Import Result ID: '9ae162edb147f1dc1ea6a4be2f781d93') in 0.0091345 seconds [static and dynamic dependencies]. Details - ImportResultOutputID=420d5a33d5d3114ffa4f4137e12f3631 DependenciesID=f3e15bc25257d8418b1bc0df8271e074 StaticDependenciesID=49498c55237962e598f5e8eefbeda2d4 
Number of updated asset objects reloaded before import = 0Number of asset objects unloaded after import = 2

========================================================================
Received Import Request.
  Time since last request: 0.000016 seconds.
  path: Assets/Modern tiles_Free/Interiors_free/32x32/Interiors_free_32x32_873.asset
  importAddress: Guid(68f18a0f3bf20a54aa3bef5f91a6fd57) Importer(2089858483,b0f066a214c2f5e87bad3c948f4d605d)
Start importing Assets/Modern tiles_Free/Interiors_free/32x32/Interiors_free_32x32_873.asset using Guid(68f18a0f3bf20a54aa3bef5f91a6fd57) Importer(2089858483,b0f066a214c2f5e87bad3c948f4d605d) (ScriptedImporter) -> (Import Result ID: 'd011dbbb37d2c7d076377d2d6d6929d2') in 0.0086017 seconds [static and dynamic dependencies]. Details - ImportResultOutputID=d8057a8ce88ade9d7db10dbf6e449eb3 DependenciesID=335f98216e0c3c8cbd51b7553a8c008e StaticDependenciesID=6a106e52a8e5a2b626d2dc4a52d9f570 
Number of updated asset objects reloaded before import = 0Number of asset objects unloaded after import = 2

========================================================================
Received Import Request.
  Time since last request: 0.000018 seconds.
  path: Assets/Modern tiles_Free/Interiors_free/32x32/Interiors_free_32x32_1026.asset
  importAddress: Guid(55cda30599171b24ba1e676835c6ffb5) Importer(2089858483,b0f066a214c2f5e87bad3c948f4d605d)
Start importing Assets/Modern tiles_Free/Interiors_free/32x32/Interiors_free_32x32_1026.asset using Guid(55cda30599171b24ba1e676835c6ffb5) Importer(2089858483,b0f066a214c2f5e87bad3c948f4d605d) (ScriptedImporter) -> (Import Result ID: '25b4a89a41272572764be1209532d4c9') in 0.0092042 seconds [static and dynamic dependencies]. Details - ImportResultOutputID=495ce84ea3425fa165cbd1753fc82f8e DependenciesID=b916d419d17e4c0996c9e5aff03778e8 StaticDependenciesID=7acee2dbbe5cf527614a610445c872b9 
Number of updated asset objects reloaded before import = 0Number of asset objects unloaded after import = 2

========================================================================
Received Import Request.
  Time since last request: 0.000016 seconds.
  path: Assets/Modern tiles_Free/Interiors_free/32x32/Interiors_free_32x32_1149.asset
  importAddress: Guid(c6c810fb2cbdc71449576e51d28ab7fa) Importer(2089858483,b0f066a214c2f5e87bad3c948f4d605d)
Start importing Assets/Modern tiles_Free/Interiors_free/32x32/Interiors_free_32x32_1149.asset using Guid(c6c810fb2cbdc71449576e51d28ab7fa) Importer(2089858483,b0f066a214c2f5e87bad3c948f4d605d) (ScriptedImporter) -> (Import Result ID: '92f383c38a703820bdb92242139fa4c6') in 0.0084143 seconds [static and dynamic dependencies]. Details - ImportResultOutputID=6e51d1ba3eddd1ed97a7e47c58e50ac2 DependenciesID=cc59bd7bcf2ed9cac30c2824ad2ea219 StaticDependenciesID=327b5052c1b1e1218d7aa6af168e5474 
Number of updated asset objects reloaded before import = 0Number of asset objects unloaded after import = 2

========================================================================
Received Import Request.
  Time since last request: 0.000018 seconds.
  path: Assets/Modern tiles_Free/Interiors_free/32x32/Interiors_free_32x32_476.asset
  importAddress: Guid(7222fdc0c2735c14490d68071eaf2b69) Importer(2089858483,b0f066a214c2f5e87bad3c948f4d605d)
Start importing Assets/Modern tiles_Free/Interiors_free/32x32/Interiors_free_32x32_476.asset using Guid(7222fdc0c2735c14490d68071eaf2b69) Importer(2089858483,b0f066a214c2f5e87bad3c948f4d605d) (ScriptedImporter) -> (Import Result ID: 'd5a440d0e995993c29c41c293d9a2af5') in 0.0093197 seconds [static and dynamic dependencies]. Details - ImportResultOutputID=7b75a025e7eca67db00ae8963221e827 DependenciesID=26ab6d6a47bd6ee6e36f159df331a5d0 StaticDependenciesID=0791af6a6fdb260f9197a27285030083 
Number of updated asset objects reloaded before import = 0Number of asset objects unloaded after import = 2

========================================================================
Received Import Request.
  Time since last request: 0.000018 seconds.
  path: Assets/Modern tiles_Free/Interiors_free/32x32/Interiors_free_32x32_58.asset
  importAddress: Guid(72c2da96a35338c478a931469117683f) Importer(2089858483,b0f066a214c2f5e87bad3c948f4d605d)
Start importing Assets/Modern tiles_Free/Interiors_free/32x32/Interiors_free_32x32_58.asset using Guid(72c2da96a35338c478a931469117683f) Importer(2089858483,b0f066a214c2f5e87bad3c948f4d605d) (ScriptedImporter) -> (Import Result ID: '0425d73e2da7ee42f409e0292e5a2e3a') in 0.008505 seconds [static and dynamic dependencies]. Details - ImportResultOutputID=ba8bf88f17584602158c3af2dd459bd8 DependenciesID=8d66de601709d4babce6d9a7c2e25560 StaticDependenciesID=6779e13ac6aaafba93346b5806975a88 
Number of updated asset objects reloaded before import = 0Number of asset objects unloaded after import = 2

========================================================================
Received Import Request.
  Time since last request: 0.000018 seconds.
  path: Assets/Modern tiles_Free/Interiors_free/32x32/Interiors_free_32x32_411.asset
  importAddress: Guid(f37acb227a0b85042b5665395371708e) Importer(2089858483,b0f066a214c2f5e87bad3c948f4d605d)
Start importing Assets/Modern tiles_Free/Interiors_free/32x32/Interiors_free_32x32_411.asset using Guid(f37acb227a0b85042b5665395371708e) Importer(2089858483,b0f066a214c2f5e87bad3c948f4d605d) (ScriptedImporter) -> (Import Result ID: 'fde8d6cadfb112be83609b5c2aa82c2c') in 0.0090308 seconds [static and dynamic dependencies]. Details - ImportResultOutputID=05cf329e1c8c94d43a9f6f8b23324c87 DependenciesID=e99ebc2624895e8b7de63f359becbaae StaticDependenciesID=5873875b5861b5105290fd9d2aad47c9 
Number of updated asset objects reloaded before import = 0Number of asset objects unloaded after import = 2

========================================================================
Received Import Request.
  Time since last request: 0.000016 seconds.
  path: Assets/Modern tiles_Free/Interiors_free/32x32/Interiors_free_32x32_1180.asset
  importAddress: Guid(ffa15b88d03905b4dae492ca176bb439) Importer(2089858483,b0f066a214c2f5e87bad3c948f4d605d)
Start importing Assets/Modern tiles_Free/Interiors_free/32x32/Interiors_free_32x32_1180.asset using Guid(ffa15b88d03905b4dae492ca176bb439) Importer(2089858483,b0f066a214c2f5e87bad3c948f4d605d) (ScriptedImporter) -> (Import Result ID: '318bdd2f9da33de34dd5e555fcdd1370') in 0.0090029 seconds [static and dynamic dependencies]. Details - ImportResultOutputID=56aa04d6d846bc29ca96124bba39f0a8 DependenciesID=0d0ed8382e1d462b04ee6ee21c6b529a StaticDependenciesID=f2fa682bbaab5022d68ed37b50fe3784 
Number of updated asset objects reloaded before import = 0Number of asset objects unloaded after import = 2

========================================================================
Received Import Request.
  Time since last request: 0.000013 seconds.
  path: Assets/Modern tiles_Free/Interiors_free/32x32/Interiors_free_32x32_735.asset
  importAddress: Guid(e5cb3363d63dd2143b29444c82700383) Importer(2089858483,b0f066a214c2f5e87bad3c948f4d605d)
Start importing Assets/Modern tiles_Free/Interiors_free/32x32/Interiors_free_32x32_735.asset using Guid(e5cb3363d63dd2143b29444c82700383) Importer(2089858483,b0f066a214c2f5e87bad3c948f4d605d) (ScriptedImporter) -> (Import Result ID: '6567af8fd6e20c160ac8c566aa624ba5') in 0.0079868 seconds [static and dynamic dependencies]. Details - ImportResultOutputID=bcc7f74b7692321f5a41056c639692a1 DependenciesID=82492891066b5fd1a077b0da29a6c664 StaticDependenciesID=63628d28f833ea94ce1cd92539d93b14 
Number of updated asset objects reloaded before import = 0Number of asset objects unloaded after import = 2

========================================================================
Received Import Request.
  Time since last request: 0.000019 seconds.
  path: Assets/Modern tiles_Free/Interiors_free/32x32/Interiors_free_32x32_255.asset
  importAddress: Guid(5ee3907737a1e834a8095a2f56f6d3a1) Importer(2089858483,b0f066a214c2f5e87bad3c948f4d605d)
Start importing Assets/Modern tiles_Free/Interiors_free/32x32/Interiors_free_32x32_255.asset using Guid(5ee3907737a1e834a8095a2f56f6d3a1) Importer(2089858483,b0f066a214c2f5e87bad3c948f4d605d) (ScriptedImporter) -> (Import Result ID: 'e2c764e3d8bd063eca83265217f1e9a6') in 0.0093375 seconds [static and dynamic dependencies]. Details - ImportResultOutputID=78d8649378f305cd690ff6810ce27c3c DependenciesID=f6f4b416e559a2185d418c07541c1e77 StaticDependenciesID=c5a0cad9fb41c8de229729e87a8865d4 
Number of updated asset objects reloaded before import = 0Number of asset objects unloaded after import = 2

========================================================================
Received Import Request.
  Time since last request: 0.000019 seconds.
  path: Assets/Modern tiles_Free/Interiors_free/32x32/Interiors_free_32x32_925.asset
  importAddress: Guid(1a42f7204fd615540a0a3b865b73049c) Importer(2089858483,b0f066a214c2f5e87bad3c948f4d605d)
Start importing Assets/Modern tiles_Free/Interiors_free/32x32/Interiors_free_32x32_925.asset using Guid(1a42f7204fd615540a0a3b865b73049c) Importer(2089858483,b0f066a214c2f5e87bad3c948f4d605d) (ScriptedImporter) -> (Import Result ID: '10b41c404585cf0132bacee1faef10cd') in 0.0088857 seconds [static and dynamic dependencies]. Details - ImportResultOutputID=902da80e601d942d01f7582b9300a6a6 DependenciesID=821f6d6aec32c46918d56a9d2b744ab9 StaticDependenciesID=2c1a815534c44a6a4e97ed93ec286063 
Number of updated asset objects reloaded before import = 0Number of asset objects unloaded after import = 2

========================================================================
Received Import Request.
  Time since last request: 0.000017 seconds.
  path: Assets/Modern tiles_Free/Interiors_free/32x32/Interiors_free_32x32_584.asset
  importAddress: Guid(ec237c1bb505db440855a07f0c1f5985) Importer(2089858483,b0f066a214c2f5e87bad3c948f4d605d)
Start importing Assets/Modern tiles_Free/Interiors_free/32x32/Interiors_free_32x32_584.asset using Guid(ec237c1bb505db440855a07f0c1f5985) Importer(2089858483,b0f066a214c2f5e87bad3c948f4d605d) (ScriptedImporter) -> (Import Result ID: '9acdacd39645d7c3f69864084ef0ed86') in 0.0097487 seconds [static and dynamic dependencies]. Details - ImportResultOutputID=3459af02b4709bad5f4108c36754bfe0 DependenciesID=4d5599c48ce1f7a7ba1cfdc641003998 StaticDependenciesID=cd7947eccb8e90a4ef93ddecb7462615 
Number of updated asset objects reloaded before import = 0Number of asset objects unloaded after import = 2

========================================================================
Received Import Request.
  Time since last request: 0.000018 seconds.
  path: Assets/Modern tiles_Free/Interiors_free/32x32/Interiors_free_32x32_926.asset
  importAddress: Guid(f90b322b7df07eb4ebab38dc8da0eb48) Importer(2089858483,b0f066a214c2f5e87bad3c948f4d605d)
Start importing Assets/Modern tiles_Free/Interiors_free/32x32/Interiors_free_32x32_926.asset using Guid(f90b322b7df07eb4ebab38dc8da0eb48) Importer(2089858483,b0f066a214c2f5e87bad3c948f4d605d) (ScriptedImporter) -> (Import Result ID: 'ee64af86c136b1dbb85d20ed833d8b58') in 0.0092544 seconds [static and dynamic dependencies]. Details - ImportResultOutputID=3941c247a7dacdeffbbd8a293e7e5250 DependenciesID=90f5c41c3d50888ac1822b2cea6c026f StaticDependenciesID=8ff4c92da51dccec46b0a21eec1f03bb 
Number of updated asset objects reloaded before import = 0Number of asset objects unloaded after import = 2

========================================================================
Received Import Request.
  Time since last request: 0.000014 seconds.
  path: Assets/Modern tiles_Free/Interiors_free/32x32/Interiors_free_32x32_79.asset
  importAddress: Guid(2cc320424d4cf934e87443f4c33020db) Importer(2089858483,b0f066a214c2f5e87bad3c948f4d605d)
Start importing Assets/Modern tiles_Free/Interiors_free/32x32/Interiors_free_32x32_79.asset using Guid(2cc320424d4cf934e87443f4c33020db) Importer(2089858483,b0f066a214c2f5e87bad3c948f4d605d) (ScriptedImporter) -> (Import Result ID: 'e01c7191bbe9edc497f4274804c371ac') in 0.0137108 seconds [static and dynamic dependencies]. Details - ImportResultOutputID=085b1f11aeeb85982d1a25fe1dbf44f9 DependenciesID=80cf0d81e0511ff9140d1738b5ec9220 StaticDependenciesID=a21de05f68e091538b237ced30c6fd1c 
Number of updated asset objects reloaded before import = 0Number of asset objects unloaded after import = 2

========================================================================
Received Import Request.
  Time since last request: 0.000016 seconds.
  path: Assets/Modern tiles_Free/Interiors_free/32x32/Interiors_free_32x32_580.asset
  importAddress: Guid(3c16a9ba1520b5849bce374acc5f2292) Importer(2089858483,b0f066a214c2f5e87bad3c948f4d605d)
Start importing Assets/Modern tiles_Free/Interiors_free/32x32/Interiors_free_32x32_580.asset using Guid(3c16a9ba1520b5849bce374acc5f2292) Importer(2089858483,b0f066a214c2f5e87bad3c948f4d605d) (ScriptedImporter) -> (Import Result ID: '2648eaed95b08060bdd9c74a1327eb1a') in 0.0093826 seconds [static and dynamic dependencies]. Details - ImportResultOutputID=096d7f8464c1fc498d5b559db539fba0 DependenciesID=b4b78d63abd5220e3673c27b8657e494 StaticDependenciesID=1593191f3a3c467cb2617c6c9293bff9 
Number of updated asset objects reloaded before import = 0Number of asset objects unloaded after import = 2

========================================================================
Received Import Request.
  Time since last request: 0.000015 seconds.
  path: Assets/Modern tiles_Free/Interiors_free/32x32/Interiors_free_32x32_485.asset
  importAddress: Guid(52309b2815d28e34d99d8511922e17a9) Importer(2089858483,b0f066a214c2f5e87bad3c948f4d605d)
Start importing Assets/Modern tiles_Free/Interiors_free/32x32/Interiors_free_32x32_485.asset using Guid(52309b2815d28e34d99d8511922e17a9) Importer(2089858483,b0f066a214c2f5e87bad3c948f4d605d) (ScriptedImporter) -> (Import Result ID: '955622184b4beaed2bfd7de9e08b4476') in 0.0086849 seconds [static and dynamic dependencies]. Details - ImportResultOutputID=3b5223bda1decbf2741e8b984de5e2cc DependenciesID=d0919cdd3b1d2c837c8cfc229bee1dfa StaticDependenciesID=638014764a3bc83553ad9786f67ee194 
Number of updated asset objects reloaded before import = 0Number of asset objects unloaded after import = 2

========================================================================
Received Import Request.
  Time since last request: 0.000024 seconds.
  path: Assets/Modern tiles_Free/Interiors_free/32x32/Interiors_free_32x32_959.asset
  importAddress: Guid(fdee89f0578c4a849aece9e85d5b15b2) Importer(2089858483,b0f066a214c2f5e87bad3c948f4d605d)
Start importing Assets/Modern tiles_Free/Interiors_free/32x32/Interiors_free_32x32_959.asset using Guid(fdee89f0578c4a849aece9e85d5b15b2) Importer(2089858483,b0f066a214c2f5e87bad3c948f4d605d) (ScriptedImporter) -> (Import Result ID: '8762f1d46104f10de0850bef9c089b2b') in 0.0084332 seconds [static and dynamic dependencies]. Details - ImportResultOutputID=c3d1a7a787a5d972f342a3161f1b2542 DependenciesID=9839832bcc4c27ce0b569d1fa89c7c01 StaticDependenciesID=8b1f69d1b07ca9ee7bf1b5bec9df8d45 
Number of updated asset objects reloaded before import = 0Number of asset objects unloaded after import = 2

========================================================================
Received Import Request.
  Time since last request: 0.000022 seconds.
  path: Assets/Modern tiles_Free/Interiors_free/32x32/Interiors_free_32x32_24.asset
  importAddress: Guid(561ab5bcbac3aaa4b88750e94fc72f7c) Importer(2089858483,b0f066a214c2f5e87bad3c948f4d605d)
Start importing Assets/Modern tiles_Free/Interiors_free/32x32/Interiors_free_32x32_24.asset using Guid(561ab5bcbac3aaa4b88750e94fc72f7c) Importer(2089858483,b0f066a214c2f5e87bad3c948f4d605d) (ScriptedImporter) -> (Import Result ID: 'efd059e6be4588b8e5e2ca61c3e786d9') in 0.0092622 seconds [static and dynamic dependencies]. Details - ImportResultOutputID=f222659a0de3d142360f57190fd56502 DependenciesID=37a73c01763246b37e9581193b784848 StaticDependenciesID=a48cdf488a48fe8e4c60f04a66f017bb 
Number of updated asset objects reloaded before import = 0Number of asset objects unloaded after import = 2

========================================================================
Received Import Request.
  Time since last request: 0.000015 seconds.
  path: Assets/Modern tiles_Free/Interiors_free/32x32/Interiors_free_32x32_898.asset
  importAddress: Guid(f392003cadc405040a87e6464c27e671) Importer(2089858483,b0f066a214c2f5e87bad3c948f4d605d)
Start importing Assets/Modern tiles_Free/Interiors_free/32x32/Interiors_free_32x32_898.asset using Guid(f392003cadc405040a87e6464c27e671) Importer(2089858483,b0f066a214c2f5e87bad3c948f4d605d) (ScriptedImporter) -> (Import Result ID: '82cefd9ab7155ef12c325aa9847585bc') in 0.0084476 seconds [static and dynamic dependencies]. Details - ImportResultOutputID=bad8880050e5f0fe48cf786ff2f65e79 DependenciesID=538aba4ad977d455200945000219d189 StaticDependenciesID=ffcad831e170a7790e1185677c97c456 
Number of updated asset objects reloaded before import = 0Number of asset objects unloaded after import = 2

========================================================================
Received Import Request.
  Time since last request: 0.000016 seconds.
  path: Assets/Modern tiles_Free/Interiors_free/32x32/Interiors_free_32x32_54.asset
  importAddress: Guid(9e91b94fe045cab4cae934f4c5d13f12) Importer(2089858483,b0f066a214c2f5e87bad3c948f4d605d)
Start importing Assets/Modern tiles_Free/Interiors_free/32x32/Interiors_free_32x32_54.asset using Guid(9e91b94fe045cab4cae934f4c5d13f12) Importer(2089858483,b0f066a214c2f5e87bad3c948f4d605d) (ScriptedImporter) -> (Import Result ID: 'aa6387a0611bcd1fcee0132566085987') in 0.0095537 seconds [static and dynamic dependencies]. Details - ImportResultOutputID=e72594ffbbeff1b06c37b1948cf38497 DependenciesID=a8a14107c569a2be3301be5d8e4f4ad2 StaticDependenciesID=d6a3e22b9abc8ba7fa564b78874af1fb 
Number of updated asset objects reloaded before import = 0Number of asset objects unloaded after import = 2

========================================================================
Received Import Request.
  Time since last request: 0.000017 seconds.
  path: Assets/Modern tiles_Free/Interiors_free/32x32/Interiors_free_32x32_52.asset
  importAddress: Guid(74431aaa835a3b243be8157ac58c82ed) Importer(2089858483,b0f066a214c2f5e87bad3c948f4d605d)
Start importing Assets/Modern tiles_Free/Interiors_free/32x32/Interiors_free_32x32_52.asset using Guid(74431aaa835a3b243be8157ac58c82ed) Importer(2089858483,b0f066a214c2f5e87bad3c948f4d605d) (ScriptedImporter) -> (Import Result ID: '26014d8b8b7a423a2f39784acad03d52') in 0.0086357 seconds [static and dynamic dependencies]. Details - ImportResultOutputID=2c8a3bf51b77271d517971efc38b1484 DependenciesID=1ecce331f08def79a4455673e353b772 StaticDependenciesID=7b25e9c0385352d5649e101778eafe81 
Number of updated asset objects reloaded before import = 0Number of asset objects unloaded after import = 2

========================================================================
Received Import Request.
  Time since last request: 0.000023 seconds.
  path: Assets/Modern tiles_Free/Interiors_free/32x32/Interiors_free_32x32_278.asset
  importAddress: Guid(b65dd4764ad6a894fa792cc0d5e0e14d) Importer(2089858483,b0f066a214c2f5e87bad3c948f4d605d)
Start importing Assets/Modern tiles_Free/Interiors_free/32x32/Interiors_free_32x32_278.asset using Guid(b65dd4764ad6a894fa792cc0d5e0e14d) Importer(2089858483,b0f066a214c2f5e87bad3c948f4d605d) (ScriptedImporter) -> (Import Result ID: '4781dc78f1b242be87720d0dfefbb006') in 0.0094832 seconds [static and dynamic dependencies]. Details - ImportResultOutputID=c4fc4677910a67647dcdbcbf52015fa3 DependenciesID=4b53ad8accc994c81b7db41fc1f0061e StaticDependenciesID=d0a644c27e47f9034d02c37d2336f63e 
Number of updated asset objects reloaded before import = 0Number of asset objects unloaded after import = 2

========================================================================
Received Import Request.
  Time since last request: 0.000016 seconds.
  path: Assets/Modern tiles_Free/Interiors_free/32x32/Interiors_free_32x32_1013.asset
  importAddress: Guid(af59d8471bf83f44a9ba710406347b95) Importer(2089858483,b0f066a214c2f5e87bad3c948f4d605d)
Start importing Assets/Modern tiles_Free/Interiors_free/32x32/Interiors_free_32x32_1013.asset using Guid(af59d8471bf83f44a9ba710406347b95) Importer(2089858483,b0f066a214c2f5e87bad3c948f4d605d) (ScriptedImporter) -> (Import Result ID: '370775993b9951aca2fc156952e218a5') in 0.0081804 seconds [static and dynamic dependencies]. Details - ImportResultOutputID=9233d630ff4d1f51343ebac4d9ff660b DependenciesID=9b0c18ecb3d1e03549fd05eddad492c9 StaticDependenciesID=0057901919f8efed8714001227faf48d 
Number of updated asset objects reloaded before import = 0Number of asset objects unloaded after import = 2

========================================================================
Received Import Request.
  Time since last request: 0.000016 seconds.
  path: Assets/Modern tiles_Free/Interiors_free/32x32/Interiors_free_32x32_987.asset
  importAddress: Guid(94a0a6ab78bc8724d9288a99a26b00eb) Importer(2089858483,b0f066a214c2f5e87bad3c948f4d605d)
Start importing Assets/Modern tiles_Free/Interiors_free/32x32/Interiors_free_32x32_987.asset using Guid(94a0a6ab78bc8724d9288a99a26b00eb) Importer(2089858483,b0f066a214c2f5e87bad3c948f4d605d) (ScriptedImporter) -> (Import Result ID: '895830c7ba6a40404b209e0b103cdb72') in 0.0092373 seconds [static and dynamic dependencies]. Details - ImportResultOutputID=aef2b238b45aa8bdb0476243138d4af7 DependenciesID=2c47400e7c70b79f74f01b6e5bae3afc StaticDependenciesID=d4644507e24f5115ea4a3f58281e28df 
Number of updated asset objects reloaded before import = 0Number of asset objects unloaded after import = 2

========================================================================
Received Import Request.
  Time since last request: 0.000018 seconds.
  path: Assets/Modern tiles_Free/Interiors_free/32x32/Interiors_free_32x32_461.asset
  importAddress: Guid(cb6f1d0daf867d8448d2ef4a5a9d05de) Importer(2089858483,b0f066a214c2f5e87bad3c948f4d605d)
Start importing Assets/Modern tiles_Free/Interiors_free/32x32/Interiors_free_32x32_461.asset using Guid(cb6f1d0daf867d8448d2ef4a5a9d05de) Importer(2089858483,b0f066a214c2f5e87bad3c948f4d605d) (ScriptedImporter) -> (Import Result ID: '32dec404af5868afccc9324ebec04a02') in 0.0091939 seconds [static and dynamic dependencies]. Details - ImportResultOutputID=a2459b510cd92c4abf8fbe5aa10b653c DependenciesID=d52cda675d22d2012c93b855ce749735 StaticDependenciesID=c0ad7bd6304056e3d5655047a260fb83 
Number of updated asset objects reloaded before import = 0Number of asset objects unloaded after import = 2

========================================================================
Received Import Request.
  Time since last request: 0.000016 seconds.
  path: Assets/Modern tiles_Free/Interiors_free/32x32/Interiors_free_32x32_851.asset
  importAddress: Guid(569c9abfa5d8e9c40a43606ef559c09b) Importer(2089858483,b0f066a214c2f5e87bad3c948f4d605d)
Start importing Assets/Modern tiles_Free/Interiors_free/32x32/Interiors_free_32x32_851.asset using Guid(569c9abfa5d8e9c40a43606ef559c09b) Importer(2089858483,b0f066a214c2f5e87bad3c948f4d605d) (ScriptedImporter) -> (Import Result ID: '638808ae58eea83e9a6509d4dd312f8e') in 0.0098688 seconds [static and dynamic dependencies]. Details - ImportResultOutputID=1ee7ba6c8c85a0ab4b3a75c09f91e27a DependenciesID=f647bad47afb425e5198a0074c27d0c8 StaticDependenciesID=4b45c625286641998032762e63da2d8d 
Number of updated asset objects reloaded before import = 0Number of asset objects unloaded after import = 2

========================================================================
Received Import Request.
  Time since last request: 0.000015 seconds.
  path: Assets/Modern tiles_Free/Interiors_free/32x32/Interiors_free_32x32_80.asset
  importAddress: Guid(78ba28a63d300d048bc3e1ad8185ef0b) Importer(2089858483,b0f066a214c2f5e87bad3c948f4d605d)
Start importing Assets/Modern tiles_Free/Interiors_free/32x32/Interiors_free_32x32_80.asset using Guid(78ba28a63d300d048bc3e1ad8185ef0b) Importer(2089858483,b0f066a214c2f5e87bad3c948f4d605d) (ScriptedImporter) -> (Import Result ID: 'd053825bd276fc7028cb50935e243bae') in 0.0082826 seconds [static and dynamic dependencies]. Details - ImportResultOutputID=1f32256904c64a92b8d95325ba177189 DependenciesID=16fdb435c6e0a6bbe41bb5c0f7776ff0 StaticDependenciesID=43a1e27c8ba5c90bf04e2c2f375a9260 
Number of updated asset objects reloaded before import = 0Number of asset objects unloaded after import = 2

========================================================================
Received Import Request.
  Time since last request: 0.000016 seconds.
  path: Assets/Modern tiles_Free/Interiors_free/32x32/Interiors_free_32x32_1125.asset
  importAddress: Guid(a7b511510a50dfd49ac3604dbb5f0055) Importer(2089858483,b0f066a214c2f5e87bad3c948f4d605d)
Start importing Assets/Modern tiles_Free/Interiors_free/32x32/Interiors_free_32x32_1125.asset using Guid(a7b511510a50dfd49ac3604dbb5f0055) Importer(2089858483,b0f066a214c2f5e87bad3c948f4d605d) (ScriptedImporter) -> (Import Result ID: '6efb310d637a0c0c3df5dfcead1aa33f') in 0.0096597 seconds [static and dynamic dependencies]. Details - ImportResultOutputID=47067fc7c607322ccaab958b2231b524 DependenciesID=7b4eba2eaff867c8fb2a59fa7a2c6e6d StaticDependenciesID=42f499f9d91d69117e09b9f2c845598d 
Number of updated asset objects reloaded before import = 0Number of asset objects unloaded after import = 2

========================================================================
Received Import Request.
  Time since last request: 0.000020 seconds.
  path: Assets/Modern tiles_Free/Interiors_free/32x32/Interiors_free_32x32_1165.asset
  importAddress: Guid(3c834e35e70d2394782349510252b99b) Importer(2089858483,b0f066a214c2f5e87bad3c948f4d605d)
Start importing Assets/Modern tiles_Free/Interiors_free/32x32/Interiors_free_32x32_1165.asset using Guid(3c834e35e70d2394782349510252b99b) Importer(2089858483,b0f066a214c2f5e87bad3c948f4d605d) (ScriptedImporter) -> (Import Result ID: '23fa03a57f8eff3972933ca58c724240') in 0.0090189 seconds [static and dynamic dependencies]. Details - ImportResultOutputID=1f16e85067384725667f4f133988c0a2 DependenciesID=e5fb5f2db04f6834a8be38d1942d6d92 StaticDependenciesID=c5565efc554b41d0381de8aacd9cb12d 
Number of updated asset objects reloaded before import = 0Number of asset objects unloaded after import = 2

========================================================================
Received Import Request.
  Time since last request: 0.000018 seconds.
  path: Assets/Modern tiles_Free/Interiors_free/32x32/Interiors_free_32x32_108.asset
  importAddress: Guid(bd39b78971a23094db36956377db4871) Importer(2089858483,b0f066a214c2f5e87bad3c948f4d605d)
Start importing Assets/Modern tiles_Free/Interiors_free/32x32/Interiors_free_32x32_108.asset using Guid(bd39b78971a23094db36956377db4871) Importer(2089858483,b0f066a214c2f5e87bad3c948f4d605d) (ScriptedImporter) -> (Import Result ID: 'dcf757f74083cce0c702cdeee861a9bf') in 0.0089721 seconds [static and dynamic dependencies]. Details - ImportResultOutputID=05f05e770ef2ba813cd6a78ee23256e6 DependenciesID=c2e5a0587f6ee2cd8b02175fe239c01d StaticDependenciesID=42fb22c686b03f8b133632d0350c0656 
Number of updated asset objects reloaded before import = 0Number of asset objects unloaded after import = 2

========================================================================
Received Import Request.
  Time since last request: 0.000017 seconds.
  path: Assets/Modern tiles_Free/Interiors_free/32x32/Interiors_free_32x32_218.asset
  importAddress: Guid(7e68d3eb66626d24aa80f48069ddc9d4) Importer(2089858483,b0f066a214c2f5e87bad3c948f4d605d)
Start importing Assets/Modern tiles_Free/Interiors_free/32x32/Interiors_free_32x32_218.asset using Guid(7e68d3eb66626d24aa80f48069ddc9d4) Importer(2089858483,b0f066a214c2f5e87bad3c948f4d605d) (ScriptedImporter) -> (Import Result ID: 'e25507ec32b345a63fa4b2e9e2bd4099') in 0.008795 seconds [static and dynamic dependencies]. Details - ImportResultOutputID=6903eab8017c82ac6e839bb94b56f1af DependenciesID=eb2ed638ab823f9b74b5b3d46e20c448 StaticDependenciesID=e334fdb02f02ed2385cc7ecc26ae9a75 
Number of updated asset objects reloaded before import = 0Number of asset objects unloaded after import = 2

========================================================================
Received Import Request.
  Time since last request: 0.000014 seconds.
  path: Assets/Modern tiles_Free/Interiors_free/32x32/Interiors_free_32x32_32.asset
  importAddress: Guid(afc666c174a468a4db6d22a381db4c2e) Importer(2089858483,b0f066a214c2f5e87bad3c948f4d605d)
Start importing Assets/Modern tiles_Free/Interiors_free/32x32/Interiors_free_32x32_32.asset using Guid(afc666c174a468a4db6d22a381db4c2e) Importer(2089858483,b0f066a214c2f5e87bad3c948f4d605d) (ScriptedImporter) -> (Import Result ID: '7ef5797bde851709b1aaae307f410578') in 0.0092734 seconds [static and dynamic dependencies]. Details - ImportResultOutputID=2b9c43ad736ef70233ef6511f2b150c4 DependenciesID=d054727b70020d1b621faf8e782e3dbd StaticDependenciesID=bf862cab20df616b2bb49151d4866646 
Number of updated asset objects reloaded before import = 0Number of asset objects unloaded after import = 2

========================================================================
Received Import Request.
  Time since last request: 0.000015 seconds.
  path: Assets/Modern tiles_Free/Interiors_free/32x32/Interiors_free_32x32_680.asset
  importAddress: Guid(3a18e25c9b6cb93409e298d6ad91423f) Importer(2089858483,b0f066a214c2f5e87bad3c948f4d605d)
Start importing Assets/Modern tiles_Free/Interiors_free/32x32/Interiors_free_32x32_680.asset using Guid(3a18e25c9b6cb93409e298d6ad91423f) Importer(2089858483,b0f066a214c2f5e87bad3c948f4d605d) (ScriptedImporter) -> (Import Result ID: 'b8624302be658c9e40ff427c18cd22b6') in 0.008701 seconds [static and dynamic dependencies]. Details - ImportResultOutputID=9d98de937e71199f8d6f5270c3967cef DependenciesID=04dbeb0c94a78bd2200328840d512554 StaticDependenciesID=baf2df4099e0214792f1afa552f1e78a 
Number of updated asset objects reloaded before import = 0Number of asset objects unloaded after import = 2

========================================================================
Received Import Request.
  Time since last request: 0.000016 seconds.
  path: Assets/Modern tiles_Free/Interiors_free/32x32/Interiors_free_32x32_367.asset
  importAddress: Guid(458f5d2a1997c2a45b5aa1d98899eaac) Importer(2089858483,b0f066a214c2f5e87bad3c948f4d605d)
Start importing Assets/Modern tiles_Free/Interiors_free/32x32/Interiors_free_32x32_367.asset using Guid(458f5d2a1997c2a45b5aa1d98899eaac) Importer(2089858483,b0f066a214c2f5e87bad3c948f4d605d) (ScriptedImporter) -> (Import Result ID: '7de55dd3b7d19b6eb1f787d8d2087dd0') in 0.011247 seconds [static and dynamic dependencies]. Details - ImportResultOutputID=88578f2bafba0f1119e6a48af427e0ca DependenciesID=31abb25896e8e4bca869617740284192 StaticDependenciesID=8cd5a2c7fa0f29d56ce1b695a2189f41 
Number of updated asset objects reloaded before import = 0Number of asset objects unloaded after import = 2

========================================================================
Received Import Request.
  Time since last request: 0.000015 seconds.
  path: Assets/Modern tiles_Free/Interiors_free/32x32/Interiors_free_32x32_626.asset
  importAddress: Guid(095afea4ea0652943917a07c3361215d) Importer(2089858483,b0f066a214c2f5e87bad3c948f4d605d)
Start importing Assets/Modern tiles_Free/Interiors_free/32x32/Interiors_free_32x32_626.asset using Guid(095afea4ea0652943917a07c3361215d) Importer(2089858483,b0f066a214c2f5e87bad3c948f4d605d) (ScriptedImporter) -> (Import Result ID: 'd920ceba5f1034bf11be47633d831169') in 0.0070969 seconds [static and dynamic dependencies]. Details - ImportResultOutputID=a9545071349b467bbf6f091ea32f47da DependenciesID=dea495756c95a02fad10ed5f7b9af7db StaticDependenciesID=4b6fb6723f9fa66c9ca4c9fbf03561f0 
Number of updated asset objects reloaded before import = 0Number of asset objects unloaded after import = 2

========================================================================
Received Import Request.
  Time since last request: 0.000013 seconds.
  path: Assets/Modern tiles_Free/Interiors_free/32x32/Interiors_free_32x32_895.asset
  importAddress: Guid(492b829a57f98c84c9e46b6136a6e933) Importer(2089858483,b0f066a214c2f5e87bad3c948f4d605d)
Start importing Assets/Modern tiles_Free/Interiors_free/32x32/Interiors_free_32x32_895.asset using Guid(492b829a57f98c84c9e46b6136a6e933) Importer(2089858483,b0f066a214c2f5e87bad3c948f4d605d) (ScriptedImporter) -> (Import Result ID: 'a75caaddd8521b3735f49bcb5bd287e9') in 0.0085162 seconds [static and dynamic dependencies]. Details - ImportResultOutputID=915b5566f7dbd625662d6e579d241482 DependenciesID=d2fb8ef303af1b79c33d0e9dbb60cc57 StaticDependenciesID=929561bd71c358d3277f34d80b0b65f2 
Number of updated asset objects reloaded before import = 0Number of asset objects unloaded after import = 2

========================================================================
Received Import Request.
  Time since last request: 0.000016 seconds.
  path: Assets/Modern tiles_Free/Interiors_free/32x32/Interiors_free_32x32_1220.asset
  importAddress: Guid(7e0b53839288ac64aaa4555ad1059c2a) Importer(2089858483,b0f066a214c2f5e87bad3c948f4d605d)
Start importing Assets/Modern tiles_Free/Interiors_free/32x32/Interiors_free_32x32_1220.asset using Guid(7e0b53839288ac64aaa4555ad1059c2a) Importer(2089858483,b0f066a214c2f5e87bad3c948f4d605d) (ScriptedImporter) -> (Import Result ID: 'b214185bd177a6fbe534b3384fda3dee') in 0.0093757 seconds [static and dynamic dependencies]. Details - ImportResultOutputID=1f98373fbfc5edb7944054ac3c3b0f7e DependenciesID=7686e7b238cd5db203fe5d3f32939e90 StaticDependenciesID=f52dc4e1e78ac4dbd33a8e7e2c26b29a 
Number of updated asset objects reloaded before import = 0Number of asset objects unloaded after import = 2

========================================================================
Received Import Request.
  Time since last request: 0.000013 seconds.
  path: Assets/Modern tiles_Free/Interiors_free/32x32/Interiors_free_32x32_948.asset
  importAddress: Guid(55e7c902106a1b84fa7c6708aa11c681) Importer(2089858483,b0f066a214c2f5e87bad3c948f4d605d)
Start importing Assets/Modern tiles_Free/Interiors_free/32x32/Interiors_free_32x32_948.asset using Guid(55e7c902106a1b84fa7c6708aa11c681) Importer(2089858483,b0f066a214c2f5e87bad3c948f4d605d) (ScriptedImporter) -> (Import Result ID: 'ab53e7bb880f808edb02edb0ed8af044') in 0.0086279 seconds [static and dynamic dependencies]. Details - ImportResultOutputID=ff887907179176abcc73a0a2ed0131d4 DependenciesID=7f70575f1242fed968951f1a64610a1e StaticDependenciesID=6d1d4767129e3bea2ba5eafaeea885b3 
Number of updated asset objects reloaded before import = 0Number of asset objects unloaded after import = 2

========================================================================
Received Import Request.
  Time since last request: 0.000016 seconds.
  path: Assets/Modern tiles_Free/Interiors_free/32x32/Interiors_free_32x32_1093.asset
  importAddress: Guid(962f5bbed27cdd64db5de0a0ad08eef3) Importer(2089858483,b0f066a214c2f5e87bad3c948f4d605d)
Start importing Assets/Modern tiles_Free/Interiors_free/32x32/Interiors_free_32x32_1093.asset using Guid(962f5bbed27cdd64db5de0a0ad08eef3) Importer(2089858483,b0f066a214c2f5e87bad3c948f4d605d) (ScriptedImporter) -> (Import Result ID: '028d77b452c48c9c8475576368bfe6dd') in 0.0089823 seconds [static and dynamic dependencies]. Details - ImportResultOutputID=7bbb8d99aca476417d53a78eaa58051e DependenciesID=6707d1dc99bd907535af55376defcde9 StaticDependenciesID=0e494e69d27ff1f03f48d586011693c1 
Number of updated asset objects reloaded before import = 0Number of asset objects unloaded after import = 2

========================================================================
Received Import Request.
  Time since last request: 0.000019 seconds.
  path: Assets/Modern tiles_Free/Interiors_free/32x32/Interiors_free_32x32_1051.asset
  importAddress: Guid(0b370088e25352346b793c7a52b11a2e) Importer(2089858483,b0f066a214c2f5e87bad3c948f4d605d)
Start importing Assets/Modern tiles_Free/Interiors_free/32x32/Interiors_free_32x32_1051.asset using Guid(0b370088e25352346b793c7a52b11a2e) Importer(2089858483,b0f066a214c2f5e87bad3c948f4d605d) (ScriptedImporter) -> (Import Result ID: '0e526a2ed55a864808aabaa6e561c354') in 0.0083356 seconds [static and dynamic dependencies]. Details - ImportResultOutputID=cc77339e495f0b8dec3ed697167bc6c6 DependenciesID=a8e62a2604b1e6fff983dd16d7cbe6d5 StaticDependenciesID=a17b81485f8d20c785751bdae019b192 
Number of updated asset objects reloaded before import = 0Number of asset objects unloaded after import = 2

========================================================================
Received Import Request.
  Time since last request: 0.000018 seconds.
  path: Assets/Modern tiles_Free/Interiors_free/32x32/Interiors_free_32x32_247.asset
  importAddress: Guid(be3df84096819b945a2252939031c35f) Importer(2089858483,b0f066a214c2f5e87bad3c948f4d605d)
Start importing Assets/Modern tiles_Free/Interiors_free/32x32/Interiors_free_32x32_247.asset using Guid(be3df84096819b945a2252939031c35f) Importer(2089858483,b0f066a214c2f5e87bad3c948f4d605d) (ScriptedImporter) -> (Import Result ID: '6c57d10d80967fb6a361bbf3bf890a7a') in 0.0089779 seconds [static and dynamic dependencies]. Details - ImportResultOutputID=cc52b038119b4b4a8cacb5779d00ca2c DependenciesID=1a52e57d75fc7784aa415e68329dabf6 StaticDependenciesID=24a65aae930687bc17920da032a4ca98 
Number of updated asset objects reloaded before import = 0Number of asset objects unloaded after import = 2

========================================================================
Received Import Request.
  Time since last request: 0.000020 seconds.
  path: Assets/Modern tiles_Free/Interiors_free/32x32/Interiors_free_32x32_1210.asset
  importAddress: Guid(9c64b14f201902145bf6dfea62ddaef7) Importer(2089858483,b0f066a214c2f5e87bad3c948f4d605d)
Start importing Assets/Modern tiles_Free/Interiors_free/32x32/Interiors_free_32x32_1210.asset using Guid(9c64b14f201902145bf6dfea62ddaef7) Importer(2089858483,b0f066a214c2f5e87bad3c948f4d605d) (ScriptedImporter) -> (Import Result ID: '62626aeff272688df8e740cffe40ca6b') in 0.0087012 seconds [static and dynamic dependencies]. Details - ImportResultOutputID=b62582da60662aac74a3679ddf6a13c4 DependenciesID=e5935dea72421751e4dfaf6240faf8e7 StaticDependenciesID=a73df01c6336479965904db4bfcf4d5b 
Number of updated asset objects reloaded before import = 0Number of asset objects unloaded after import = 2

========================================================================
Received Import Request.
  Time since last request: 0.000020 seconds.
  path: Assets/Modern tiles_Free/Interiors_free/32x32/Interiors_free_32x32_759.asset
  importAddress: Guid(ec517074e0cbcf04fbc993d20cbb5fe6) Importer(2089858483,b0f066a214c2f5e87bad3c948f4d605d)
Start importing Assets/Modern tiles_Free/Interiors_free/32x32/Interiors_free_32x32_759.asset using Guid(ec517074e0cbcf04fbc993d20cbb5fe6) Importer(2089858483,b0f066a214c2f5e87bad3c948f4d605d) (ScriptedImporter) -> (Import Result ID: '2ac2ee749f044f5458f4838ed5331d5b') in 0.0094462 seconds [static and dynamic dependencies]. Details - ImportResultOutputID=0ca610ca0a07b1cb345aef674c2ccf66 DependenciesID=bfd4318c3a841988c4127afb8eaea46b StaticDependenciesID=d0a5d93fbc84471d51cc8baa017ce39e 
Number of updated asset objects reloaded before import = 0Number of asset objects unloaded after import = 2

========================================================================
Received Import Request.
  Time since last request: 0.000018 seconds.
  path: Assets/Modern tiles_Free/Interiors_free/32x32/Interiors_free_32x32_194.asset
  importAddress: Guid(9a72c768feedcce47910050d78999c5c) Importer(2089858483,b0f066a214c2f5e87bad3c948f4d605d)
Start importing Assets/Modern tiles_Free/Interiors_free/32x32/Interiors_free_32x32_194.asset using Guid(9a72c768feedcce47910050d78999c5c) Importer(2089858483,b0f066a214c2f5e87bad3c948f4d605d) (ScriptedImporter) -> (Import Result ID: '46b9d21b68ff18018e2b988b082c1820') in 0.009074 seconds [static and dynamic dependencies]. Details - ImportResultOutputID=76150bc8413a15113ce837f97039900d DependenciesID=28611b3b8e248569bcf789f548a5f208 StaticDependenciesID=3ff55ce1327c432b815ba0968c348b2d 
Number of updated asset objects reloaded before import = 0Number of asset objects unloaded after import = 2

========================================================================
Received Import Request.
  Time since last request: 0.000029 seconds.
  path: Assets/Modern tiles_Free/Interiors_free/32x32/Interiors_free_32x32_525.asset
  importAddress: Guid(dce3a64112566a643aff4dd1449be59e) Importer(2089858483,b0f066a214c2f5e87bad3c948f4d605d)
Start importing Assets/Modern tiles_Free/Interiors_free/32x32/Interiors_free_32x32_525.asset using Guid(dce3a64112566a643aff4dd1449be59e) Importer(2089858483,b0f066a214c2f5e87bad3c948f4d605d) (ScriptedImporter) -> (Import Result ID: 'f6010749068936ab600ecbcb3ec3bdd6') in 0.0087088 seconds [static and dynamic dependencies]. Details - ImportResultOutputID=45cf818d4fa644f1de3dcd407d29d242 DependenciesID=86c0eaf4d088f2edcf406c811404546f StaticDependenciesID=b1a2343d7f231d7565a819d0835566c1 
Number of updated asset objects reloaded before import = 0Number of asset objects unloaded after import = 2

========================================================================
Received Import Request.
  Time since last request: 0.000019 seconds.
  path: Assets/Modern tiles_Free/Interiors_free/32x32/Interiors_free_32x32_178.asset
  importAddress: Guid(a87d3fa6070b00f40bd5052738f114c5) Importer(2089858483,b0f066a214c2f5e87bad3c948f4d605d)
Start importing Assets/Modern tiles_Free/Interiors_free/32x32/Interiors_free_32x32_178.asset using Guid(a87d3fa6070b00f40bd5052738f114c5) Importer(2089858483,b0f066a214c2f5e87bad3c948f4d605d) (ScriptedImporter) -> (Import Result ID: '1cec148cfc8dc7a5421af7ea4999028f') in 0.009064 seconds [static and dynamic dependencies]. Details - ImportResultOutputID=cf9feb7f134ee40c2dfe64c622e16e0b DependenciesID=4c3da1211dd3506c4554f16d9980750b StaticDependenciesID=361d45b1a3c91aa00a2c86d2a7988414 
Number of updated asset objects reloaded before import = 0Number of asset objects unloaded after import = 2

========================================================================
Received Import Request.
  Time since last request: 0.000017 seconds.
  path: Assets/Modern tiles_Free/Interiors_free/32x32/Interiors_free_32x32_771.asset
  importAddress: Guid(f7480739887153d4999b544f8551e331) Importer(2089858483,b0f066a214c2f5e87bad3c948f4d605d)
Start importing Assets/Modern tiles_Free/Interiors_free/32x32/Interiors_free_32x32_771.asset using Guid(f7480739887153d4999b544f8551e331) Importer(2089858483,b0f066a214c2f5e87bad3c948f4d605d) (ScriptedImporter) -> (Import Result ID: 'aa6e88632763b83c1c35420a1b3c6435') in 0.0094889 seconds [static and dynamic dependencies]. Details - ImportResultOutputID=5199f1e64e945e4beab8f0a324f9b384 DependenciesID=11d2b2f754dd7bf550073fdf566c3948 StaticDependenciesID=97aff52e4783e33f122ccb9b90a6a3b7 
Number of updated asset objects reloaded before import = 0Number of asset objects unloaded after import = 2

========================================================================
Received Import Request.
  Time since last request: 0.000017 seconds.
  path: Assets/Modern tiles_Free/Interiors_free/32x32/Interiors_free_32x32_147.asset
  importAddress: Guid(562c4980f8e0e3c41820af8f76a4da1b) Importer(2089858483,b0f066a214c2f5e87bad3c948f4d605d)
Start importing Assets/Modern tiles_Free/Interiors_free/32x32/Interiors_free_32x32_147.asset using Guid(562c4980f8e0e3c41820af8f76a4da1b) Importer(2089858483,b0f066a214c2f5e87bad3c948f4d605d) (ScriptedImporter) -> (Import Result ID: '9e41ccf6ac19f035a693792369a79ca4') in 0.0090069 seconds [static and dynamic dependencies]. Details - ImportResultOutputID=3bafbfdbf5297b8c7865f78dde3bfb5f DependenciesID=451d9dbc1d0a3f10f45bb5be08de9633 StaticDependenciesID=b6f95ae711cad6bb2884390606438538 
Number of updated asset objects reloaded before import = 0Number of asset objects unloaded after import = 2

========================================================================
Received Import Request.
  Time since last request: 0.000014 seconds.
  path: Assets/Modern tiles_Free/Interiors_free/32x32/Interiors_free_32x32_374.asset
  importAddress: Guid(314e5283ca63e8d4b83ead2dcd5a7d84) Importer(2089858483,b0f066a214c2f5e87bad3c948f4d605d)
Start importing Assets/Modern tiles_Free/Interiors_free/32x32/Interiors_free_32x32_374.asset using Guid(314e5283ca63e8d4b83ead2dcd5a7d84) Importer(2089858483,b0f066a214c2f5e87bad3c948f4d605d) (ScriptedImporter) -> (Import Result ID: '44f5486088bffad0442739d12eb3d3cb') in 0.0095779 seconds [static and dynamic dependencies]. Details - ImportResultOutputID=9cb98dec44d1d36050bca8bea4e89e83 DependenciesID=22123b7309ebe83020dc8d506ffe2c43 StaticDependenciesID=9680a61e20189af07b8720bf3c7c1772 
Number of updated asset objects reloaded before import = 0Number of asset objects unloaded after import = 2

========================================================================
Received Import Request.
  Time since last request: 0.000015 seconds.
  path: Assets/Modern tiles_Free/Interiors_free/32x32/Interiors_free_32x32_593.asset
  importAddress: Guid(d2716e4d00b63f24383ab47d2f9964f9) Importer(2089858483,b0f066a214c2f5e87bad3c948f4d605d)
Start importing Assets/Modern tiles_Free/Interiors_free/32x32/Interiors_free_32x32_593.asset using Guid(d2716e4d00b63f24383ab47d2f9964f9) Importer(2089858483,b0f066a214c2f5e87bad3c948f4d605d) (ScriptedImporter) -> (Import Result ID: '4762be03d6c95a939bd364f0e8bbfbca') in 0.0084871 seconds [static and dynamic dependencies]. Details - ImportResultOutputID=84b0ab0bf3151472bb676d9888f901a9 DependenciesID=b59c2643ef13aa7e7ab5b17721f738ef StaticDependenciesID=03ac1437701971a67dfa88e1884d1f8b 
Number of updated asset objects reloaded before import = 0Number of asset objects unloaded after import = 2

========================================================================
Received Import Request.
  Time since last request: 0.000015 seconds.
  path: Assets/Modern tiles_Free/Interiors_free/32x32/Interiors_free_32x32_558.asset
  importAddress: Guid(831bb839a158ac7439c65ad4fbefa001) Importer(2089858483,b0f066a214c2f5e87bad3c948f4d605d)
Start importing Assets/Modern tiles_Free/Interiors_free/32x32/Interiors_free_32x32_558.asset using Guid(831bb839a158ac7439c65ad4fbefa001) Importer(2089858483,b0f066a214c2f5e87bad3c948f4d605d) (ScriptedImporter) -> (Import Result ID: 'f64a1afb4929e9bd8d7830c8f09c5d25') in 0.0092092 seconds [static and dynamic dependencies]. Details - ImportResultOutputID=8dafbd3be79b46702d059e23972e6dea DependenciesID=e5ee2b89da77a78f9019a71b82b481c5 StaticDependenciesID=bbcbf13cfaef109213bdb68af8dce238 
Number of updated asset objects reloaded before import = 0Number of asset objects unloaded after import = 2

========================================================================
Received Import Request.
  Time since last request: 0.000016 seconds.
  path: Assets/Modern tiles_Free/Interiors_free/32x32/Interiors_free_32x32_362.asset
  importAddress: Guid(bfae999cb9f6887478a4db457c33ed24) Importer(2089858483,b0f066a214c2f5e87bad3c948f4d605d)
Start importing Assets/Modern tiles_Free/Interiors_free/32x32/Interiors_free_32x32_362.asset using Guid(bfae999cb9f6887478a4db457c33ed24) Importer(2089858483,b0f066a214c2f5e87bad3c948f4d605d) (ScriptedImporter) -> (Import Result ID: '6bc408c3ea45c7f82020dac21e3b135e') in 0.0081553 seconds [static and dynamic dependencies]. Details - ImportResultOutputID=e009c918da4602c75736abadc5aa1987 DependenciesID=a524c288281da993d70856d5cdeeb665 StaticDependenciesID=2a66f8122f5be612f386279060c3ee20 
Number of updated asset objects reloaded before import = 0Number of asset objects unloaded after import = 2

========================================================================
Received Import Request.
  Time since last request: 0.000019 seconds.
  path: Assets/Modern tiles_Free/Interiors_free/32x32/Interiors_free_32x32_753.asset
  importAddress: Guid(1d5b70fe773b3de45903bd15de5dc513) Importer(2089858483,b0f066a214c2f5e87bad3c948f4d605d)
Start importing Assets/Modern tiles_Free/Interiors_free/32x32/Interiors_free_32x32_753.asset using Guid(1d5b70fe773b3de45903bd15de5dc513) Importer(2089858483,b0f066a214c2f5e87bad3c948f4d605d) (ScriptedImporter) -> (Import Result ID: '2c2953191f408c6c3f3c8f1dccee9464') in 0.0093693 seconds [static and dynamic dependencies]. Details - ImportResultOutputID=2a4825bca7239e73323ad5cda5d08917 DependenciesID=4eba4bb62d17b8162d09feb96bda9d04 StaticDependenciesID=a8b8f530da3a50cd63dea51e8be848d5 
Number of updated asset objects reloaded before import = 0Number of asset objects unloaded after import = 2

========================================================================
Received Import Request.
  Time since last request: 0.000015 seconds.
  path: Assets/Modern tiles_Free/Interiors_free/32x32/Interiors_free_32x32_245.asset
  importAddress: Guid(3d214c2a334f05f488d757d4e6741395) Importer(2089858483,b0f066a214c2f5e87bad3c948f4d605d)
Start importing Assets/Modern tiles_Free/Interiors_free/32x32/Interiors_free_32x32_245.asset using Guid(3d214c2a334f05f488d757d4e6741395) Importer(2089858483,b0f066a214c2f5e87bad3c948f4d605d) (ScriptedImporter) -> (Import Result ID: '3b111b7e20e8adc8fa8fbd92303e5218') in 0.0083652 seconds [static and dynamic dependencies]. Details - ImportResultOutputID=646be9e7fdb1b37ae089d16fd39dda84 DependenciesID=19f8c00770fde3c4237e947d2a671a9f StaticDependenciesID=f1ef5eecd5076dc35caaeb6dd865a354 
Number of updated asset objects reloaded before import = 0Number of asset objects unloaded after import = 2

========================================================================
Received Import Request.
  Time since last request: 0.000014 seconds.
  path: Assets/Modern tiles_Free/Interiors_free/32x32/Interiors_free_32x32_1192.asset
  importAddress: Guid(4a5b09bab57e3b4418b4c2391cd1a121) Importer(2089858483,b0f066a214c2f5e87bad3c948f4d605d)
Start importing Assets/Modern tiles_Free/Interiors_free/32x32/Interiors_free_32x32_1192.asset using Guid(4a5b09bab57e3b4418b4c2391cd1a121) Importer(2089858483,b0f066a214c2f5e87bad3c948f4d605d) (ScriptedImporter) -> (Import Result ID: '4fb6673d07c91e5d9640f0c48e4dd240') in 0.0086148 seconds [static and dynamic dependencies]. Details - ImportResultOutputID=052334cd441709f53d494f8bc82ff05b DependenciesID=2039cdeda77a00b32ebe0cc2b96f3bbb StaticDependenciesID=f67e5ef28a69cc76f3bec8f1cd6baee2 
Number of updated asset objects reloaded before import = 0Number of asset objects unloaded after import = 2

========================================================================
Received Import Request.
  Time since last request: 0.000017 seconds.
  path: Assets/Modern tiles_Free/Interiors_free/32x32/Interiors_free_32x32_254.asset
  importAddress: Guid(91eb8d5481ca10f42ae71d293359cb4e) Importer(2089858483,b0f066a214c2f5e87bad3c948f4d605d)
Start importing Assets/Modern tiles_Free/Interiors_free/32x32/Interiors_free_32x32_254.asset using Guid(91eb8d5481ca10f42ae71d293359cb4e) Importer(2089858483,b0f066a214c2f5e87bad3c948f4d605d) (ScriptedImporter) -> (Import Result ID: '79d5405f65c44e074da2256242d5d67a') in 0.0090636 seconds [static and dynamic dependencies]. Details - ImportResultOutputID=5134cf19a2c9970edfd0fb413e957a07 DependenciesID=4715dc21648b14ea8a5625fb54d2b421 StaticDependenciesID=efecb659727d9efe8c6de8ea281ee73c 
Number of updated asset objects reloaded before import = 0Number of asset objects unloaded after import = 2

========================================================================
Received Import Request.
  Time since last request: 0.000014 seconds.
  path: Assets/Modern tiles_Free/Interiors_free/32x32/Interiors_free_32x32_188.asset
  importAddress: Guid(d4edf97cc5f24164fab0eea424f717b8) Importer(2089858483,b0f066a214c2f5e87bad3c948f4d605d)
Start importing Assets/Modern tiles_Free/Interiors_free/32x32/Interiors_free_32x32_188.asset using Guid(d4edf97cc5f24164fab0eea424f717b8) Importer(2089858483,b0f066a214c2f5e87bad3c948f4d605d) (ScriptedImporter) -> (Import Result ID: '3e594b94d73bd4c726cb0402ad15feb6') in 0.0087936 seconds [static and dynamic dependencies]. Details - ImportResultOutputID=33d962dded86f43d05329acf04e81db5 DependenciesID=9a29461364d0a7a95a600d9720704201 StaticDependenciesID=54dbee0543b75939e7bed98184f1002f 
Number of updated asset objects reloaded before import = 0Number of asset objects unloaded after import = 2

========================================================================
Received Import Request.
  Time since last request: 0.000020 seconds.
  path: Assets/Modern tiles_Free/Interiors_free/32x32/Interiors_free_32x32_321.asset
  importAddress: Guid(9c6fe69234179734681ceed6eff92b63) Importer(2089858483,b0f066a214c2f5e87bad3c948f4d605d)
Start importing Assets/Modern tiles_Free/Interiors_free/32x32/Interiors_free_32x32_321.asset using Guid(9c6fe69234179734681ceed6eff92b63) Importer(2089858483,b0f066a214c2f5e87bad3c948f4d605d) (ScriptedImporter) -> (Import Result ID: 'a6a8a1f4790550d17c134ed47dfd0c2f') in 0.0088109 seconds [static and dynamic dependencies]. Details - ImportResultOutputID=c2a90efc2efbbaef456366a35ecc11d7 DependenciesID=b21221ae08c1c980b854663c33cd5746 StaticDependenciesID=1a370da8cf270be18b137d13bb9f3144 
Number of updated asset objects reloaded before import = 0Number of asset objects unloaded after import = 2

========================================================================
Received Import Request.
  Time since last request: 0.000017 seconds.
  path: Assets/Modern tiles_Free/Interiors_free/32x32/Interiors_free_32x32_1223.asset
  importAddress: Guid(21e9f19f8a636384397eb879a694590e) Importer(2089858483,b0f066a214c2f5e87bad3c948f4d605d)
Start importing Assets/Modern tiles_Free/Interiors_free/32x32/Interiors_free_32x32_1223.asset using Guid(21e9f19f8a636384397eb879a694590e) Importer(2089858483,b0f066a214c2f5e87bad3c948f4d605d) (ScriptedImporter) -> (Import Result ID: '111879882e0a0e1ec3c27993f6c50fe6') in 0.0087747 seconds [static and dynamic dependencies]. Details - ImportResultOutputID=36c5e12f6067d664ee14bd705d202827 DependenciesID=38ab928a0a76a68942b2837d7e02298a StaticDependenciesID=0f03a6c54ebb8f318a5eda28396d2e86 
Number of updated asset objects reloaded before import = 0Number of asset objects unloaded after import = 2

========================================================================
Received Import Request.
  Time since last request: 0.000017 seconds.
  path: Assets/Modern tiles_Free/Interiors_free/32x32/Interiors_free_32x32_318.asset
  importAddress: Guid(45b9a47f9fed2494e9bd6d78883a5473) Importer(2089858483,b0f066a214c2f5e87bad3c948f4d605d)
Start importing Assets/Modern tiles_Free/Interiors_free/32x32/Interiors_free_32x32_318.asset using Guid(45b9a47f9fed2494e9bd6d78883a5473) Importer(2089858483,b0f066a214c2f5e87bad3c948f4d605d) (ScriptedImporter) -> (Import Result ID: '4dbf8825d5ae7f179535d3ea83b44fd3') in 0.008825 seconds [static and dynamic dependencies]. Details - ImportResultOutputID=2b612f7b651c69bb9eb3dc0fe79cba2c DependenciesID=2bca2f18dfb9a810a661b1fe9ee85e62 StaticDependenciesID=a4eb90bb7efd308526414fcc7a85e8aa 
Number of updated asset objects reloaded before import = 0Number of asset objects unloaded after import = 2

========================================================================
Received Import Request.
  Time since last request: 0.000013 seconds.
  path: Assets/Modern tiles_Free/Interiors_free/32x32/Interiors_free_32x32_514.asset
  importAddress: Guid(17c460cdff6ca5b4a8c138b08a667490) Importer(2089858483,b0f066a214c2f5e87bad3c948f4d605d)
Start importing Assets/Modern tiles_Free/Interiors_free/32x32/Interiors_free_32x32_514.asset using Guid(17c460cdff6ca5b4a8c138b08a667490) Importer(2089858483,b0f066a214c2f5e87bad3c948f4d605d) (ScriptedImporter) -> (Import Result ID: 'be15e1b6d892425837f63ef9ee75a6eb') in 0.0086271 seconds [static and dynamic dependencies]. Details - ImportResultOutputID=f008fbe07e98c1af1981d523073f1efe DependenciesID=8cbb8336f654d60bf5afdd1c22c62fd2 StaticDependenciesID=e85d23ed87a7a7ad9cdc9d5323a30cde 
Number of updated asset objects reloaded before import = 0Number of asset objects unloaded after import = 2

========================================================================
Received Import Request.
  Time since last request: 0.000014 seconds.
  path: Assets/Modern tiles_Free/Interiors_free/32x32/Interiors_free_32x32_500.asset
  importAddress: Guid(9c65a012999d8124ebf7c73d80f72951) Importer(2089858483,b0f066a214c2f5e87bad3c948f4d605d)
Start importing Assets/Modern tiles_Free/Interiors_free/32x32/Interiors_free_32x32_500.asset using Guid(9c65a012999d8124ebf7c73d80f72951) Importer(2089858483,b0f066a214c2f5e87bad3c948f4d605d) (ScriptedImporter) -> (Import Result ID: 'ee83a59305d9f1938ab1cbbe8e2483ae') in 0.0091546 seconds [static and dynamic dependencies]. Details - ImportResultOutputID=4dea6945c65121dc0a3548740303f35c DependenciesID=ea899b9b717ed9a6efd89942a7b51f93 StaticDependenciesID=f0f86b07af3c0b3d352c70775cc5cc68 
Number of updated asset objects reloaded before import = 0Number of asset objects unloaded after import = 2

========================================================================
Received Import Request.
  Time since last request: 0.000020 seconds.
  path: Assets/Modern tiles_Free/Interiors_free/32x32/Interiors_free_32x32_486.asset
  importAddress: Guid(cc0dcaf53138adc4fa69b4b0d2fc6f23) Importer(2089858483,b0f066a214c2f5e87bad3c948f4d605d)
Start importing Assets/Modern tiles_Free/Interiors_free/32x32/Interiors_free_32x32_486.asset using Guid(cc0dcaf53138adc4fa69b4b0d2fc6f23) Importer(2089858483,b0f066a214c2f5e87bad3c948f4d605d) (ScriptedImporter) -> (Import Result ID: 'd6b113bf18011a991865352f397a478e') in 0.0081432 seconds [static and dynamic dependencies]. Details - ImportResultOutputID=7b8e608b45a2d0cbf28f82069fb8f11e DependenciesID=e07cf013f77ad43645ccd079bceab498 StaticDependenciesID=ea0c91b911f5a02e3975916a3929afe1 
Number of updated asset objects reloaded before import = 0Number of asset objects unloaded after import = 2

========================================================================
Received Import Request.
  Time since last request: 0.000016 seconds.
  path: Assets/Modern tiles_Free/Interiors_free/32x32/Interiors_free_32x32_0.asset
  importAddress: Guid(b074ee36ba806f14d8fc807416301820) Importer(2089858483,b0f066a214c2f5e87bad3c948f4d605d)
Start importing Assets/Modern tiles_Free/Interiors_free/32x32/Interiors_free_32x32_0.asset using Guid(b074ee36ba806f14d8fc807416301820) Importer(2089858483,b0f066a214c2f5e87bad3c948f4d605d) (ScriptedImporter) -> (Import Result ID: '9d88b01e0682c32673d868d7487e93e1') in 0.0087954 seconds [static and dynamic dependencies]. Details - ImportResultOutputID=37f961caa18cc910a5ceb9cfbf3262db DependenciesID=eb152b6aff75923b20600cd0b9b69503 StaticDependenciesID=431b697a0e4f7e59e2a4fcf096a7d738 
Number of updated asset objects reloaded before import = 0Number of asset objects unloaded after import = 2

========================================================================
Received Import Request.
  Time since last request: 0.000015 seconds.
  path: Assets/Modern tiles_Free/Interiors_free/32x32/Interiors_free_32x32_676.asset
  importAddress: Guid(ef5b6de0983bd534c80634a165b6addd) Importer(2089858483,b0f066a214c2f5e87bad3c948f4d605d)
Start importing Assets/Modern tiles_Free/Interiors_free/32x32/Interiors_free_32x32_676.asset using Guid(ef5b6de0983bd534c80634a165b6addd) Importer(2089858483,b0f066a214c2f5e87bad3c948f4d605d) (ScriptedImporter) -> (Import Result ID: '65aff172f9b5166d96da837ed83b98ac') in 0.0084058 seconds [static and dynamic dependencies]. Details - ImportResultOutputID=c58d0df53151072cc88ee01f90047b3b DependenciesID=8016cb0e28bf630b03a2a69809a463a8 StaticDependenciesID=3ab0409e87a6538249966ed5320bb70d 
Number of updated asset objects reloaded before import = 0Number of asset objects unloaded after import = 2

========================================================================
Received Import Request.
  Time since last request: 0.000014 seconds.
  path: Assets/Modern tiles_Free/Interiors_free/32x32/Interiors_free_32x32_539.asset
  importAddress: Guid(44508b76523b33049a4183d6c58de991) Importer(2089858483,b0f066a214c2f5e87bad3c948f4d605d)
Start importing Assets/Modern tiles_Free/Interiors_free/32x32/Interiors_free_32x32_539.asset using Guid(44508b76523b33049a4183d6c58de991) Importer(2089858483,b0f066a214c2f5e87bad3c948f4d605d) (ScriptedImporter) -> (Import Result ID: '292059957270ee57bbb831e38f5f7e84') in 0.0088541 seconds [static and dynamic dependencies]. Details - ImportResultOutputID=b7095c519d087c82c3b60ee83ff51699 DependenciesID=e15a070b0a86ed9885a8f970b88eab30 StaticDependenciesID=92de6a5756ebf3d2feef172203200f86 
Number of updated asset objects reloaded before import = 0Number of asset objects unloaded after import = 2

========================================================================
Received Import Request.
  Time since last request: 0.000022 seconds.
  path: Assets/Modern tiles_Free/Interiors_free/32x32/Interiors_free_32x32_870.asset
  importAddress: Guid(de64654e8bf909943b8efdfe6218caf5) Importer(2089858483,b0f066a214c2f5e87bad3c948f4d605d)
Start importing Assets/Modern tiles_Free/Interiors_free/32x32/Interiors_free_32x32_870.asset using Guid(de64654e8bf909943b8efdfe6218caf5) Importer(2089858483,b0f066a214c2f5e87bad3c948f4d605d) (ScriptedImporter) -> (Import Result ID: '348d651c6e7660ed27057ec717bee354') in 0.0085952 seconds [static and dynamic dependencies]. Details - ImportResultOutputID=a289f45d2d7df48cad1102957f1c1332 DependenciesID=e4ab63a76df9bb2bf2d74608da5c47de StaticDependenciesID=24fa23e70ef714d17ce8059f0ada40bc 
Number of updated asset objects reloaded before import = 0Number of asset objects unloaded after import = 2

========================================================================
Received Import Request.
  Time since last request: 0.000027 seconds.
  path: Assets/Modern tiles_Free/Interiors_free/32x32/Interiors_free_32x32_722.asset
  importAddress: Guid(4d649b4ee82284e49b0366f834b124e4) Importer(2089858483,b0f066a214c2f5e87bad3c948f4d605d)
Start importing Assets/Modern tiles_Free/Interiors_free/32x32/Interiors_free_32x32_722.asset using Guid(4d649b4ee82284e49b0366f834b124e4) Importer(2089858483,b0f066a214c2f5e87bad3c948f4d605d) (ScriptedImporter) -> (Import Result ID: 'd2eb604f2e681d9e28280daf007b755c') in 0.0088628 seconds [static and dynamic dependencies]. Details - ImportResultOutputID=15b584d553ecbb098b1e6e2d6432b638 DependenciesID=97a2e62b0148307713e1f8467160e7f3 StaticDependenciesID=39ca20a181d88b14735920be593bd4a6 
Number of updated asset objects reloaded before import = 0Number of asset objects unloaded after import = 2

========================================================================
Received Import Request.
  Time since last request: 0.000015 seconds.
  path: Assets/Modern tiles_Free/Interiors_free/32x32/Interiors_free_32x32_1204.asset
  importAddress: Guid(704a1abfd33f20543a8b30ec3764685f) Importer(2089858483,b0f066a214c2f5e87bad3c948f4d605d)
Start importing Assets/Modern tiles_Free/Interiors_free/32x32/Interiors_free_32x32_1204.asset using Guid(704a1abfd33f20543a8b30ec3764685f) Importer(2089858483,b0f066a214c2f5e87bad3c948f4d605d) (ScriptedImporter) -> (Import Result ID: 'bd678596cb8679adb4308afaf23af56f') in 0.0090092 seconds [static and dynamic dependencies]. Details - ImportResultOutputID=775c101262e29c3d87838d35f89f3b3d DependenciesID=8b5d00d300ed033772de1ed0564d66aa StaticDependenciesID=779d29af0c7b6c8f63517e9fb4c31822 
Number of updated asset objects reloaded before import = 0Number of asset objects unloaded after import = 2

========================================================================
Received Import Request.
  Time since last request: 0.000017 seconds.
  path: Assets/Modern tiles_Free/Interiors_free/32x32/Interiors_free_32x32_711.asset
  importAddress: Guid(8f8308803e3a0ba43a790d67a6095fbd) Importer(2089858483,b0f066a214c2f5e87bad3c948f4d605d)
Start importing Assets/Modern tiles_Free/Interiors_free/32x32/Interiors_free_32x32_711.asset using Guid(8f8308803e3a0ba43a790d67a6095fbd) Importer(2089858483,b0f066a214c2f5e87bad3c948f4d605d) (ScriptedImporter) -> (Import Result ID: '36ca8f0eec93eae2bfad17042f5036ab') in 0.0083655 seconds [static and dynamic dependencies]. Details - ImportResultOutputID=1a86b3bf8d2da9df9bc1c0b39c48aa25 DependenciesID=35f9b8d4d484f24fea5c7c2257b61447 StaticDependenciesID=dcde55b9252c23a9c24e24925600df2c 
Number of updated asset objects reloaded before import = 0Number of asset objects unloaded after import = 2

========================================================================
Received Import Request.
  Time since last request: 0.000014 seconds.
  path: Assets/Modern tiles_Free/Interiors_free/32x32/Interiors_free_32x32_760.asset
  importAddress: Guid(ce650dfb0d5b4534d8909f6d43766d67) Importer(2089858483,b0f066a214c2f5e87bad3c948f4d605d)
Start importing Assets/Modern tiles_Free/Interiors_free/32x32/Interiors_free_32x32_760.asset using Guid(ce650dfb0d5b4534d8909f6d43766d67) Importer(2089858483,b0f066a214c2f5e87bad3c948f4d605d) (ScriptedImporter) -> (Import Result ID: '9a768fb776cadadfb76333679cf13363') in 0.0094461 seconds [static and dynamic dependencies]. Details - ImportResultOutputID=aefc468baade6ecbf43bebd7fdfaeb99 DependenciesID=e9cb915832fa393f7dbfe73c96c7b112 StaticDependenciesID=4a0c9a3f0d1a74ffeda8057c579f9437 
Number of updated asset objects reloaded before import = 0Number of asset objects unloaded after import = 2

========================================================================
Received Import Request.
  Time since last request: 0.000014 seconds.
  path: Assets/Modern tiles_Free/Interiors_free/32x32/Interiors_free_32x32_688.asset
  importAddress: Guid(2633806ce1c46d3438658438421e9134) Importer(2089858483,b0f066a214c2f5e87bad3c948f4d605d)
Start importing Assets/Modern tiles_Free/Interiors_free/32x32/Interiors_free_32x32_688.asset using Guid(2633806ce1c46d3438658438421e9134) Importer(2089858483,b0f066a214c2f5e87bad3c948f4d605d) (ScriptedImporter) -> (Import Result ID: 'cb75641bf9838851f36679d9d88ef076') in 0.0085264 seconds [static and dynamic dependencies]. Details - ImportResultOutputID=30d2d2320f456ad406f0ce4122eb0249 DependenciesID=b7ed4dbf00ea243e00910363cb2dd0b9 StaticDependenciesID=035f03c1afeb85eebf43f67384c7d778 
Number of updated asset objects reloaded before import = 0Number of asset objects unloaded after import = 2

========================================================================
Received Import Request.
  Time since last request: 0.000029 seconds.
  path: Assets/Modern tiles_Free/Interiors_free/32x32/Interiors_free_32x32_665.asset
  importAddress: Guid(48dd7321f8540fa43a3f4ce7b8c69917) Importer(2089858483,b0f066a214c2f5e87bad3c948f4d605d)
Start importing Assets/Modern tiles_Free/Interiors_free/32x32/Interiors_free_32x32_665.asset using Guid(48dd7321f8540fa43a3f4ce7b8c69917) Importer(2089858483,b0f066a214c2f5e87bad3c948f4d605d) (ScriptedImporter) -> (Import Result ID: '36045ce8cdae33064ea0c666e2347773') in 0.0088327 seconds [static and dynamic dependencies]. Details - ImportResultOutputID=803ec05a13db8be1b5458df83a9d3142 DependenciesID=4d56e7ffac90650c3dda11de0e3d533c StaticDependenciesID=d2b0d971c09c731adf54b672240858b8 
Number of updated asset objects reloaded before import = 0Number of asset objects unloaded after import = 2

========================================================================
Received Import Request.
  Time since last request: 0.000015 seconds.
  path: Assets/Modern tiles_Free/Interiors_free/32x32/Interiors_free_32x32_775.asset
  importAddress: Guid(6a6c119698d7c224e8a2e008b3139fa3) Importer(2089858483,b0f066a214c2f5e87bad3c948f4d605d)
Start importing Assets/Modern tiles_Free/Interiors_free/32x32/Interiors_free_32x32_775.asset using Guid(6a6c119698d7c224e8a2e008b3139fa3) Importer(2089858483,b0f066a214c2f5e87bad3c948f4d605d) (ScriptedImporter) -> (Import Result ID: 'b609320b59c89b110800e1cfa9088e7e') in 0.0085956 seconds [static and dynamic dependencies]. Details - ImportResultOutputID=2eb4c29320ae1f05c7a0b920e33aaa0e DependenciesID=188355dcc59c1a4b0a1bc07b65dfefe2 StaticDependenciesID=06278329d5be28ce580c22bdcdb6c0b1 
Number of updated asset objects reloaded before import = 0Number of asset objects unloaded after import = 2

========================================================================
Received Import Request.
  Time since last request: 0.000017 seconds.
  path: Assets/Modern tiles_Free/Interiors_free/32x32/Interiors_free_32x32_289.asset
  importAddress: Guid(743b3931d0cda1f4fa9a560d44085567) Importer(2089858483,b0f066a214c2f5e87bad3c948f4d605d)
Start importing Assets/Modern tiles_Free/Interiors_free/32x32/Interiors_free_32x32_289.asset using Guid(743b3931d0cda1f4fa9a560d44085567) Importer(2089858483,b0f066a214c2f5e87bad3c948f4d605d) (ScriptedImporter) -> (Import Result ID: '4f7304012d9b69742c79942d07608495') in 0.009039 seconds [static and dynamic dependencies]. Details - ImportResultOutputID=168ec45172a1e44124419dcfae94cde0 DependenciesID=cf92b81d490b5d89ae06a4bcf66759f6 StaticDependenciesID=8893e061295fa689d6b1efe66e01e24d 
Number of updated asset objects reloaded before import = 0Number of asset objects unloaded after import = 2

========================================================================
Received Import Request.
  Time since last request: 0.000022 seconds.
  path: Assets/Modern tiles_Free/Interiors_free/32x32/Interiors_free_32x32_219.asset
  importAddress: Guid(3522c41921e7aba4c9b984a32687f32b) Importer(2089858483,b0f066a214c2f5e87bad3c948f4d605d)
Start importing Assets/Modern tiles_Free/Interiors_free/32x32/Interiors_free_32x32_219.asset using Guid(3522c41921e7aba4c9b984a32687f32b) Importer(2089858483,b0f066a214c2f5e87bad3c948f4d605d) (ScriptedImporter) -> (Import Result ID: '3ebc91d175cae572cac26dc0ce7e2315') in 0.0090848 seconds [static and dynamic dependencies]. Details - ImportResultOutputID=e4c69b45a5dd07e6ea520d5dfb834dd9 DependenciesID=49e8efc30477caa83976dee968a7cbf1 StaticDependenciesID=7970ba43e8aa1ba4055902635b6f6b4f 
Number of updated asset objects reloaded before import = 0Number of asset objects unloaded after import = 2

========================================================================
Received Import Request.
  Time since last request: 0.000017 seconds.
  path: Assets/Modern tiles_Free/Interiors_free/32x32/Interiors_free_32x32_180.asset
  importAddress: Guid(89278e8d0dbc59a4891861ad5e8c5d32) Importer(2089858483,b0f066a214c2f5e87bad3c948f4d605d)
Start importing Assets/Modern tiles_Free/Interiors_free/32x32/Interiors_free_32x32_180.asset using Guid(89278e8d0dbc59a4891861ad5e8c5d32) Importer(2089858483,b0f066a214c2f5e87bad3c948f4d605d) (ScriptedImporter) -> (Import Result ID: '936f4689936e29342455166afd02097c') in 0.0093995 seconds [static and dynamic dependencies]. Details - ImportResultOutputID=66c6e231ff1ee7b77dab6269d99f4694 DependenciesID=6c6f758d9780293d0e3f6bbae5a47b2b StaticDependenciesID=7494632569b829fdd8fc82bb3b66379a 
Number of updated asset objects reloaded before import = 0Number of asset objects unloaded after import = 2

========================================================================
Received Import Request.
  Time since last request: 0.000016 seconds.
  path: Assets/Modern tiles_Free/Interiors_free/32x32/Interiors_free_32x32_529.asset
  importAddress: Guid(d90e64c7a9a398f4198c4cb81482c302) Importer(2089858483,b0f066a214c2f5e87bad3c948f4d605d)
Start importing Assets/Modern tiles_Free/Interiors_free/32x32/Interiors_free_32x32_529.asset using Guid(d90e64c7a9a398f4198c4cb81482c302) Importer(2089858483,b0f066a214c2f5e87bad3c948f4d605d) (ScriptedImporter) -> (Import Result ID: '59f64a654634be6096ecaf08682435d0') in 0.0220961 seconds [static and dynamic dependencies]. Details - ImportResultOutputID=da8366bea8872bb8b2a6f6c37b99d2eb DependenciesID=5287e5c91d707b5f3e03f458b0e1a3c0 StaticDependenciesID=f6eb18a8edaf143f277c70d1976cde04 
Number of updated asset objects reloaded before import = 0Number of asset objects unloaded after import = 2

========================================================================
Received Import Request.
  Time since last request: 0.000014 seconds.
  path: Assets/Modern tiles_Free/Interiors_free/32x32/Interiors_free_32x32_203.asset
  importAddress: Guid(ce70ea0859d4a5743ab7f0a1de4c3166) Importer(2089858483,b0f066a214c2f5e87bad3c948f4d605d)
Start importing Assets/Modern tiles_Free/Interiors_free/32x32/Interiors_free_32x32_203.asset using Guid(ce70ea0859d4a5743ab7f0a1de4c3166) Importer(2089858483,b0f066a214c2f5e87bad3c948f4d605d) (ScriptedImporter) -> (Import Result ID: 'cccb1e8dbe91270bf3186101de927ef3') in 0.0086264 seconds [static and dynamic dependencies]. Details - ImportResultOutputID=25145fa5834e91408f6ccbfeef04fd30 DependenciesID=1f0cb1f9b2dad6adff1bb47c5e5b6881 StaticDependenciesID=76d25ab34ec16bd2fca91d030448409e 
Number of updated asset objects reloaded before import = 0Number of asset objects unloaded after import = 2

========================================================================
Received Import Request.
  Time since last request: 0.000016 seconds.
  path: Assets/Modern tiles_Free/Interiors_free/32x32/Interiors_free_32x32_1112.asset
  importAddress: Guid(e1ec29b0927525049bfe90e2ea64548f) Importer(2089858483,b0f066a214c2f5e87bad3c948f4d605d)
Start importing Assets/Modern tiles_Free/Interiors_free/32x32/Interiors_free_32x32_1112.asset using Guid(e1ec29b0927525049bfe90e2ea64548f) Importer(2089858483,b0f066a214c2f5e87bad3c948f4d605d) (ScriptedImporter) -> (Import Result ID: '68efead34d3a33721bc23efea52f1be6') in 0.009166 seconds [static and dynamic dependencies]. Details - ImportResultOutputID=161433eafc810c06f177a920a31d179f DependenciesID=2e6e0b0d91b18284335edad2ec0317e3 StaticDependenciesID=32f4d67885d1f313489d1095424017f5 
Number of updated asset objects reloaded before import = 0Number of asset objects unloaded after import = 2

========================================================================
Received Import Request.
  Time since last request: 0.000015 seconds.
  path: Assets/Modern tiles_Free/Interiors_free/32x32/Interiors_free_32x32_120.asset
  importAddress: Guid(40697db20822aef40b86c11662538c69) Importer(2089858483,b0f066a214c2f5e87bad3c948f4d605d)
Start importing Assets/Modern tiles_Free/Interiors_free/32x32/Interiors_free_32x32_120.asset using Guid(40697db20822aef40b86c11662538c69) Importer(2089858483,b0f066a214c2f5e87bad3c948f4d605d) (ScriptedImporter) -> (Import Result ID: '1a6be6827da91786ec7737947d8664bb') in 0.008752 seconds [static and dynamic dependencies]. Details - ImportResultOutputID=8092b2011aa09f83a9137de5fc1f94f2 DependenciesID=049d51813d79edca83e2dac11fb9a3bc StaticDependenciesID=53ae2236c2a9b48fe284a98f405ab636 
Number of updated asset objects reloaded before import = 0Number of asset objects unloaded after import = 2

========================================================================
Received Import Request.
  Time since last request: 0.000014 seconds.
  path: Assets/Modern tiles_Free/Interiors_free/32x32/Interiors_free_32x32_248.asset
  importAddress: Guid(7dacf0d1cd0ffab4986684b7026ea29f) Importer(2089858483,b0f066a214c2f5e87bad3c948f4d605d)
Start importing Assets/Modern tiles_Free/Interiors_free/32x32/Interiors_free_32x32_248.asset using Guid(7dacf0d1cd0ffab4986684b7026ea29f) Importer(2089858483,b0f066a214c2f5e87bad3c948f4d605d) (ScriptedImporter) -> (Import Result ID: '0187f35a1e50841cd55ddb4ab3441b69') in 0.0090675 seconds [static and dynamic dependencies]. Details - ImportResultOutputID=da3ed90bb257002137ab8dd652858968 DependenciesID=294d307614bb65cd27ffe3962ad7e0b0 StaticDependenciesID=c3955a71290af5b977571b5cae239e20 
Number of updated asset objects reloaded before import = 0Number of asset objects unloaded after import = 2

========================================================================
Received Import Request.
  Time since last request: 0.000017 seconds.
  path: Assets/Modern tiles_Free/Interiors_free/32x32/Interiors_free_32x32_537.asset
  importAddress: Guid(59c7e7cc357951b4b8d943c800c06d5f) Importer(2089858483,b0f066a214c2f5e87bad3c948f4d605d)
Start importing Assets/Modern tiles_Free/Interiors_free/32x32/Interiors_free_32x32_537.asset using Guid(59c7e7cc357951b4b8d943c800c06d5f) Importer(2089858483,b0f066a214c2f5e87bad3c948f4d605d) (ScriptedImporter) -> (Import Result ID: '07145724b5ef79d373788a99c0b4aba8') in 0.0082208 seconds [static and dynamic dependencies]. Details - ImportResultOutputID=21444f07a3c1907142198c0ad24851ba DependenciesID=3bf30e49b95bc13bb47f0ce61f322007 StaticDependenciesID=27b3bed62699ea6771241e94cbeaa602 
Number of updated asset objects reloaded before import = 0Number of asset objects unloaded after import = 2

========================================================================
Received Import Request.
  Time since last request: 0.000020 seconds.
  path: Assets/Modern tiles_Free/Interiors_free/32x32/Interiors_free_32x32_363.asset
  importAddress: Guid(7d047c1270a7d0c4d86e0543cc024790) Importer(2089858483,b0f066a214c2f5e87bad3c948f4d605d)
Start importing Assets/Modern tiles_Free/Interiors_free/32x32/Interiors_free_32x32_363.asset using Guid(7d047c1270a7d0c4d86e0543cc024790) Importer(2089858483,b0f066a214c2f5e87bad3c948f4d605d) (ScriptedImporter) -> (Import Result ID: 'c491482be6af8f17fb41c2a09f70dcbb') in 0.0088902 seconds [static and dynamic dependencies]. Details - ImportResultOutputID=b7a1e935b72f5cba30856809615809f5 DependenciesID=9d54a9c8d36c3fbb2ba2847c901e8f47 StaticDependenciesID=56241bb2782170ed8d59bcb6874eae2d 
Number of updated asset objects reloaded before import = 0Number of asset objects unloaded after import = 2

========================================================================
Received Import Request.
  Time since last request: 0.000019 seconds.
  path: Assets/Modern tiles_Free/Interiors_free/32x32/Interiors_free_32x32_710.asset
  importAddress: Guid(0ad5b03dfc67974468ec6673ca78b558) Importer(2089858483,b0f066a214c2f5e87bad3c948f4d605d)
Start importing Assets/Modern tiles_Free/Interiors_free/32x32/Interiors_free_32x32_710.asset using Guid(0ad5b03dfc67974468ec6673ca78b558) Importer(2089858483,b0f066a214c2f5e87bad3c948f4d605d) (ScriptedImporter) -> (Import Result ID: '2dfeb63ce892e2cdb752494f05def47c') in 0.0090581 seconds [static and dynamic dependencies]. Details - ImportResultOutputID=35ef1bfb6597e7c2dfc569bf2ee896ee DependenciesID=25fa600beeac34fbff611d9def4b80c1 StaticDependenciesID=3cc200abe6831c847cc98df666aaa8a0 
Number of updated asset objects reloaded before import = 0Number of asset objects unloaded after import = 2

========================================================================
Received Import Request.
  Time since last request: 0.000015 seconds.
  path: Assets/Modern tiles_Free/Interiors_free/32x32/Interiors_free_32x32_315.asset
  importAddress: Guid(bd5d5b7913a2f7848afc7dff8493e965) Importer(2089858483,b0f066a214c2f5e87bad3c948f4d605d)
Start importing Assets/Modern tiles_Free/Interiors_free/32x32/Interiors_free_32x32_315.asset using Guid(bd5d5b7913a2f7848afc7dff8493e965) Importer(2089858483,b0f066a214c2f5e87bad3c948f4d605d) (ScriptedImporter) -> (Import Result ID: 'b308edff162fbdb9db59454a0a7a47c9') in 0.0095367 seconds [static and dynamic dependencies]. Details - ImportResultOutputID=09225cb2372528e6f718ad17fe8c47db DependenciesID=28da75ffff9d1f5693cd2bd2c1770969 StaticDependenciesID=0e2477a0befc402bfedafbd2ce6931a7 
Number of updated asset objects reloaded before import = 0Number of asset objects unloaded after import = 2

