[Licensing::Module] Trying to connect to existing licensing client channel...
Built from '6000.4/staging' branch; Version is '6000.4.6f1 (0b051c2e5d54) revision 722204'; Using compiler version '194234433'; Build Type 'Release'
[Licensing::IpcConnector] Successfully connected to: "LicenseClient-Kau" at "2026-05-09T00:21:34.8507966Z"
OS: 'Windows 10  (10.0.19045) 64bit Professional' Language: 'tr' Physical Memory: 31913 MB
BatchMode: 1, IsHumanControllingUs: 0, StartBugReporterOnCrash: 0, Is64bit: 1
System  architecture: x64
Process architecture: x64
Date: 2026-05-09T00:21:34Z

COMMAND LINE ARGUMENTS:
C:\Program Files\Unity\Hub\Editor\6000.4.6f1\Editor\Unity.exe
-adb2
-batchMode
-noUpm
-name
AssetImportWorker4
-projectPath
C:/Users/Kau/Documents/Purr
-logFile
Logs/AssetImportWorker4.log
-srvPort
53235
-licensingIpc
LicenseClient-Kau
-force-d3d12
-job-worker-count
7
-background-job-worker-count
8
-gc-helper-count
1
-name
AssetImport
Successfully changed project path to: C:/Users/Kau/Documents/Purr
C:/Users/Kau/Documents/Purr
[UnityMemory] Configuration Parameters - Can be set up in boot.config
    "memorysetup-temp-allocator-size-gi-baking-worker=262144"
    "memorysetup-temp-allocator-size-gi-baking-worker=262144"
    "memorysetup-temp-allocator-size-gi-baking-worker=262144"
    "memorysetup-temp-allocator-size-gi-baking-worker=262144"
    "memorysetup-temp-allocator-size-gi-baking-worker=262144"
    "memorysetup-temp-allocator-size-nav-mesh-worker=65536"
    "memorysetup-temp-allocator-size-audio-worker=65536"
    "memorysetup-temp-allocator-size-cloud-worker=32768"
    "memorysetup-temp-allocator-size-gfx=262144"
    "memorysetup-temp-allocator-size-preload-manager=33554432"
    "memorysetup-temp-allocator-size-job-worker=262144"
    "memorysetup-temp-allocator-size-background-worker=32768"
    "memorysetup-allocator-temp-initial-block-size-main=262144"
    "memorysetup-allocator-temp-initial-block-size-worker=262144"
    "memorysetup-bucket-allocator-granularity=16"
    "memorysetup-bucket-allocator-bucket-count=8"
    "memorysetup-bucket-allocator-block-size=33554432"
    "memorysetup-bucket-allocator-block-count=8"
    "memorysetup-main-allocator-block-size=16777216"
    "memorysetup-thread-allocator-block-size=16777216"
    "memorysetup-gfx-main-allocator-block-size=16777216"
    "memorysetup-gfx-thread-allocator-block-size=16777216"
    "memorysetup-cache-allocator-block-size=4194304"
    "memorysetup-typetree-allocator-block-size=2097152"
    "memorysetup-profiler-bucket-allocator-granularity=16"
    "memorysetup-profiler-bucket-allocator-bucket-count=8"
    "memorysetup-profiler-bucket-allocator-block-size=33554432"
    "memorysetup-profiler-bucket-allocator-block-count=8"
    "memorysetup-profiler-allocator-block-size=16777216"
    "memorysetup-profiler-editor-allocator-block-size=1048576"
    "memorysetup-temp-allocator-size-main=16777216"
    "memorysetup-job-temp-allocator-block-size=2097152"
    "memorysetup-job-temp-allocator-block-size-background=1048576"
    "memorysetup-job-temp-allocator-reduction-small-platforms=262144"
Player connection [29872]  Target information:

Player connection [29872]  * "[IP] 192.168.1.112 [Port] 0 [Flags] 2 [Guid] 835303272 [EditorId] 835303272 [Version] 1048832 [Id] WindowsEditor(7,DESKTOP-1LDONTU) [Debug] 1 [PackageName] WindowsEditor [ProjectName] Editor" 

Player connection [29872] Host joined multi-casting on [225.0.0.222:54997]...
Player connection [29872] Host joined alternative multi-casting on [225.0.0.222:34997]...
JobSystem: Creating JobQueue using job-worker-count value 7
Input System module state changed to: Initialized.
[Physics::Module] Initialized fallback backend.
[Physics::Module] Id: 0xdecafbad
Library Redirect Path: Library/
[Physics::Module] Selected backend.
[Physics::Module] Name: PhysX
[Physics::Module] Id: 0xf2b8ea05
[Physics::Module] SDK Version: 4.1.2
[Physics::Module] Integration Version: 1.0.0
[Physics::Module] Threading Mode: Multi-Threaded
Initialize engine version: 6000.4.6f1 (0b051c2e5d54)
[Subsystems] Discovering subsystems at path C:/Program Files/Unity/Hub/Editor/6000.4.6f1/Editor/Data/Resources/UnitySubsystems
[Subsystems] Discovering subsystems at path C:/Users/Kau/Documents/Purr/Assets
Forcing GfxDevice: Direct3D 12
GfxDevice: creating device client; kGfxThreadingModeNonThreaded
d3d12: failed to query info queue interface (0x80004002).
Direct3D:
    Version:         Direct3D 12 [level 12.2]
    Renderer:        AMD Radeon RX 7900 XT (ID=0x744c)
    Vendor:          ATI
    VRAM:            20420 MB
    App VRAM Budget: 19652 MB
    Driver:          32.0.23033.1002
Initialize mono
Mono path[0] = 'C:/Program Files/Unity/Hub/Editor/6000.4.6f1/Editor/Data/Managed'
Mono path[1] = 'C:/Program Files/Unity/Hub/Editor/6000.4.6f1/Editor/Data/MonoBleedingEdge/lib/mono/unityjit-win32'
Mono config path = 'C:/Program Files/Unity/Hub/Editor/6000.4.6f1/Editor/Data/MonoBleedingEdge/etc'
Using monoOptions --debugger-agent=transport=dt_socket,embedding=1,server=y,suspend=n,address=127.0.0.1:56520
CodeReloadManager initialized
Begin MonoManager ReloadAssembly
Registering precompiled unity dll's ...
Register platform support module: C:/Program Files/Unity/Hub/Editor/6000.4.6f1/Editor/Data/PlaybackEngines/WindowsStandaloneSupport/UnityEditor.WindowsStandalone.Extensions.dll
Registered in 0.001999 seconds.
[Licensing::Client] Error: HandshakeResponse reported an error:
	ResponseCode: 505
	ResponseStatus: Unsupported protocol version '1.18.1'.
[Licensing::Module] Error: Failed to handshake to channel: "LicenseClient-Kau"
[Licensing::IpcConnector] LicenseClient-Kau channel disconnected successfully.
[Licensing::IpcConnector] Successfully connected to: "LicenseClient-Kau-6000.4.6" at "2026-05-09T00:21:35.5287099Z"
[Licensing::Client] Code 10 while verifying Licensing Client signature (process Id: 24892, path: "C:/Program Files/Unity/Hub/Editor/6000.4.6f1/Editor/Data/Resources/Licensing/Client/Unity.Licensing.Client.exe")
[Licensing::Module] LicensingClient has failed validation; ignoring
[Licensing::Client] Handshaking with LicensingClient:
  Version:                 1.18.1+9fbee8e
  Session Id:              78a0ed7d426d40adbc4b5cf7d5931a07
  Correlation Id:          4882ad27388a41b2aed1335a189fdeba
  External correlation Id: 8431970838611672866
  Machine Id:              2DUGQgDOeg77MMAPeNxxI6bm/Cg=
[Licensing::Module] Successfully connected to LicensingClient on channel: "LicenseClient-Kau-6000.4.6" (connect: 0.00s, validation: 0.00s, handshake: 0.00s)
[Licensing::IpcConnector] Successfully connected to: "LicenseClient-Kau-6000.4.6-notifications" at "2026-05-09T00:21:35.5337103Z"
[Licensing::Module] Licensing Background thread has ended after 0.68s
Native extension for WindowsStandalone target not found
Package Manager log level set to [2]
[Package Manager] Failed to launch server process. Reason: Unity was launched with the -noUpm command-line argument
[Package Manager] Unable to send message (not connected to server process).
[Package Manager] Cannot connect to Unity Package Manager local server
ScheduleIndexationOnStartup MainProcess:False IndexOnStartup:True
Mono: successfully reloaded assembly
- Finished resetting the current domain, in  0.327 seconds
Domain Reload Profiling: 687ms
	BeginReloadAssembly (109ms)
	RebuildCommonClasses (31ms)
	RebuildNativeTypeToScriptingClass (11ms)
	initialDomainReloadingComplete (55ms)
	LoadAllAssembliesAndSetupDomain (153ms)
		LoadAssemblies (105ms)
		AnalyzeDomain (145ms)
			TypeCache.Refresh (144ms)
				TypeCache.ScanAssembly (134ms)
	FinalizeReload (328ms)
		SetupLoadedEditorAssemblies (0ms)
			InitializePlatformSupportModulesInManaged (37ms)
			BeforeProcessingInitializeOnLoad (68ms)
			ProcessInitializeOnLoadAttributes (97ms)
			ProcessInitializeOnLoadMethodAttributes (72ms)
========================================================================
Worker process is ready to serve import requests
Import Worker Mode flag is 0x00
Begin MonoManager ReloadAssembly
[Licensing::Client] Successfully resolved entitlement details
[Licensing::Module] License group:
  Id: 18968224920260-UnityPersXXXX
  Product: Unity Personal
  Type: Assigned
  Expiration: Unlimited
Assembly Assembly-CSharp-Editor-firstpass.dll at Library/ScriptAssemblies/Assembly-CSharp-Editor-firstpass.dll not valid. Loading of assembly skipped.
Assembly Assembly-CSharp-Editor.dll at Library/ScriptAssemblies/Assembly-CSharp-Editor.dll not valid. Loading of assembly skipped.
Assembly Assembly-CSharp-firstpass.dll at Library/ScriptAssemblies/Assembly-CSharp-firstpass.dll not valid. Loading of assembly skipped.
Assembly Assembly-CSharp.dll at Library/ScriptAssemblies/Assembly-CSharp.dll not valid. Loading of assembly skipped.
Assembly Unity.2D.PixelPerfect.Editor.Tests.dll at Library/ScriptAssemblies/Unity.2D.PixelPerfect.Editor.Tests.dll not valid. Loading of assembly skipped.
Assembly Unity.2D.Sprite.Package.EditorTests.dll at Library/ScriptAssemblies/Unity.2D.Sprite.Package.EditorTests.dll not valid. Loading of assembly skipped.
Assembly Unity.2D.Tilemap.Package.EditorTests.dll at Library/ScriptAssemblies/Unity.2D.Tilemap.Package.EditorTests.dll not valid. Loading of assembly skipped.
Assembly Unity.Multiplayer.Center.Editor.Tests.dll at Library/ScriptAssemblies/Unity.Multiplayer.Center.Editor.Tests.dll not valid. Loading of assembly skipped.
Assembly Unity.Multiplayer.Center.Tests.dll at Library/ScriptAssemblies/Unity.Multiplayer.Center.Tests.dll not valid. Loading of assembly skipped.
Native extension for WindowsStandalone target not found
[Package Manager] Failed to launch server process. Reason: Unity was launched with the -noUpm command-line argument
[Package Manager] Unable to send message (not connected to server process).
[Package Manager] Cannot connect to Unity Package Manager local server
ScheduleIndexationOnStartup MainProcess:False IndexOnStartup:True
Mono: successfully reloaded assembly
- Finished resetting the current domain, in  0.275 seconds
Domain Reload Profiling: 548ms
	BeginReloadAssembly (170ms)
		DisableScriptedObjects (5ms)
		CreateAndSetChildDomain (31ms)
	RebuildCommonClasses (36ms)
	RebuildNativeTypeToScriptingClass (11ms)
	initialDomainReloadingComplete (36ms)
	LoadAllAssembliesAndSetupDomain (19ms)
		LoadAssemblies (93ms)
		AnalyzeDomain (12ms)
			TypeCache.Refresh (9ms)
				TypeCache.ScanAssembly (5ms)
	FinalizeReload (276ms)
		SetupLoadedEditorAssemblies (0ms)
			BeforeProcessingInitializeOnLoad (77ms)
			ProcessInitializeOnLoadAttributes (65ms)
			ProcessInitializeOnLoadMethodAttributes (35ms)
			AfterProcessingInitializeOnLoad (7ms)
		AwakeInstancesAfterBackupRestoration (7ms)
Launched and connected shader compiler UnityShaderCompiler.exe after 0.01 seconds
Unloading 0 Unused Serialized files (Serialized files now loaded: 0)
Unloading 244 unused Assets / (36.5 KB). Loaded Objects now: 849.
Memory consumption went from 69.2 MB to 69.2 MB.
Total: 3.093000 ms (FindLiveObjects: 0.059600 ms CreateObjectMapping: 0.008800 ms MarkObjects: 2.928600 ms  DeleteObjects: 0.094700 ms)

========================================================================
Received Import Request.
  Time since last request: 448286.242386 seconds.
  path: Assets/Modern tiles_Free/Interiors_free/32x32/Interiors_free_32x32_406.asset
  importAddress: Guid(8d69ec4e32dce6a44b4f2dc86232b677) Importer(2089858483,b0f066a214c2f5e87bad3c948f4d605d)
Start importing Assets/Modern tiles_Free/Interiors_free/32x32/Interiors_free_32x32_406.asset using Guid(8d69ec4e32dce6a44b4f2dc86232b677) Importer(2089858483,b0f066a214c2f5e87bad3c948f4d605d) (ScriptedImporter) -> (Import Result ID: '294efbecffba9d194820de7708c19f36') in 0.0929824 seconds [static and dynamic dependencies]. Details - ImportResultOutputID=58b586bbc3308666cdecdc08db73290a DependenciesID=10a302ee37bf6c4fbdf52592f31ab2a2 StaticDependenciesID=19d3a12c3304289cb21030cea110884f 
Number of updated asset objects reloaded before import = 0Number of asset objects unloaded after import = 2

========================================================================
Received Import Request.
  Time since last request: 0.000021 seconds.
  path: Assets/Modern tiles_Free/Interiors_free/32x32/Interiors_free_32x32_949.asset
  importAddress: Guid(4700bd9f06aa15d44bd69993ae1d4a22) Importer(2089858483,b0f066a214c2f5e87bad3c948f4d605d)
Start importing Assets/Modern tiles_Free/Interiors_free/32x32/Interiors_free_32x32_949.asset using Guid(4700bd9f06aa15d44bd69993ae1d4a22) Importer(2089858483,b0f066a214c2f5e87bad3c948f4d605d) (ScriptedImporter) -> (Import Result ID: 'cafc24ee87977e3a80c443dbab207130') in 0.0093662 seconds [static and dynamic dependencies]. Details - ImportResultOutputID=8c34ef22765b14bc42151402e688883c DependenciesID=3bb50c7478be1a9084715b76f652834b StaticDependenciesID=ab7d16439a368d4fdf908e1ee6072345 
Number of updated asset objects reloaded before import = 0Number of asset objects unloaded after import = 2

========================================================================
Received Import Request.
  Time since last request: 0.000017 seconds.
  path: Assets/Modern tiles_Free/Interiors_free/32x32/Interiors_free_32x32_1126.asset
  importAddress: Guid(37d44694911a169489acfb7390caedea) Importer(2089858483,b0f066a214c2f5e87bad3c948f4d605d)
Start importing Assets/Modern tiles_Free/Interiors_free/32x32/Interiors_free_32x32_1126.asset using Guid(37d44694911a169489acfb7390caedea) Importer(2089858483,b0f066a214c2f5e87bad3c948f4d605d) (ScriptedImporter) -> (Import Result ID: 'e40b27d75390cd22eadaccc1c7680508') in 0.0098159 seconds [static and dynamic dependencies]. Details - ImportResultOutputID=182c096b496b8747a83b576b854a89d7 DependenciesID=ed869fad7bfe073c4a4ec4e7ce938032 StaticDependenciesID=da096df12f478a9c8c9c2aab3a93199e 
Number of updated asset objects reloaded before import = 0Number of asset objects unloaded after import = 2

========================================================================
Received Import Request.
  Time since last request: 0.000015 seconds.
  path: Assets/Modern tiles_Free/Interiors_free/32x32/Interiors_free_32x32_981.asset
  importAddress: Guid(65016ce6b121a1d4fbc61bfadc350635) Importer(2089858483,b0f066a214c2f5e87bad3c948f4d605d)
Start importing Assets/Modern tiles_Free/Interiors_free/32x32/Interiors_free_32x32_981.asset using Guid(65016ce6b121a1d4fbc61bfadc350635) Importer(2089858483,b0f066a214c2f5e87bad3c948f4d605d) (ScriptedImporter) -> (Import Result ID: 'c4ba3acfd91cdeb2a3c0dd8095e2f13d') in 0.0084041 seconds [static and dynamic dependencies]. Details - ImportResultOutputID=cde31b851692f57202194f80e7eab2d5 DependenciesID=c7557ce643a999a2271a85a4105743c7 StaticDependenciesID=f767e79adf1ec90c257c3f9440fa5339 
Number of updated asset objects reloaded before import = 0Number of asset objects unloaded after import = 2

========================================================================
Received Import Request.
  Time since last request: 0.000018 seconds.
  path: Assets/Modern tiles_Free/Interiors_free/32x32/Interiors_free_32x32_251.asset
  importAddress: Guid(174fd9601097120418ee542715516148) Importer(2089858483,b0f066a214c2f5e87bad3c948f4d605d)
Start importing Assets/Modern tiles_Free/Interiors_free/32x32/Interiors_free_32x32_251.asset using Guid(174fd9601097120418ee542715516148) Importer(2089858483,b0f066a214c2f5e87bad3c948f4d605d) (ScriptedImporter) -> (Import Result ID: 'bbde260b3026bd272f9a91271521aebb') in 0.0095628 seconds [static and dynamic dependencies]. Details - ImportResultOutputID=375e81dfae62f893f255dae8253175b5 DependenciesID=802abee9e1c13a765bddcc95782a2e61 StaticDependenciesID=6386aa19305ab438569358eeacd89eb2 
Number of updated asset objects reloaded before import = 0Number of asset objects unloaded after import = 2

========================================================================
Received Import Request.
  Time since last request: 0.000020 seconds.
  path: Assets/Modern tiles_Free/Interiors_free/32x32/Interiors_free_32x32_883.asset
  importAddress: Guid(86bbef978fbbd714688c85f51f8e2557) Importer(2089858483,b0f066a214c2f5e87bad3c948f4d605d)
Start importing Assets/Modern tiles_Free/Interiors_free/32x32/Interiors_free_32x32_883.asset using Guid(86bbef978fbbd714688c85f51f8e2557) Importer(2089858483,b0f066a214c2f5e87bad3c948f4d605d) (ScriptedImporter) -> (Import Result ID: 'ec1502de6845f6a2a842d0e9f5bbdd1b') in 0.0085954 seconds [static and dynamic dependencies]. Details - ImportResultOutputID=df2a7b9fdebb26c164bef9952b03b006 DependenciesID=0ed9052df272b9e866365e847c8a61dd StaticDependenciesID=9bd9f627c862a9b9dfa5f59b55896391 
Number of updated asset objects reloaded before import = 0Number of asset objects unloaded after import = 2

========================================================================
Received Import Request.
  Time since last request: 0.000022 seconds.
  path: Assets/Modern tiles_Free/Interiors_free/32x32/Interiors_free_32x32_242.asset
  importAddress: Guid(5ffff3caf17e5474b9a347342e33d5df) Importer(2089858483,b0f066a214c2f5e87bad3c948f4d605d)
Start importing Assets/Modern tiles_Free/Interiors_free/32x32/Interiors_free_32x32_242.asset using Guid(5ffff3caf17e5474b9a347342e33d5df) Importer(2089858483,b0f066a214c2f5e87bad3c948f4d605d) (ScriptedImporter) -> (Import Result ID: '147faa7e2edb7b34299011b52eafadd4') in 0.0089959 seconds [static and dynamic dependencies]. Details - ImportResultOutputID=9a5ee88efc07eb60b740a8c3bf63e622 DependenciesID=29448b59a25c02d71c2d97f75f46ede9 StaticDependenciesID=8fbd125faf42e03ace5e6a070cd119a1 
Number of updated asset objects reloaded before import = 0Number of asset objects unloaded after import = 2

========================================================================
Received Import Request.
  Time since last request: 0.000017 seconds.
  path: Assets/Modern tiles_Free/Interiors_free/32x32/Interiors_free_32x32_1050.asset
  importAddress: Guid(09d72e7dcde761544872f35a7bf554c6) Importer(2089858483,b0f066a214c2f5e87bad3c948f4d605d)
Start importing Assets/Modern tiles_Free/Interiors_free/32x32/Interiors_free_32x32_1050.asset using Guid(09d72e7dcde761544872f35a7bf554c6) Importer(2089858483,b0f066a214c2f5e87bad3c948f4d605d) (ScriptedImporter) -> (Import Result ID: 'fea63348d7107d1aed0b9bd47ef0a8a3') in 0.0085487 seconds [static and dynamic dependencies]. Details - ImportResultOutputID=925a954aaeb4839e41283c1ba61afb4d DependenciesID=9affc4f7a33927f1bbc3e0c45b9efc15 StaticDependenciesID=70fdd62b991031e5d27e4f4f99c70463 
Number of updated asset objects reloaded before import = 0Number of asset objects unloaded after import = 2

========================================================================
Received Import Request.
  Time since last request: 0.000013 seconds.
  path: Assets/Modern tiles_Free/Interiors_free/32x32/Interiors_free_32x32_1106.asset
  importAddress: Guid(17c4183a4a2627e4b989e2e6fb417e37) Importer(2089858483,b0f066a214c2f5e87bad3c948f4d605d)
Start importing Assets/Modern tiles_Free/Interiors_free/32x32/Interiors_free_32x32_1106.asset using Guid(17c4183a4a2627e4b989e2e6fb417e37) Importer(2089858483,b0f066a214c2f5e87bad3c948f4d605d) (ScriptedImporter) -> (Import Result ID: '2d17c4e1e6a58c1a5d1cc45299b6ecfc') in 0.0091046 seconds [static and dynamic dependencies]. Details - ImportResultOutputID=4d69f9b271826deba31a6ebc43e1f33c DependenciesID=9328a1d21d4d7e7408034e4b75274904 StaticDependenciesID=2d1bd529ca3288ed1fbebff4d5a1124f 
Number of updated asset objects reloaded before import = 0Number of asset objects unloaded after import = 2

========================================================================
Received Import Request.
  Time since last request: 0.000016 seconds.
  path: Assets/Modern tiles_Free/Interiors_free/32x32/Interiors_free_32x32_488.asset
  importAddress: Guid(e1ffa37af632c7c42a996e0a267d7aac) Importer(2089858483,b0f066a214c2f5e87bad3c948f4d605d)
Start importing Assets/Modern tiles_Free/Interiors_free/32x32/Interiors_free_32x32_488.asset using Guid(e1ffa37af632c7c42a996e0a267d7aac) Importer(2089858483,b0f066a214c2f5e87bad3c948f4d605d) (ScriptedImporter) -> (Import Result ID: '8ddfe946cea5a551cf289b399aec7823') in 0.0084971 seconds [static and dynamic dependencies]. Details - ImportResultOutputID=0a1124e0e925e615a8ea059e716e404e DependenciesID=b596f6ae21a6b510cb09a23929949e6c StaticDependenciesID=af6a8be6d09176ae37cfb7e7f491c551 
Number of updated asset objects reloaded before import = 0Number of asset objects unloaded after import = 2

========================================================================
Received Import Request.
  Time since last request: 0.000013 seconds.
  path: Assets/Modern tiles_Free/Interiors_free/32x32/Interiors_free_32x32_168.asset
  importAddress: Guid(a342798523fa9b44b8fd1f3df87389d3) Importer(2089858483,b0f066a214c2f5e87bad3c948f4d605d)
Start importing Assets/Modern tiles_Free/Interiors_free/32x32/Interiors_free_32x32_168.asset using Guid(a342798523fa9b44b8fd1f3df87389d3) Importer(2089858483,b0f066a214c2f5e87bad3c948f4d605d) (ScriptedImporter) -> (Import Result ID: '82f1926d06a5fa9e024ffceeef0d6884') in 0.0092658 seconds [static and dynamic dependencies]. Details - ImportResultOutputID=6e3315768094225250a84c2d289c5a7d DependenciesID=1110ffd8f6d10dffdd0300f6abd4b079 StaticDependenciesID=e618cbd6b85ea5b02a54e0a3661e88c6 
Number of updated asset objects reloaded before import = 0Number of asset objects unloaded after import = 2

========================================================================
Received Import Request.
  Time since last request: 0.000015 seconds.
  path: Assets/Modern tiles_Free/Interiors_free/32x32/Interiors_free_32x32_704.asset
  importAddress: Guid(57e33c720ba651e479078c3b9ebbd0ad) Importer(2089858483,b0f066a214c2f5e87bad3c948f4d605d)
Start importing Assets/Modern tiles_Free/Interiors_free/32x32/Interiors_free_32x32_704.asset using Guid(57e33c720ba651e479078c3b9ebbd0ad) Importer(2089858483,b0f066a214c2f5e87bad3c948f4d605d) (ScriptedImporter) -> (Import Result ID: 'e5861beb901b4f79202a07bb985a0d8e') in 0.008629 seconds [static and dynamic dependencies]. Details - ImportResultOutputID=43ef43db6638e80d8b2a783b49f4c683 DependenciesID=d71445e1f53a0c9820128a8403a30a43 StaticDependenciesID=1c94263604732d3b908d93b3519a720a 
Number of updated asset objects reloaded before import = 0Number of asset objects unloaded after import = 2

========================================================================
Received Import Request.
  Time since last request: 0.000016 seconds.
  path: Assets/Modern tiles_Free/Interiors_free/32x32/Interiors_free_32x32_378.asset
  importAddress: Guid(cd322169197b47a4a87658134505d219) Importer(2089858483,b0f066a214c2f5e87bad3c948f4d605d)
Start importing Assets/Modern tiles_Free/Interiors_free/32x32/Interiors_free_32x32_378.asset using Guid(cd322169197b47a4a87658134505d219) Importer(2089858483,b0f066a214c2f5e87bad3c948f4d605d) (ScriptedImporter) -> (Import Result ID: '34fb323ac6c94514392d8dbfbdf13201') in 0.0107842 seconds [static and dynamic dependencies]. Details - ImportResultOutputID=0fce5f52ab4688688e1c9601b519a191 DependenciesID=aefe8eb8ed64c519c4c504fa672a40d6 StaticDependenciesID=841357d767978b9a28cb8bd034bf67eb 
Number of updated asset objects reloaded before import = 0Number of asset objects unloaded after import = 2

========================================================================
Received Import Request.
  Time since last request: 0.000030 seconds.
  path: Assets/Modern tiles_Free/Interiors_free/32x32/Interiors_free_32x32_723.asset
  importAddress: Guid(f87c730a1c6dd3844a343238185ef9d3) Importer(2089858483,b0f066a214c2f5e87bad3c948f4d605d)
Start importing Assets/Modern tiles_Free/Interiors_free/32x32/Interiors_free_32x32_723.asset using Guid(f87c730a1c6dd3844a343238185ef9d3) Importer(2089858483,b0f066a214c2f5e87bad3c948f4d605d) (ScriptedImporter) -> (Import Result ID: '8d1bc8ffefb22b3bc3d3578b9f21a7bc') in 0.0075924 seconds [static and dynamic dependencies]. Details - ImportResultOutputID=012650b3cd762aa8c2628087b5c8afda DependenciesID=8e76a699121f0800c62bccc0890c3689 StaticDependenciesID=2893fe99ceeaec57216d4556f7e7aaf0 
Number of updated asset objects reloaded before import = 0Number of asset objects unloaded after import = 2

========================================================================
Received Import Request.
  Time since last request: 0.000013 seconds.
  path: Assets/Modern tiles_Free/Interiors_free/32x32/Interiors_free_32x32_292.asset
  importAddress: Guid(54376ba52714d384ca7448c85593cd40) Importer(2089858483,b0f066a214c2f5e87bad3c948f4d605d)
Start importing Assets/Modern tiles_Free/Interiors_free/32x32/Interiors_free_32x32_292.asset using Guid(54376ba52714d384ca7448c85593cd40) Importer(2089858483,b0f066a214c2f5e87bad3c948f4d605d) (ScriptedImporter) -> (Import Result ID: '7c31af5a86cd2cc564e3de3393901ab9') in 0.0090908 seconds [static and dynamic dependencies]. Details - ImportResultOutputID=ed6f4c995f4f29070085b190c6d3767f DependenciesID=ec4438d83084d77708aede55a2d0506f StaticDependenciesID=62467d11411fc33e4401916c61ea0397 
Number of updated asset objects reloaded before import = 0Number of asset objects unloaded after import = 2

========================================================================
Received Import Request.
  Time since last request: 0.000016 seconds.
  path: Assets/Modern tiles_Free/Interiors_free/32x32/Interiors_free_32x32_1030.asset
  importAddress: Guid(1a0c299a6a269d0478bb017ba78e0053) Importer(2089858483,b0f066a214c2f5e87bad3c948f4d605d)
Start importing Assets/Modern tiles_Free/Interiors_free/32x32/Interiors_free_32x32_1030.asset using Guid(1a0c299a6a269d0478bb017ba78e0053) Importer(2089858483,b0f066a214c2f5e87bad3c948f4d605d) (ScriptedImporter) -> (Import Result ID: 'd91b4948fb26d36536d90f95daa6670b') in 0.0086978 seconds [static and dynamic dependencies]. Details - ImportResultOutputID=b776d9336cf4e3d025a7a5006086ec40 DependenciesID=87b37481ed94194366ef417c5f849f17 StaticDependenciesID=7358ac3895520eb564aa3b1c640c895e 
Number of updated asset objects reloaded before import = 0Number of asset objects unloaded after import = 2

========================================================================
Received Import Request.
  Time since last request: 0.000013 seconds.
  path: Assets/Modern tiles_Free/Interiors_free/32x32/Interiors_free_32x32_540.asset
  importAddress: Guid(3356839680a3b6640ab7392d32257af1) Importer(2089858483,b0f066a214c2f5e87bad3c948f4d605d)
Start importing Assets/Modern tiles_Free/Interiors_free/32x32/Interiors_free_32x32_540.asset using Guid(3356839680a3b6640ab7392d32257af1) Importer(2089858483,b0f066a214c2f5e87bad3c948f4d605d) (ScriptedImporter) -> (Import Result ID: 'bfaa5458eeac6a3e38aaa6ab96166397') in 0.0085433 seconds [static and dynamic dependencies]. Details - ImportResultOutputID=459ff9602e3d801470c86b414552b250 DependenciesID=88c528cac0f0970804878fae2a3edec2 StaticDependenciesID=4d6368599efc775ed4361a79885bc1ce 
Number of updated asset objects reloaded before import = 0Number of asset objects unloaded after import = 2

========================================================================
Received Import Request.
  Time since last request: 0.000017 seconds.
  path: Assets/Modern tiles_Free/Interiors_free/32x32/Interiors_free_32x32_1122.asset
  importAddress: Guid(e6afa75e27a71324fa3d467da19ac7a4) Importer(2089858483,b0f066a214c2f5e87bad3c948f4d605d)
Start importing Assets/Modern tiles_Free/Interiors_free/32x32/Interiors_free_32x32_1122.asset using Guid(e6afa75e27a71324fa3d467da19ac7a4) Importer(2089858483,b0f066a214c2f5e87bad3c948f4d605d) (ScriptedImporter) -> (Import Result ID: '297349358a81c716a69ae0b9a12ebabf') in 0.0086146 seconds [static and dynamic dependencies]. Details - ImportResultOutputID=83dde62f43d37e9c2516970e9c621036 DependenciesID=7dd9a55c8ab1707a45966d7746a77c98 StaticDependenciesID=9b124097de79a9cce58a012f720cac1a 
Number of updated asset objects reloaded before import = 0Number of asset objects unloaded after import = 2

========================================================================
Received Import Request.
  Time since last request: 0.000019 seconds.
  path: Assets/Modern tiles_Free/Interiors_free/32x32/Interiors_free_32x32_1018.asset
  importAddress: Guid(2e97764b198c3ea4aacfbcd2c1761499) Importer(2089858483,b0f066a214c2f5e87bad3c948f4d605d)
Start importing Assets/Modern tiles_Free/Interiors_free/32x32/Interiors_free_32x32_1018.asset using Guid(2e97764b198c3ea4aacfbcd2c1761499) Importer(2089858483,b0f066a214c2f5e87bad3c948f4d605d) (ScriptedImporter) -> (Import Result ID: '1ed93a1bfd91f23ad9b1095b4b67595c') in 0.0089363 seconds [static and dynamic dependencies]. Details - ImportResultOutputID=1866d769d658bff85ec9d290787e14e7 DependenciesID=8a91847484ba38236cda91f6a3920957 StaticDependenciesID=2894888fc739ba06562900294bbf3e7b 
Number of updated asset objects reloaded before import = 0Number of asset objects unloaded after import = 2

========================================================================
Received Import Request.
  Time since last request: 0.000017 seconds.
  path: Assets/Modern tiles_Free/Interiors_free/32x32/Interiors_free_32x32_783.asset
  importAddress: Guid(15ee4d82440257c4ea95757f8e25b2b3) Importer(2089858483,b0f066a214c2f5e87bad3c948f4d605d)
Start importing Assets/Modern tiles_Free/Interiors_free/32x32/Interiors_free_32x32_783.asset using Guid(15ee4d82440257c4ea95757f8e25b2b3) Importer(2089858483,b0f066a214c2f5e87bad3c948f4d605d) (ScriptedImporter) -> (Import Result ID: '91bcc7e4df31976e96bd6a9584eaef3d') in 0.0088913 seconds [static and dynamic dependencies]. Details - ImportResultOutputID=c273482bf42603843bab40d95a4e3e51 DependenciesID=f2e6838fccc801761a3674d4af6785bd StaticDependenciesID=663fe50aa4e9bb44a742d8bd32ce5cbf 
Number of updated asset objects reloaded before import = 0Number of asset objects unloaded after import = 2

========================================================================
Received Import Request.
  Time since last request: 0.000019 seconds.
  path: Assets/Modern tiles_Free/Interiors_free/32x32/Interiors_free_32x32_589.asset
  importAddress: Guid(7a4fa3d764225ef42a7a356456c84ec0) Importer(2089858483,b0f066a214c2f5e87bad3c948f4d605d)
Start importing Assets/Modern tiles_Free/Interiors_free/32x32/Interiors_free_32x32_589.asset using Guid(7a4fa3d764225ef42a7a356456c84ec0) Importer(2089858483,b0f066a214c2f5e87bad3c948f4d605d) (ScriptedImporter) -> (Import Result ID: 'c265af9e1ad728f78fdf56f7f39e9371') in 0.0081874 seconds [static and dynamic dependencies]. Details - ImportResultOutputID=cd3615c1429491c32666c5dd66418988 DependenciesID=16f6c8925c019372dad40e9925f7e75a StaticDependenciesID=b394cb9e2abe3e8c4441e64c8e4a358f 
Number of updated asset objects reloaded before import = 0Number of asset objects unloaded after import = 2

========================================================================
Received Import Request.
  Time since last request: 0.854124 seconds.
  path: Assets/Modern tiles_Free/Interiors_free/32x32/Interiors_free_32x32_1144.asset
  importAddress: Guid(6cc41473b4e6def40a11f966833cf6df) Importer(2089858483,b0f066a214c2f5e87bad3c948f4d605d)
Start importing Assets/Modern tiles_Free/Interiors_free/32x32/Interiors_free_32x32_1144.asset using Guid(6cc41473b4e6def40a11f966833cf6df) Importer(2089858483,b0f066a214c2f5e87bad3c948f4d605d) (ScriptedImporter) -> (Import Result ID: '66cc248abdc4bedd016517ee8724bc02') in 0.0092924 seconds [static and dynamic dependencies]. Details - ImportResultOutputID=9bb9e2f8ee43a48da4bf085609ce7c2a DependenciesID=23bb4d5f90acb40bf397abcab538a052 StaticDependenciesID=45aeed6cce95de2bb80a177b43620d1a 
Number of updated asset objects reloaded before import = 0Number of asset objects unloaded after import = 2

========================================================================
Received Import Request.
  Time since last request: 0.000015 seconds.
  path: Assets/Modern tiles_Free/Interiors_free/32x32/Interiors_free_32x32_1129.asset
  importAddress: Guid(978d6298d9627494c9031b1bd2da1c28) Importer(2089858483,b0f066a214c2f5e87bad3c948f4d605d)
Start importing Assets/Modern tiles_Free/Interiors_free/32x32/Interiors_free_32x32_1129.asset using Guid(978d6298d9627494c9031b1bd2da1c28) Importer(2089858483,b0f066a214c2f5e87bad3c948f4d605d) (ScriptedImporter) -> (Import Result ID: 'dab5e20d6f2664e8713d3f44735a8aa6') in 0.0092249 seconds [static and dynamic dependencies]. Details - ImportResultOutputID=a2351d5e39acb869f8eedce125dd5f03 DependenciesID=a8b51f9a9b2f19b5670b560b370429c9 StaticDependenciesID=921c44a4256d38fec851e6040a3b0b23 
Number of updated asset objects reloaded before import = 0Number of asset objects unloaded after import = 2

========================================================================
Received Import Request.
  Time since last request: 0.000014 seconds.
  path: Assets/Modern tiles_Free/Interiors_free/32x32/Interiors_free_32x32_731.asset
  importAddress: Guid(8c8c509e14e55e547bdb1cf3fcc5747a) Importer(2089858483,b0f066a214c2f5e87bad3c948f4d605d)
Start importing Assets/Modern tiles_Free/Interiors_free/32x32/Interiors_free_32x32_731.asset using Guid(8c8c509e14e55e547bdb1cf3fcc5747a) Importer(2089858483,b0f066a214c2f5e87bad3c948f4d605d) (ScriptedImporter) -> (Import Result ID: 'cb2e7d386c09a6d103e469750cc88ce8') in 0.0085944 seconds [static and dynamic dependencies]. Details - ImportResultOutputID=487d61cc0bb2979921d9fb6086843187 DependenciesID=dd58c77d81e1b271cccad3755c9454e1 StaticDependenciesID=d3e6c597d376940fa9f06d020e9e3d8b 
Number of updated asset objects reloaded before import = 0Number of asset objects unloaded after import = 2

========================================================================
Received Import Request.
  Time since last request: 0.000018 seconds.
  path: Assets/Modern tiles_Free/Interiors_free/32x32/Interiors_free_32x32_1211.asset
  importAddress: Guid(44dc60c4e6e78284dbd6ff3a7ea45e41) Importer(2089858483,b0f066a214c2f5e87bad3c948f4d605d)
Start importing Assets/Modern tiles_Free/Interiors_free/32x32/Interiors_free_32x32_1211.asset using Guid(44dc60c4e6e78284dbd6ff3a7ea45e41) Importer(2089858483,b0f066a214c2f5e87bad3c948f4d605d) (ScriptedImporter) -> (Import Result ID: '8faccebb3e38c98a81488f22a5e0ff05') in 0.0091762 seconds [static and dynamic dependencies]. Details - ImportResultOutputID=9fbab4e665994cd2d05312bc4056c8c2 DependenciesID=ff3f7318def151869bc20a5844398d5b StaticDependenciesID=9171ec8f306ece987bdb7a25a6f83a9f 
Number of updated asset objects reloaded before import = 0Number of asset objects unloaded after import = 2

========================================================================
Received Import Request.
  Time since last request: 0.000017 seconds.
  path: Assets/Modern tiles_Free/Interiors_free/32x32/Interiors_free_32x32_832.asset
  importAddress: Guid(d5c5a8b0a0020ec44b467f36935d1450) Importer(2089858483,b0f066a214c2f5e87bad3c948f4d605d)
Start importing Assets/Modern tiles_Free/Interiors_free/32x32/Interiors_free_32x32_832.asset using Guid(d5c5a8b0a0020ec44b467f36935d1450) Importer(2089858483,b0f066a214c2f5e87bad3c948f4d605d) (ScriptedImporter) -> (Import Result ID: 'd8c6d5339f695f7d4e7b962ed1682054') in 0.0090859 seconds [static and dynamic dependencies]. Details - ImportResultOutputID=9e1234cc8d18dc777fa58669a829df9a DependenciesID=2f38f6b130fedcc9d830f143d34a6728 StaticDependenciesID=2cc5dbc97cc64dacd623bd275311c7d1 
Number of updated asset objects reloaded before import = 0Number of asset objects unloaded after import = 2

========================================================================
Received Import Request.
  Time since last request: 0.000015 seconds.
  path: Assets/Modern tiles_Free/Interiors_free/32x32/Interiors_free_32x32_250.asset
  importAddress: Guid(44655122d2a392948a00579f1d996c4a) Importer(2089858483,b0f066a214c2f5e87bad3c948f4d605d)
Start importing Assets/Modern tiles_Free/Interiors_free/32x32/Interiors_free_32x32_250.asset using Guid(44655122d2a392948a00579f1d996c4a) Importer(2089858483,b0f066a214c2f5e87bad3c948f4d605d) (ScriptedImporter) -> (Import Result ID: '1d54d92b0a4c7027ea24201ae9a0df70') in 0.0089734 seconds [static and dynamic dependencies]. Details - ImportResultOutputID=a8cd7f75b96ea097be840f5b8eb4134b DependenciesID=344145c06932052cbd15c60d10fa461c StaticDependenciesID=f34422c7873f04353ec0d3fb31654308 
Number of updated asset objects reloaded before import = 0Number of asset objects unloaded after import = 2

========================================================================
Received Import Request.
  Time since last request: 0.000020 seconds.
  path: Assets/Modern tiles_Free/Interiors_free/32x32/Interiors_free_32x32_1130.asset
  importAddress: Guid(6778a60f2b6afb0498d96a7a1aa0e0ed) Importer(2089858483,b0f066a214c2f5e87bad3c948f4d605d)
Start importing Assets/Modern tiles_Free/Interiors_free/32x32/Interiors_free_32x32_1130.asset using Guid(6778a60f2b6afb0498d96a7a1aa0e0ed) Importer(2089858483,b0f066a214c2f5e87bad3c948f4d605d) (ScriptedImporter) -> (Import Result ID: '62d16601e5221be29676276973612b24') in 0.0085093 seconds [static and dynamic dependencies]. Details - ImportResultOutputID=6028455bded1627788776f10411c71a1 DependenciesID=fdd175c3cec9b7cbbee5f8d3653a8452 StaticDependenciesID=c93ff6aac6b10efe593d725b1c412573 
Number of updated asset objects reloaded before import = 0Number of asset objects unloaded after import = 2

========================================================================
Received Import Request.
  Time since last request: 0.000014 seconds.
  path: Assets/Modern tiles_Free/Interiors_free/32x32/Interiors_free_32x32_169.asset
  importAddress: Guid(d325227cfe230ed43aaec677cb6d9d3b) Importer(2089858483,b0f066a214c2f5e87bad3c948f4d605d)
Start importing Assets/Modern tiles_Free/Interiors_free/32x32/Interiors_free_32x32_169.asset using Guid(d325227cfe230ed43aaec677cb6d9d3b) Importer(2089858483,b0f066a214c2f5e87bad3c948f4d605d) (ScriptedImporter) -> (Import Result ID: '9450a731ab1feb1b34331ee3b9f69ce1') in 0.0099551 seconds [static and dynamic dependencies]. Details - ImportResultOutputID=c550acc4e792319050f69feb8c5dd32d DependenciesID=691008f16999b15499aecd4457238554 StaticDependenciesID=89187ffc4b862a7b7a6de2fdea639ea9 
Number of updated asset objects reloaded before import = 0Number of asset objects unloaded after import = 2

========================================================================
Received Import Request.
  Time since last request: 0.000018 seconds.
  path: Assets/Modern tiles_Free/Interiors_free/32x32/Interiors_free_32x32_1008.asset
  importAddress: Guid(2c28e84ba86afe346809cce0f01fdd94) Importer(2089858483,b0f066a214c2f5e87bad3c948f4d605d)
Start importing Assets/Modern tiles_Free/Interiors_free/32x32/Interiors_free_32x32_1008.asset using Guid(2c28e84ba86afe346809cce0f01fdd94) Importer(2089858483,b0f066a214c2f5e87bad3c948f4d605d) (ScriptedImporter) -> (Import Result ID: 'a26d18f31f87f7f0a415acec4f342bc5') in 0.0085008 seconds [static and dynamic dependencies]. Details - ImportResultOutputID=fa4ed8426d791ce51ba85ea08643d6bf DependenciesID=5296563a60552f767a92cb4810b60e13 StaticDependenciesID=235a83e01cef70cb918a629afdca91f9 
Number of updated asset objects reloaded before import = 0Number of asset objects unloaded after import = 2

========================================================================
Received Import Request.
  Time since last request: 0.000015 seconds.
  path: Assets/Modern tiles_Free/Interiors_free/32x32/Interiors_free_32x32_142.asset
  importAddress: Guid(ead7f470340223245a473327278d1a30) Importer(2089858483,b0f066a214c2f5e87bad3c948f4d605d)
Start importing Assets/Modern tiles_Free/Interiors_free/32x32/Interiors_free_32x32_142.asset using Guid(ead7f470340223245a473327278d1a30) Importer(2089858483,b0f066a214c2f5e87bad3c948f4d605d) (ScriptedImporter) -> (Import Result ID: '60eea86746409ab04d3df416f451c801') in 0.0091516 seconds [static and dynamic dependencies]. Details - ImportResultOutputID=0c0796fc5e7a921301f6d143dad36d77 DependenciesID=92f2763705c10dfa873151cecf0f05c6 StaticDependenciesID=93f7fe1697be5ddd12101ecb91d2b07e 
Number of updated asset objects reloaded before import = 0Number of asset objects unloaded after import = 2

========================================================================
Received Import Request.
  Time since last request: 0.000020 seconds.
  path: Assets/Modern tiles_Free/Interiors_free/32x32/Interiors_free_32x32_693.asset
  importAddress: Guid(ff219406f86956b44b64be875e4ab4ca) Importer(2089858483,b0f066a214c2f5e87bad3c948f4d605d)
Start importing Assets/Modern tiles_Free/Interiors_free/32x32/Interiors_free_32x32_693.asset using Guid(ff219406f86956b44b64be875e4ab4ca) Importer(2089858483,b0f066a214c2f5e87bad3c948f4d605d) (ScriptedImporter) -> (Import Result ID: '83035201a49a62bd6119d0ee0c59577c') in 0.0090456 seconds [static and dynamic dependencies]. Details - ImportResultOutputID=cc9cb7a25a200f3997df8120a1550567 DependenciesID=3b0344bd4636d53723ee5a068926d1ab StaticDependenciesID=0aa9247c44e8ab7da7a1dc49da53ae55 
Number of updated asset objects reloaded before import = 0Number of asset objects unloaded after import = 2

========================================================================
Received Import Request.
  Time since last request: 0.000017 seconds.
  path: Assets/Modern tiles_Free/Interiors_free/32x32/Interiors_free_32x32_1036.asset
  importAddress: Guid(cbcc82fa67b104b43a29754e87aef762) Importer(2089858483,b0f066a214c2f5e87bad3c948f4d605d)
Start importing Assets/Modern tiles_Free/Interiors_free/32x32/Interiors_free_32x32_1036.asset using Guid(cbcc82fa67b104b43a29754e87aef762) Importer(2089858483,b0f066a214c2f5e87bad3c948f4d605d) (ScriptedImporter) -> (Import Result ID: '5396b74f2bb5cc83600225a48b400bb6') in 0.0086962 seconds [static and dynamic dependencies]. Details - ImportResultOutputID=61b2f5c5bb22e2e3c74c601b55b96dbc DependenciesID=467078337383c2f1a94f18150e445726 StaticDependenciesID=910d4a3d93e9a7e3e0b725069a19e22c 
Number of updated asset objects reloaded before import = 0Number of asset objects unloaded after import = 2

========================================================================
Received Import Request.
  Time since last request: 0.000019 seconds.
  path: Assets/Modern tiles_Free/Interiors_free/32x32/Interiors_free_32x32_130.asset
  importAddress: Guid(4ffacaec80b9010428cce5f450d3ee55) Importer(2089858483,b0f066a214c2f5e87bad3c948f4d605d)
Start importing Assets/Modern tiles_Free/Interiors_free/32x32/Interiors_free_32x32_130.asset using Guid(4ffacaec80b9010428cce5f450d3ee55) Importer(2089858483,b0f066a214c2f5e87bad3c948f4d605d) (ScriptedImporter) -> (Import Result ID: '1439af6e06d04caadb9deeec335a20c2') in 0.0091462 seconds [static and dynamic dependencies]. Details - ImportResultOutputID=e8ab3cb50105c7ac60bdf0a1a56e11a0 DependenciesID=9ae7a39010f8158ff60dbd22d04c0797 StaticDependenciesID=f8c7e7a1f1e012e1a52c96f31ab09cd5 
Number of updated asset objects reloaded before import = 0Number of asset objects unloaded after import = 2

========================================================================
Received Import Request.
  Time since last request: 0.000015 seconds.
  path: Assets/Modern tiles_Free/Interiors_free/32x32/Interiors_free_32x32_1091.asset
  importAddress: Guid(0e2076a00862be74a8d9d4a54f473532) Importer(2089858483,b0f066a214c2f5e87bad3c948f4d605d)
Start importing Assets/Modern tiles_Free/Interiors_free/32x32/Interiors_free_32x32_1091.asset using Guid(0e2076a00862be74a8d9d4a54f473532) Importer(2089858483,b0f066a214c2f5e87bad3c948f4d605d) (ScriptedImporter) -> (Import Result ID: 'ae8871234441effc0942264f832ab62f') in 0.0086479 seconds [static and dynamic dependencies]. Details - ImportResultOutputID=7a073121b2c474025391165a9db3f298 DependenciesID=5db1eea7a44bb0d3feb2ce7983533f0d StaticDependenciesID=4831dfea33693458d8683e4509996433 
Number of updated asset objects reloaded before import = 0Number of asset objects unloaded after import = 2

========================================================================
Received Import Request.
  Time since last request: 0.000017 seconds.
  path: Assets/Modern tiles_Free/Interiors_free/32x32/Interiors_free_32x32_971.asset
  importAddress: Guid(b76a94c0999a7464d924e37eaa388ca8) Importer(2089858483,b0f066a214c2f5e87bad3c948f4d605d)
Start importing Assets/Modern tiles_Free/Interiors_free/32x32/Interiors_free_32x32_971.asset using Guid(b76a94c0999a7464d924e37eaa388ca8) Importer(2089858483,b0f066a214c2f5e87bad3c948f4d605d) (ScriptedImporter) -> (Import Result ID: '42b9ffa005734a38c4bb1a401d162e98') in 0.0085078 seconds [static and dynamic dependencies]. Details - ImportResultOutputID=ba29422a8c9e7692062ca75aa5d3e687 DependenciesID=544dd9514b5376b70f788eb208adc2df StaticDependenciesID=0589c246391674409418d56bcb7f9f8e 
Number of updated asset objects reloaded before import = 0Number of asset objects unloaded after import = 2

========================================================================
Received Import Request.
  Time since last request: 0.000016 seconds.
  path: Assets/Modern tiles_Free/Interiors_free/32x32/Interiors_free_32x32_226.asset
  importAddress: Guid(42adbb7325a7d0e4fb48d14a3f3e52bf) Importer(2089858483,b0f066a214c2f5e87bad3c948f4d605d)
Start importing Assets/Modern tiles_Free/Interiors_free/32x32/Interiors_free_32x32_226.asset using Guid(42adbb7325a7d0e4fb48d14a3f3e52bf) Importer(2089858483,b0f066a214c2f5e87bad3c948f4d605d) (ScriptedImporter) -> (Import Result ID: 'd3e77dfcd0802304d0fa8557d88627b9') in 0.0089005 seconds [static and dynamic dependencies]. Details - ImportResultOutputID=3c7b2a6a790e4f8dc8dfdd8eb6a51e61 DependenciesID=51f440fc26384c0f09e3c028b0b9acfc StaticDependenciesID=762d99ccc9253893daf48f9899d9b033 
Number of updated asset objects reloaded before import = 0Number of asset objects unloaded after import = 2

========================================================================
Received Import Request.
  Time since last request: 0.000019 seconds.
  path: Assets/Modern tiles_Free/Interiors_free/32x32/Interiors_free_32x32_794.asset
  importAddress: Guid(9a8c03e52a3e495429b62132a1885912) Importer(2089858483,b0f066a214c2f5e87bad3c948f4d605d)
Start importing Assets/Modern tiles_Free/Interiors_free/32x32/Interiors_free_32x32_794.asset using Guid(9a8c03e52a3e495429b62132a1885912) Importer(2089858483,b0f066a214c2f5e87bad3c948f4d605d) (ScriptedImporter) -> (Import Result ID: '87fa5e7a4f109e3e50e63ccd58968a80') in 0.0096695 seconds [static and dynamic dependencies]. Details - ImportResultOutputID=9b30dfb161e32329b18dc0d8e6ff01a7 DependenciesID=6369db8014ccadf9cc4c0c2b6a64493f StaticDependenciesID=53569fab24740ca0f508d2c22b8e49dd 
Number of updated asset objects reloaded before import = 0Number of asset objects unloaded after import = 2

========================================================================
Received Import Request.
  Time since last request: 0.000018 seconds.
  path: Assets/Modern tiles_Free/Interiors_free/32x32/Interiors_free_32x32_686.asset
  importAddress: Guid(49d3692d70732b645bc22fa00b54ec46) Importer(2089858483,b0f066a214c2f5e87bad3c948f4d605d)
Start importing Assets/Modern tiles_Free/Interiors_free/32x32/Interiors_free_32x32_686.asset using Guid(49d3692d70732b645bc22fa00b54ec46) Importer(2089858483,b0f066a214c2f5e87bad3c948f4d605d) (ScriptedImporter) -> (Import Result ID: '429c7dcba30a9c7675baf4f148b72750') in 0.0085261 seconds [static and dynamic dependencies]. Details - ImportResultOutputID=d93c872a240224b348fc0017dc271679 DependenciesID=5b93317bec2d89449d5b6b8e000d5dcc StaticDependenciesID=cf4ee0b62b5eb3a905a6a70e0d762af2 
Number of updated asset objects reloaded before import = 0Number of asset objects unloaded after import = 2

========================================================================
Received Import Request.
  Time since last request: 0.000015 seconds.
  path: Assets/Modern tiles_Free/Interiors_free/32x32/Interiors_free_32x32_932.asset
  importAddress: Guid(fe008844a85340a4caec702856657a1c) Importer(2089858483,b0f066a214c2f5e87bad3c948f4d605d)
Start importing Assets/Modern tiles_Free/Interiors_free/32x32/Interiors_free_32x32_932.asset using Guid(fe008844a85340a4caec702856657a1c) Importer(2089858483,b0f066a214c2f5e87bad3c948f4d605d) (ScriptedImporter) -> (Import Result ID: '009e8f3423713e0cbbaaa784b50baf79') in 0.0093038 seconds [static and dynamic dependencies]. Details - ImportResultOutputID=22933419682f487beeeed752e4bb6334 DependenciesID=ffdec05e1d662418d07ca3b5a40c12ba StaticDependenciesID=3f86cacfb53ab7eab66d2d05c636aa42 
Number of updated asset objects reloaded before import = 0Number of asset objects unloaded after import = 2

========================================================================
Received Import Request.
  Time since last request: 0.000016 seconds.
  path: Assets/Modern tiles_Free/Interiors_free/32x32/Interiors_free_32x32_244.asset
  importAddress: Guid(3c8f441dacb3abe49b7ea2acfd52a7c8) Importer(2089858483,b0f066a214c2f5e87bad3c948f4d605d)
Start importing Assets/Modern tiles_Free/Interiors_free/32x32/Interiors_free_32x32_244.asset using Guid(3c8f441dacb3abe49b7ea2acfd52a7c8) Importer(2089858483,b0f066a214c2f5e87bad3c948f4d605d) (ScriptedImporter) -> (Import Result ID: '30a582bde79969ea2809cb5a4e833cf4') in 0.0092337 seconds [static and dynamic dependencies]. Details - ImportResultOutputID=59566a6c98aa89668fcef1570e8c09de DependenciesID=7a962442ba5a3e1cd74ef557d7e16446 StaticDependenciesID=ab5b18160d54cf9005ca3c952656424e 
Number of updated asset objects reloaded before import = 0Number of asset objects unloaded after import = 2

========================================================================
Received Import Request.
  Time since last request: 0.000013 seconds.
  path: Assets/Modern tiles_Free/Interiors_free/32x32/Interiors_free_32x32_701.asset
  importAddress: Guid(6218e3d64882f9840a3cf30ae1b263c5) Importer(2089858483,b0f066a214c2f5e87bad3c948f4d605d)
Start importing Assets/Modern tiles_Free/Interiors_free/32x32/Interiors_free_32x32_701.asset using Guid(6218e3d64882f9840a3cf30ae1b263c5) Importer(2089858483,b0f066a214c2f5e87bad3c948f4d605d) (ScriptedImporter) -> (Import Result ID: '6c37bf86728f6198d726b419569a2d90') in 0.0087743 seconds [static and dynamic dependencies]. Details - ImportResultOutputID=3e5a342567e5dab835b4f9e636c1df15 DependenciesID=9e11c930d1c3e10a6a974c24d16d2c72 StaticDependenciesID=ede0139065c5e8d8b7033d1c5c7938a4 
Number of updated asset objects reloaded before import = 0Number of asset objects unloaded after import = 2

========================================================================
Received Import Request.
  Time since last request: 0.000014 seconds.
  path: Assets/Modern tiles_Free/Interiors_free/32x32/Interiors_free_32x32_881.asset
  importAddress: Guid(bac75e43440bbef42922b3fee4b801eb) Importer(2089858483,b0f066a214c2f5e87bad3c948f4d605d)
Start importing Assets/Modern tiles_Free/Interiors_free/32x32/Interiors_free_32x32_881.asset using Guid(bac75e43440bbef42922b3fee4b801eb) Importer(2089858483,b0f066a214c2f5e87bad3c948f4d605d) (ScriptedImporter) -> (Import Result ID: '099e0de0f251fcc830ce42cf308017bf') in 0.0090555 seconds [static and dynamic dependencies]. Details - ImportResultOutputID=652476850a8489da73431addc6566ed4 DependenciesID=c46bec1324506989f8bf8636a36ce091 StaticDependenciesID=5b586463ff44d25035e967dd522bb8db 
Number of updated asset objects reloaded before import = 0Number of asset objects unloaded after import = 2

========================================================================
Received Import Request.
  Time since last request: 0.000014 seconds.
  path: Assets/Modern tiles_Free/Interiors_free/32x32/Interiors_free_32x32_969.asset
  importAddress: Guid(16d4e408763f39b409f2ba5161f3ef25) Importer(2089858483,b0f066a214c2f5e87bad3c948f4d605d)
Start importing Assets/Modern tiles_Free/Interiors_free/32x32/Interiors_free_32x32_969.asset using Guid(16d4e408763f39b409f2ba5161f3ef25) Importer(2089858483,b0f066a214c2f5e87bad3c948f4d605d) (ScriptedImporter) -> (Import Result ID: '45dd27ba90fa4f3b6420147c279cdbb2') in 0.0097818 seconds [static and dynamic dependencies]. Details - ImportResultOutputID=02a2c806de18c0297fe34987b492d5b8 DependenciesID=399b496229e7ac3140fcd9687d696876 StaticDependenciesID=a2b92fe63961c4cb7b90b1b428c7449f 
Number of updated asset objects reloaded before import = 0Number of asset objects unloaded after import = 2

========================================================================
Received Import Request.
  Time since last request: 0.000015 seconds.
  path: Assets/Modern tiles_Free/Interiors_free/32x32/Interiors_free_32x32_339.asset
  importAddress: Guid(843d1651541ff7347b31affda35b16b9) Importer(2089858483,b0f066a214c2f5e87bad3c948f4d605d)
Start importing Assets/Modern tiles_Free/Interiors_free/32x32/Interiors_free_32x32_339.asset using Guid(843d1651541ff7347b31affda35b16b9) Importer(2089858483,b0f066a214c2f5e87bad3c948f4d605d) (ScriptedImporter) -> (Import Result ID: '282aba0e46cd072551a5bb129bf7b961') in 0.0088666 seconds [static and dynamic dependencies]. Details - ImportResultOutputID=d6ed666669f2b207e72b8308b7e6f6b5 DependenciesID=edf5e0622517a16dfcb146a9228a22f5 StaticDependenciesID=1418478866347885b2721a328ef523bf 
Number of updated asset objects reloaded before import = 0Number of asset objects unloaded after import = 2

========================================================================
Received Import Request.
  Time since last request: 0.000018 seconds.
  path: Assets/Modern tiles_Free/Interiors_free/32x32/Interiors_free_32x32_1032.asset
  importAddress: Guid(8a3134bd70de14744b312744829a419d) Importer(2089858483,b0f066a214c2f5e87bad3c948f4d605d)
Start importing Assets/Modern tiles_Free/Interiors_free/32x32/Interiors_free_32x32_1032.asset using Guid(8a3134bd70de14744b312744829a419d) Importer(2089858483,b0f066a214c2f5e87bad3c948f4d605d) (ScriptedImporter) -> (Import Result ID: 'a6b3211c9e96402df4fd4e27161d55c0') in 0.0092501 seconds [static and dynamic dependencies]. Details - ImportResultOutputID=975c22e3184fa8936246cf8997a8498d DependenciesID=4e70cedae4f58e8b5767495e3a26f994 StaticDependenciesID=ae35504947179fc31267a4390212ef44 
Number of updated asset objects reloaded before import = 0Number of asset objects unloaded after import = 2

========================================================================
Received Import Request.
  Time since last request: 0.000017 seconds.
  path: Assets/Modern tiles_Free/Interiors_free/32x32/Interiors_free_32x32_1084.asset
  importAddress: Guid(96ca9a9af8d49df4cbd570b06eef2250) Importer(2089858483,b0f066a214c2f5e87bad3c948f4d605d)
Start importing Assets/Modern tiles_Free/Interiors_free/32x32/Interiors_free_32x32_1084.asset using Guid(96ca9a9af8d49df4cbd570b06eef2250) Importer(2089858483,b0f066a214c2f5e87bad3c948f4d605d) (ScriptedImporter) -> (Import Result ID: 'b7e6c79b765757057e9a02114d73eb37') in 0.0089086 seconds [static and dynamic dependencies]. Details - ImportResultOutputID=61a92b60556533a97d71579b5dfa8137 DependenciesID=3646f14c0bf549e93966ac2f8978ca30 StaticDependenciesID=23711f190a1a55a1894390c037304b4c 
Number of updated asset objects reloaded before import = 0Number of asset objects unloaded after import = 2

========================================================================
Received Import Request.
  Time since last request: 0.000014 seconds.
  path: Assets/Modern tiles_Free/Interiors_free/32x32/Interiors_free_32x32_134.asset
  importAddress: Guid(d7cea7d7bc34d5c4e93f67e82c2be642) Importer(2089858483,b0f066a214c2f5e87bad3c948f4d605d)
Start importing Assets/Modern tiles_Free/Interiors_free/32x32/Interiors_free_32x32_134.asset using Guid(d7cea7d7bc34d5c4e93f67e82c2be642) Importer(2089858483,b0f066a214c2f5e87bad3c948f4d605d) (ScriptedImporter) -> (Import Result ID: '635b7b0215446b36aa7bedb5be2705bf') in 0.0086944 seconds [static and dynamic dependencies]. Details - ImportResultOutputID=e2522acf2e3a1c3e868c4f91d8e0cff5 DependenciesID=f1140ae692364f7832b6aef0a669f716 StaticDependenciesID=a795bff90b6df4602dee8221f7dfc380 
Number of updated asset objects reloaded before import = 0Number of asset objects unloaded after import = 2

========================================================================
Received Import Request.
  Time since last request: 0.000020 seconds.
  path: Assets/Modern tiles_Free/Interiors_free/32x32/Interiors_free_32x32_900.asset
  importAddress: Guid(9c98e51e060631b4686b9210775c1e6f) Importer(2089858483,b0f066a214c2f5e87bad3c948f4d605d)
Start importing Assets/Modern tiles_Free/Interiors_free/32x32/Interiors_free_32x32_900.asset using Guid(9c98e51e060631b4686b9210775c1e6f) Importer(2089858483,b0f066a214c2f5e87bad3c948f4d605d) (ScriptedImporter) -> (Import Result ID: '6bb5f5535c6107f5ba309ad0ea27af18') in 0.0089529 seconds [static and dynamic dependencies]. Details - ImportResultOutputID=8e4a932cc9e96880524ef3a5d49e3c82 DependenciesID=54f1e6070f2e6f68d345bf00f07ce444 StaticDependenciesID=a932ead434b17d06b7a2667ae5f52af0 
Number of updated asset objects reloaded before import = 0Number of asset objects unloaded after import = 2

========================================================================
Received Import Request.
  Time since last request: 0.000017 seconds.
  path: Assets/Modern tiles_Free/Interiors_free/32x32/Interiors_free_32x32_288.asset
  importAddress: Guid(2c03b7c4d64b074479bfd47fc933c96b) Importer(2089858483,b0f066a214c2f5e87bad3c948f4d605d)
Start importing Assets/Modern tiles_Free/Interiors_free/32x32/Interiors_free_32x32_288.asset using Guid(2c03b7c4d64b074479bfd47fc933c96b) Importer(2089858483,b0f066a214c2f5e87bad3c948f4d605d) (ScriptedImporter) -> (Import Result ID: '9f4b6a38f8754d6e4e5a18da1cbf857b') in 0.0090848 seconds [static and dynamic dependencies]. Details - ImportResultOutputID=fdc56b327b9ed1c83bf4ef71add40420 DependenciesID=0b6c9d878618fefa48920942afe1b8fd StaticDependenciesID=746b372c4a9e5b0223c6ba0a80b758f4 
Number of updated asset objects reloaded before import = 0Number of asset objects unloaded after import = 2

========================================================================
Received Import Request.
  Time since last request: 0.000022 seconds.
  path: Assets/Modern tiles_Free/Interiors_free/32x32/Interiors_free_32x32_1086.asset
  importAddress: Guid(4b2e66f3dbb8c974dbefd01e89e6f334) Importer(2089858483,b0f066a214c2f5e87bad3c948f4d605d)
Start importing Assets/Modern tiles_Free/Interiors_free/32x32/Interiors_free_32x32_1086.asset using Guid(4b2e66f3dbb8c974dbefd01e89e6f334) Importer(2089858483,b0f066a214c2f5e87bad3c948f4d605d) (ScriptedImporter) -> (Import Result ID: 'a477dfe79e12570aed5129375411c159') in 0.0089092 seconds [static and dynamic dependencies]. Details - ImportResultOutputID=ce429a98bf12b379fefd8eb00520207e DependenciesID=8ac50c17ea506b132f85bf2505074840 StaticDependenciesID=f7985a5261e4e84377268196340ad2d3 
Number of updated asset objects reloaded before import = 0Number of asset objects unloaded after import = 2

========================================================================
Received Import Request.
  Time since last request: 0.000014 seconds.
  path: Assets/Modern tiles_Free/Interiors_free/32x32/Interiors_free_32x32_772.asset
  importAddress: Guid(19e4115bef8d38646b694fa6a146c3b9) Importer(2089858483,b0f066a214c2f5e87bad3c948f4d605d)
Start importing Assets/Modern tiles_Free/Interiors_free/32x32/Interiors_free_32x32_772.asset using Guid(19e4115bef8d38646b694fa6a146c3b9) Importer(2089858483,b0f066a214c2f5e87bad3c948f4d605d) (ScriptedImporter) -> (Import Result ID: '20b94647325edf56f7af4d08b9a44d86') in 0.0088206 seconds [static and dynamic dependencies]. Details - ImportResultOutputID=2c9bfdbc84064f044db8e65d902b8884 DependenciesID=a88d2fe44e5f3862803d317213461ca4 StaticDependenciesID=86d27f27bf0b0acbe5bb7edcf34e38ab 
Number of updated asset objects reloaded before import = 0Number of asset objects unloaded after import = 2

========================================================================
Received Import Request.
  Time since last request: 0.000018 seconds.
  path: Assets/Modern tiles_Free/Interiors_free/32x32/Interiors_free_32x32_501.asset
  importAddress: Guid(ef9e2e960508e1143a756e6eb5972639) Importer(2089858483,b0f066a214c2f5e87bad3c948f4d605d)
Start importing Assets/Modern tiles_Free/Interiors_free/32x32/Interiors_free_32x32_501.asset using Guid(ef9e2e960508e1143a756e6eb5972639) Importer(2089858483,b0f066a214c2f5e87bad3c948f4d605d) (ScriptedImporter) -> (Import Result ID: '596ba6b971fba6570cc68a06d14839a2') in 0.0089643 seconds [static and dynamic dependencies]. Details - ImportResultOutputID=14fb2e7cf76507487ca4bc6319b01807 DependenciesID=1824f3b60d61d291bd0c7b8677a1c3a8 StaticDependenciesID=67db0f1c4f1e6d492b46857f12c11b75 
Number of updated asset objects reloaded before import = 0Number of asset objects unloaded after import = 2

========================================================================
Received Import Request.
  Time since last request: 0.000017 seconds.
  path: Assets/Modern tiles_Free/Interiors_free/32x32/Interiors_free_32x32_543.asset
  importAddress: Guid(71108aa6f186ee140a8a267c8b1abc82) Importer(2089858483,b0f066a214c2f5e87bad3c948f4d605d)
Start importing Assets/Modern tiles_Free/Interiors_free/32x32/Interiors_free_32x32_543.asset using Guid(71108aa6f186ee140a8a267c8b1abc82) Importer(2089858483,b0f066a214c2f5e87bad3c948f4d605d) (ScriptedImporter) -> (Import Result ID: '1165020e354f43e37db67d5ed6dcf16a') in 0.0088997 seconds [static and dynamic dependencies]. Details - ImportResultOutputID=702936f413ec8a718067ea054d5a7c0f DependenciesID=d8cecc66468ac6fa29a99071b62c257d StaticDependenciesID=24ee7594bfdf9a183c24b19d1afa5c1c 
Number of updated asset objects reloaded before import = 0Number of asset objects unloaded after import = 2

========================================================================
Received Import Request.
  Time since last request: 0.000017 seconds.
  path: Assets/Modern tiles_Free/Interiors_free/32x32/Interiors_free_32x32_1016.asset
  importAddress: Guid(8cbaff0ca8bf4a140aae9cf5361c8435) Importer(2089858483,b0f066a214c2f5e87bad3c948f4d605d)
Start importing Assets/Modern tiles_Free/Interiors_free/32x32/Interiors_free_32x32_1016.asset using Guid(8cbaff0ca8bf4a140aae9cf5361c8435) Importer(2089858483,b0f066a214c2f5e87bad3c948f4d605d) (ScriptedImporter) -> (Import Result ID: '243a5e6c62e905cb705909255b798c5b') in 0.0091681 seconds [static and dynamic dependencies]. Details - ImportResultOutputID=02d193cc7fc02d5355f46203112bedf5 DependenciesID=b02db878638707d371020657ad9b224d StaticDependenciesID=715d9a7b0fda2f2617785440db35f08a 
Number of updated asset objects reloaded before import = 0Number of asset objects unloaded after import = 2

========================================================================
Received Import Request.
  Time since last request: 0.000017 seconds.
  path: Assets/Modern tiles_Free/Interiors_free/32x32/Interiors_free_32x32_39.asset
  importAddress: Guid(a6844ffc4b574df449c312b8b7689b73) Importer(2089858483,b0f066a214c2f5e87bad3c948f4d605d)
Start importing Assets/Modern tiles_Free/Interiors_free/32x32/Interiors_free_32x32_39.asset using Guid(a6844ffc4b574df449c312b8b7689b73) Importer(2089858483,b0f066a214c2f5e87bad3c948f4d605d) (ScriptedImporter) -> (Import Result ID: '6c895a044fabacb425e65037085622a2') in 0.0084182 seconds [static and dynamic dependencies]. Details - ImportResultOutputID=4525460acacf59ebc97770df3721e765 DependenciesID=55b0059e8dcaa1b9ca91e4384a80804a StaticDependenciesID=bca1e8b87f12ee62e8d8ed1335e6995b 
Number of updated asset objects reloaded before import = 0Number of asset objects unloaded after import = 2

========================================================================
Received Import Request.
  Time since last request: 0.000015 seconds.
  path: Assets/Modern tiles_Free/Interiors_free/32x32/Interiors_free_32x32_1212.asset
  importAddress: Guid(980784d2b5c4e9a40aaf03b941bde447) Importer(2089858483,b0f066a214c2f5e87bad3c948f4d605d)
Start importing Assets/Modern tiles_Free/Interiors_free/32x32/Interiors_free_32x32_1212.asset using Guid(980784d2b5c4e9a40aaf03b941bde447) Importer(2089858483,b0f066a214c2f5e87bad3c948f4d605d) (ScriptedImporter) -> (Import Result ID: 'dd330acee8a9282ba415c8f61cbb3bd8') in 0.0091247 seconds [static and dynamic dependencies]. Details - ImportResultOutputID=046185fabd0b273391122643d1f9d611 DependenciesID=23d99436048b7e4f90d9d03f2ca93b67 StaticDependenciesID=7d59b8632c949e9ec43d64824744bb08 
Number of updated asset objects reloaded before import = 0Number of asset objects unloaded after import = 2

========================================================================
Received Import Request.
  Time since last request: 0.000017 seconds.
  path: Assets/Modern tiles_Free/Interiors_free/32x32/Interiors_free_32x32_390.asset
  importAddress: Guid(4f9f7451398e89f44aa9cefd8c3125f7) Importer(2089858483,b0f066a214c2f5e87bad3c948f4d605d)
Start importing Assets/Modern tiles_Free/Interiors_free/32x32/Interiors_free_32x32_390.asset using Guid(4f9f7451398e89f44aa9cefd8c3125f7) Importer(2089858483,b0f066a214c2f5e87bad3c948f4d605d) (ScriptedImporter) -> (Import Result ID: '05f85e10d344920b7f38dd5b53da8ae3') in 0.0089157 seconds [static and dynamic dependencies]. Details - ImportResultOutputID=273de988dffbab31bc9c2e0a5dd11562 DependenciesID=1ee53dd394cc3f3b154d12694ad1516c StaticDependenciesID=78816fa720913e78cd25342d94523f44 
Number of updated asset objects reloaded before import = 0Number of asset objects unloaded after import = 2

========================================================================
Received Import Request.
  Time since last request: 0.687784 seconds.
  path: Assets/Modern tiles_Free/Interiors_free/32x32/Interiors_free_32x32_664.asset
  importAddress: Guid(3a0d453ec13774d4fb260d62f3d879ff) Importer(2089858483,b0f066a214c2f5e87bad3c948f4d605d)
Start importing Assets/Modern tiles_Free/Interiors_free/32x32/Interiors_free_32x32_664.asset using Guid(3a0d453ec13774d4fb260d62f3d879ff) Importer(2089858483,b0f066a214c2f5e87bad3c948f4d605d) (ScriptedImporter) -> (Import Result ID: 'b9481d25e2d773036e018064ff162084') in 0.0089154 seconds [static and dynamic dependencies]. Details - ImportResultOutputID=a758ee40859ec0945196157f8b3ecfe4 DependenciesID=f0252e42682bfe985e7c5cbacc9a898c StaticDependenciesID=4ddce4af3369bf12a01baf8b65fc1894 
Number of updated asset objects reloaded before import = 0Number of asset objects unloaded after import = 2

========================================================================
Received Import Request.
  Time since last request: 0.000015 seconds.
  path: Assets/Modern tiles_Free/Interiors_free/32x32/Interiors_free_32x32_888.asset
  importAddress: Guid(8d6e5560f1f22c844975141c96332d8f) Importer(2089858483,b0f066a214c2f5e87bad3c948f4d605d)
Start importing Assets/Modern tiles_Free/Interiors_free/32x32/Interiors_free_32x32_888.asset using Guid(8d6e5560f1f22c844975141c96332d8f) Importer(2089858483,b0f066a214c2f5e87bad3c948f4d605d) (ScriptedImporter) -> (Import Result ID: '21f8e54a61c30bdf9b81fec965868b17') in 0.0085726 seconds [static and dynamic dependencies]. Details - ImportResultOutputID=c4fb7b4904f8918b801f4320b4ecd1be DependenciesID=07aae07df430a480e6716d221d34bbd6 StaticDependenciesID=f9a187973bbe58daf6e8b8d40f317c04 
Number of updated asset objects reloaded before import = 0Number of asset objects unloaded after import = 2

========================================================================
Received Import Request.
  Time since last request: 0.000016 seconds.
  path: Assets/Modern tiles_Free/Interiors_free/32x32/Interiors_free_32x32_803.asset
  importAddress: Guid(777c8044bbcc5204f869056b0cba430c) Importer(2089858483,b0f066a214c2f5e87bad3c948f4d605d)
Start importing Assets/Modern tiles_Free/Interiors_free/32x32/Interiors_free_32x32_803.asset using Guid(777c8044bbcc5204f869056b0cba430c) Importer(2089858483,b0f066a214c2f5e87bad3c948f4d605d) (ScriptedImporter) -> (Import Result ID: 'f7192569e949e6d566b7c73175f12429') in 0.0085786 seconds [static and dynamic dependencies]. Details - ImportResultOutputID=b0442376ea769eda91e3e2aadc4b5179 DependenciesID=0a517ab1d23d5e7058573eec2f84a911 StaticDependenciesID=8c83d3e324ba768cc5aef271eeee2004 
Number of updated asset objects reloaded before import = 0Number of asset objects unloaded after import = 2

========================================================================
Received Import Request.
  Time since last request: 0.000018 seconds.
  path: Assets/Modern tiles_Free/Interiors_free/32x32/Interiors_free_32x32_1029.asset
  importAddress: Guid(b4869ebd15163e54987d87ee4d98d4dd) Importer(2089858483,b0f066a214c2f5e87bad3c948f4d605d)
Start importing Assets/Modern tiles_Free/Interiors_free/32x32/Interiors_free_32x32_1029.asset using Guid(b4869ebd15163e54987d87ee4d98d4dd) Importer(2089858483,b0f066a214c2f5e87bad3c948f4d605d) (ScriptedImporter) -> (Import Result ID: '2c0cddd88057da83661394ca7a30da6b') in 0.0097169 seconds [static and dynamic dependencies]. Details - ImportResultOutputID=8fdacd8debbeff993e8f2d21015a45ad DependenciesID=c510d5e510cbab6f6d1218627b8e276b StaticDependenciesID=42a6650a1d2ee97957af939492f38b62 
Number of updated asset objects reloaded before import = 0Number of asset objects unloaded after import = 2

========================================================================
Received Import Request.
  Time since last request: 0.000015 seconds.
  path: Assets/Modern tiles_Free/Interiors_free/32x32/Interiors_free_32x32_359.asset
  importAddress: Guid(e7fc16a5a58a0864e9f572552fc6b714) Importer(2089858483,b0f066a214c2f5e87bad3c948f4d605d)
Start importing Assets/Modern tiles_Free/Interiors_free/32x32/Interiors_free_32x32_359.asset using Guid(e7fc16a5a58a0864e9f572552fc6b714) Importer(2089858483,b0f066a214c2f5e87bad3c948f4d605d) (ScriptedImporter) -> (Import Result ID: '610a88a2e4f7eb62f9a7c877160c7187') in 0.0083376 seconds [static and dynamic dependencies]. Details - ImportResultOutputID=88bc3b00278f799d75225a2e19d6c51c DependenciesID=273b233ae11eb07852cab3ddf4099acf StaticDependenciesID=68489973dd1b0505ada3324abe99ab4a 
Number of updated asset objects reloaded before import = 0Number of asset objects unloaded after import = 2

========================================================================
Received Import Request.
  Time since last request: 0.000016 seconds.
  path: Assets/Modern tiles_Free/Interiors_free/32x32/Interiors_free_32x32_732.asset
  importAddress: Guid(7be047a370a16bc49a2178ad7804ad3a) Importer(2089858483,b0f066a214c2f5e87bad3c948f4d605d)
Start importing Assets/Modern tiles_Free/Interiors_free/32x32/Interiors_free_32x32_732.asset using Guid(7be047a370a16bc49a2178ad7804ad3a) Importer(2089858483,b0f066a214c2f5e87bad3c948f4d605d) (ScriptedImporter) -> (Import Result ID: '1a95b0f81540499b2a70b0427baa485c') in 0.0265723 seconds [static and dynamic dependencies]. Details - ImportResultOutputID=0c847686268dc9309906421816c6b408 DependenciesID=6b9029dfc2d47488840299ef744204c3 StaticDependenciesID=cf6bb2eee59f0164e18a739183fc94de 
Number of updated asset objects reloaded before import = 0Number of asset objects unloaded after import = 2

========================================================================
Received Import Request.
  Time since last request: 0.000017 seconds.
  path: Assets/Modern tiles_Free/Interiors_free/32x32/Interiors_free_32x32_151.asset
  importAddress: Guid(d8fea515236416c4aa3265f0abdd2146) Importer(2089858483,b0f066a214c2f5e87bad3c948f4d605d)
Start importing Assets/Modern tiles_Free/Interiors_free/32x32/Interiors_free_32x32_151.asset using Guid(d8fea515236416c4aa3265f0abdd2146) Importer(2089858483,b0f066a214c2f5e87bad3c948f4d605d) (ScriptedImporter) -> (Import Result ID: 'cbeaefcbc1c1efc8b462a60f4ccd5413') in 0.0224019 seconds [static and dynamic dependencies]. Details - ImportResultOutputID=1ae329a048cd7782924d35e26342afd3 DependenciesID=8f0964b6a3ceb886e7f50fec57a5b0e6 StaticDependenciesID=d469f04412fb9f2b293cae57726e88a2 
Number of updated asset objects reloaded before import = 0Number of asset objects unloaded after import = 2

========================================================================
Received Import Request.
  Time since last request: 0.000028 seconds.
  path: Assets/Modern tiles_Free/Interiors_free/32x32/Interiors_free_32x32_46.asset
  importAddress: Guid(2df8f7348831b5b419638409ff491750) Importer(2089858483,b0f066a214c2f5e87bad3c948f4d605d)
Start importing Assets/Modern tiles_Free/Interiors_free/32x32/Interiors_free_32x32_46.asset using Guid(2df8f7348831b5b419638409ff491750) Importer(2089858483,b0f066a214c2f5e87bad3c948f4d605d) (ScriptedImporter) -> (Import Result ID: 'c537fad3e9eb896e26c349602fb257fc') in 0.008441 seconds [static and dynamic dependencies]. Details - ImportResultOutputID=8affd8288d1496136497e7e9b6556fc9 DependenciesID=20092fb4c7dc2303a496333332a7421c StaticDependenciesID=9be32bc1a8a0ddd6a0c6ed2cc6022429 
Number of updated asset objects reloaded before import = 0Number of asset objects unloaded after import = 2

========================================================================
Received Import Request.
  Time since last request: 0.000017 seconds.
  path: Assets/Modern tiles_Free/Interiors_free/32x32/Interiors_free_32x32_1070.asset
  importAddress: Guid(34875f207542c8e449fc74394c9b75e2) Importer(2089858483,b0f066a214c2f5e87bad3c948f4d605d)
Start importing Assets/Modern tiles_Free/Interiors_free/32x32/Interiors_free_32x32_1070.asset using Guid(34875f207542c8e449fc74394c9b75e2) Importer(2089858483,b0f066a214c2f5e87bad3c948f4d605d) (ScriptedImporter) -> (Import Result ID: '65634cdc4ebddc65fcd89cb28eeb95f5') in 0.0079941 seconds [static and dynamic dependencies]. Details - ImportResultOutputID=abe919b0a34cc8edd2faf8f567ac3fda DependenciesID=2cdff8a8d09a25bb1e4a0204020e8e83 StaticDependenciesID=320d511676b5779594140a1c6556a5cb 
Number of updated asset objects reloaded before import = 0Number of asset objects unloaded after import = 2

========================================================================
Received Import Request.
  Time since last request: 0.000015 seconds.
  path: Assets/Modern tiles_Free/Interiors_free/32x32/Interiors_free_32x32_6.asset
  importAddress: Guid(1b0b89a8e9b79334a8d3bfcbcda51cab) Importer(2089858483,b0f066a214c2f5e87bad3c948f4d605d)
Start importing Assets/Modern tiles_Free/Interiors_free/32x32/Interiors_free_32x32_6.asset using Guid(1b0b89a8e9b79334a8d3bfcbcda51cab) Importer(2089858483,b0f066a214c2f5e87bad3c948f4d605d) (ScriptedImporter) -> (Import Result ID: '5348102f6b352b3dcb8aae8e529838dd') in 0.0076587 seconds [static and dynamic dependencies]. Details - ImportResultOutputID=19d621fd68137ba5e9fcc32f0bc3d0e7 DependenciesID=7406771d2544b40e394eb530417062d5 StaticDependenciesID=81995da3b19d53f7c920c63b0538c6dc 
Number of updated asset objects reloaded before import = 0Number of asset objects unloaded after import = 2

========================================================================
Received Import Request.
  Time since last request: 0.000017 seconds.
  path: Assets/Modern tiles_Free/Interiors_free/32x32/Interiors_free_32x32_912.asset
  importAddress: Guid(7b26a503d88a36e4dacfe1fdd81d01f8) Importer(2089858483,b0f066a214c2f5e87bad3c948f4d605d)
Start importing Assets/Modern tiles_Free/Interiors_free/32x32/Interiors_free_32x32_912.asset using Guid(7b26a503d88a36e4dacfe1fdd81d01f8) Importer(2089858483,b0f066a214c2f5e87bad3c948f4d605d) (ScriptedImporter) -> (Import Result ID: '209d82aa66ee8d06fe2ff9e1ee7eae3f') in 0.0086338 seconds [static and dynamic dependencies]. Details - ImportResultOutputID=e53331c8145dfcb2b3ca5bffcad2473f DependenciesID=9ba07bb67fa891c2db429e17fc3590a9 StaticDependenciesID=4b04bf06eeef9c74e969c3be8bee87b5 
Number of updated asset objects reloaded before import = 0Number of asset objects unloaded after import = 2

========================================================================
Received Import Request.
  Time since last request: 0.000018 seconds.
  path: Assets/Modern tiles_Free/Interiors_free/32x32/Interiors_free_32x32_636.asset
  importAddress: Guid(5e5e1f9122b632f4f9902e2802ba2097) Importer(2089858483,b0f066a214c2f5e87bad3c948f4d605d)
Start importing Assets/Modern tiles_Free/Interiors_free/32x32/Interiors_free_32x32_636.asset using Guid(5e5e1f9122b632f4f9902e2802ba2097) Importer(2089858483,b0f066a214c2f5e87bad3c948f4d605d) (ScriptedImporter) -> (Import Result ID: '92214c882be61bdc1a7c947b9c143e59') in 0.0076628 seconds [static and dynamic dependencies]. Details - ImportResultOutputID=9cf02241c7c70d56883cc4873831e634 DependenciesID=7be0d79d91ded5e1ef5d165ac48d979f StaticDependenciesID=185e2ed0a78d3300c03a985b7a218844 
Number of updated asset objects reloaded before import = 0Number of asset objects unloaded after import = 2

========================================================================
Received Import Request.
  Time since last request: 0.000015 seconds.
  path: Assets/Modern tiles_Free/Interiors_free/32x32/Interiors_free_32x32_728.asset
  importAddress: Guid(572312d845fa62b4296bda0b178174b5) Importer(2089858483,b0f066a214c2f5e87bad3c948f4d605d)
Start importing Assets/Modern tiles_Free/Interiors_free/32x32/Interiors_free_32x32_728.asset using Guid(572312d845fa62b4296bda0b178174b5) Importer(2089858483,b0f066a214c2f5e87bad3c948f4d605d) (ScriptedImporter) -> (Import Result ID: 'ef3d0eaf1f5279badc2cc2024312118e') in 0.0091372 seconds [static and dynamic dependencies]. Details - ImportResultOutputID=f18a6fce63c11d8307e487e2fe28d7b6 DependenciesID=607f1dad199e43d272c9e937160e451d StaticDependenciesID=3144ea7629933225948999593f846c45 
Number of updated asset objects reloaded before import = 0Number of asset objects unloaded after import = 2

========================================================================
Received Import Request.
  Time since last request: 0.000018 seconds.
  path: Assets/Modern tiles_Free/Interiors_free/32x32/Interiors_free_32x32_569.asset
  importAddress: Guid(b1d3d9e2ba815bd4eb5481cc5df6aedb) Importer(2089858483,b0f066a214c2f5e87bad3c948f4d605d)
Start importing Assets/Modern tiles_Free/Interiors_free/32x32/Interiors_free_32x32_569.asset using Guid(b1d3d9e2ba815bd4eb5481cc5df6aedb) Importer(2089858483,b0f066a214c2f5e87bad3c948f4d605d) (ScriptedImporter) -> (Import Result ID: '8a46599381613e0fab7c6a8119d1e258') in 0.0079635 seconds [static and dynamic dependencies]. Details - ImportResultOutputID=a1c8d8faf9ac30eb8048882bf4495d64 DependenciesID=c098c3ca0e344f20cad96c26e6818d5e StaticDependenciesID=6573d51699620483f8cb916a4192615a 
Number of updated asset objects reloaded before import = 0Number of asset objects unloaded after import = 2

========================================================================
Received Import Request.
  Time since last request: 0.000013 seconds.
  path: Assets/Modern tiles_Free/Interiors_free/32x32/Interiors_free_32x32_645.asset
  importAddress: Guid(34ef3840777956842b12facb48998556) Importer(2089858483,b0f066a214c2f5e87bad3c948f4d605d)
Start importing Assets/Modern tiles_Free/Interiors_free/32x32/Interiors_free_32x32_645.asset using Guid(34ef3840777956842b12facb48998556) Importer(2089858483,b0f066a214c2f5e87bad3c948f4d605d) (ScriptedImporter) -> (Import Result ID: '125411b51715125f127cb4176bbf5414') in 0.0089099 seconds [static and dynamic dependencies]. Details - ImportResultOutputID=32fa5bf9c7022de48b534e6bb6ec71b8 DependenciesID=7e2bcf518898d8cb0cfcccaf8401af87 StaticDependenciesID=51b98a05f5cb7e2e2a640eb083bf5b62 
Number of updated asset objects reloaded before import = 0Number of asset objects unloaded after import = 2

========================================================================
Received Import Request.
  Time since last request: 0.000019 seconds.
  path: Assets/Modern tiles_Free/Interiors_free/32x32/Interiors_free_32x32_49.asset
  importAddress: Guid(de0183e80cb86b04f8379962858f7e80) Importer(2089858483,b0f066a214c2f5e87bad3c948f4d605d)
Start importing Assets/Modern tiles_Free/Interiors_free/32x32/Interiors_free_32x32_49.asset using Guid(de0183e80cb86b04f8379962858f7e80) Importer(2089858483,b0f066a214c2f5e87bad3c948f4d605d) (ScriptedImporter) -> (Import Result ID: '09ff49112d488ceef7388505ad772792') in 0.008522 seconds [static and dynamic dependencies]. Details - ImportResultOutputID=e3d1cc68225e7271a16644405520df26 DependenciesID=4da4097c78ebc2afd7ba48e4f30bab64 StaticDependenciesID=a7206903f0d75d6275e9b55c4c9fa1d0 
Number of updated asset objects reloaded before import = 0Number of asset objects unloaded after import = 2

========================================================================
Received Import Request.
  Time since last request: 0.000016 seconds.
  path: Assets/Modern tiles_Free/Interiors_free/32x32/Interiors_free_32x32_56.asset
  importAddress: Guid(9be2a283a065e7540963a07018f9df41) Importer(2089858483,b0f066a214c2f5e87bad3c948f4d605d)
Start importing Assets/Modern tiles_Free/Interiors_free/32x32/Interiors_free_32x32_56.asset using Guid(9be2a283a065e7540963a07018f9df41) Importer(2089858483,b0f066a214c2f5e87bad3c948f4d605d) (ScriptedImporter) -> (Import Result ID: '44eee7944ede7d8af1663022028aae64') in 0.0083731 seconds [static and dynamic dependencies]. Details - ImportResultOutputID=da27310851acccf6983549e72e5ba596 DependenciesID=8a90a65d45dd8f7a880e2569fb4b8d2f StaticDependenciesID=435af7a2e15937b5a0958c13f13035cb 
Number of updated asset objects reloaded before import = 0Number of asset objects unloaded after import = 2

========================================================================
Received Import Request.
  Time since last request: 0.000017 seconds.
  path: Assets/Modern tiles_Free/Interiors_free/32x32/Interiors_free_32x32_1065.asset
  importAddress: Guid(fc611ed7c6353b841a0d89e874b1f346) Importer(2089858483,b0f066a214c2f5e87bad3c948f4d605d)
Start importing Assets/Modern tiles_Free/Interiors_free/32x32/Interiors_free_32x32_1065.asset using Guid(fc611ed7c6353b841a0d89e874b1f346) Importer(2089858483,b0f066a214c2f5e87bad3c948f4d605d) (ScriptedImporter) -> (Import Result ID: '99c48b2a0336b951e109b6fc5dffd25b') in 0.009325 seconds [static and dynamic dependencies]. Details - ImportResultOutputID=4a3abfd2feae1d049af8159a535fa3b6 DependenciesID=4b4d15a3e6b55cbdb73e56820b6a40e8 StaticDependenciesID=a8546c32b270d9ec0fb79401194aac9f 
Number of updated asset objects reloaded before import = 0Number of asset objects unloaded after import = 2

========================================================================
Received Import Request.
  Time since last request: 0.000013 seconds.
  path: Assets/Modern tiles_Free/Interiors_free/32x32/Interiors_free_32x32_417.asset
  importAddress: Guid(59926f7381c823646a6359362afcbd66) Importer(2089858483,b0f066a214c2f5e87bad3c948f4d605d)
Start importing Assets/Modern tiles_Free/Interiors_free/32x32/Interiors_free_32x32_417.asset using Guid(59926f7381c823646a6359362afcbd66) Importer(2089858483,b0f066a214c2f5e87bad3c948f4d605d) (ScriptedImporter) -> (Import Result ID: '55ee8a5eecf944c17bbc8b1173a283e8') in 0.0087409 seconds [static and dynamic dependencies]. Details - ImportResultOutputID=96f5e9732aa2471cb4a2d800addefc11 DependenciesID=dba00eca45a00af9991eb78fa463f4b7 StaticDependenciesID=a7f3d0d0727e26f592706bb89d5ad932 
Number of updated asset objects reloaded before import = 0Number of asset objects unloaded after import = 2

========================================================================
Received Import Request.
  Time since last request: 0.000018 seconds.
  path: Assets/Modern tiles_Free/Interiors_free/32x32/Interiors_free_32x32_1054.asset
  importAddress: Guid(ae5c76e337372b5468ab4c46595ec197) Importer(2089858483,b0f066a214c2f5e87bad3c948f4d605d)
Start importing Assets/Modern tiles_Free/Interiors_free/32x32/Interiors_free_32x32_1054.asset using Guid(ae5c76e337372b5468ab4c46595ec197) Importer(2089858483,b0f066a214c2f5e87bad3c948f4d605d) (ScriptedImporter) -> (Import Result ID: 'dd91f59ede55aed4595bf74d06a5d92e') in 0.0088643 seconds [static and dynamic dependencies]. Details - ImportResultOutputID=3750bc7a51793dcb0419d6fc4900b661 DependenciesID=0912b766c6409dd3c7a6f1c838f37cac StaticDependenciesID=21cff903f48ef7a16d1c08ca1ce6b2c3 
Number of updated asset objects reloaded before import = 0Number of asset objects unloaded after import = 2

========================================================================
Received Import Request.
  Time since last request: 0.000016 seconds.
  path: Assets/Modern tiles_Free/Interiors_free/32x32/Interiors_free_32x32_983.asset
  importAddress: Guid(3fe16a152a5c3ec47a5d53f087bd0c54) Importer(2089858483,b0f066a214c2f5e87bad3c948f4d605d)
Start importing Assets/Modern tiles_Free/Interiors_free/32x32/Interiors_free_32x32_983.asset using Guid(3fe16a152a5c3ec47a5d53f087bd0c54) Importer(2089858483,b0f066a214c2f5e87bad3c948f4d605d) (ScriptedImporter) -> (Import Result ID: 'cf8c8a62a93760110b0bbbb8d8dba8e0') in 0.0085119 seconds [static and dynamic dependencies]. Details - ImportResultOutputID=c71ca8ba3606cef17f233a1747bdab21 DependenciesID=06a6a064d1625e6ecb79a95a91c32a92 StaticDependenciesID=b8139794147220653ea4667f6354ba73 
Number of updated asset objects reloaded before import = 0Number of asset objects unloaded after import = 2

========================================================================
Received Import Request.
  Time since last request: 0.000014 seconds.
  path: Assets/Modern tiles_Free/Interiors_free/32x32/Interiors_free_32x32_548.asset
  importAddress: Guid(5e40c082066472d409d5705b9cddd956) Importer(2089858483,b0f066a214c2f5e87bad3c948f4d605d)
Start importing Assets/Modern tiles_Free/Interiors_free/32x32/Interiors_free_32x32_548.asset using Guid(5e40c082066472d409d5705b9cddd956) Importer(2089858483,b0f066a214c2f5e87bad3c948f4d605d) (ScriptedImporter) -> (Import Result ID: '1238e64ee7201729f5859a12afcff568') in 0.0089361 seconds [static and dynamic dependencies]. Details - ImportResultOutputID=9f1467dabbd415ff27c4a16c4845b4ae DependenciesID=f8e55e702924bfcacd50425db6ccefb4 StaticDependenciesID=5c3bbf5bd61f99487f0d9110bac52bc8 
Number of updated asset objects reloaded before import = 0Number of asset objects unloaded after import = 2

========================================================================
Received Import Request.
  Time since last request: 0.000016 seconds.
  path: Assets/Modern tiles_Free/Interiors_free/32x32/Interiors_free_32x32_127.asset
  importAddress: Guid(3b7388cc435727c44a8af63ebbf89a39) Importer(2089858483,b0f066a214c2f5e87bad3c948f4d605d)
Start importing Assets/Modern tiles_Free/Interiors_free/32x32/Interiors_free_32x32_127.asset using Guid(3b7388cc435727c44a8af63ebbf89a39) Importer(2089858483,b0f066a214c2f5e87bad3c948f4d605d) (ScriptedImporter) -> (Import Result ID: '83492df66e73311c1a5f1fc49ccdc9ed') in 0.0078842 seconds [static and dynamic dependencies]. Details - ImportResultOutputID=332275b8bcc4a8c2095c03dbf8afe042 DependenciesID=22cf8b94e558732e78f2204c7e5ad64c StaticDependenciesID=0c40cd14ff43e9175672327aff330b3f 
Number of updated asset objects reloaded before import = 0Number of asset objects unloaded after import = 2

========================================================================
Received Import Request.
  Time since last request: 0.000014 seconds.
  path: Assets/Modern tiles_Free/Interiors_free/32x32/Interiors_free_32x32_171.asset
  importAddress: Guid(d7f574989389ce845a5118239d25d852) Importer(2089858483,b0f066a214c2f5e87bad3c948f4d605d)
Start importing Assets/Modern tiles_Free/Interiors_free/32x32/Interiors_free_32x32_171.asset using Guid(d7f574989389ce845a5118239d25d852) Importer(2089858483,b0f066a214c2f5e87bad3c948f4d605d) (ScriptedImporter) -> (Import Result ID: '1a546ef68cb624cf428f3eb19b83e6a6') in 0.008791 seconds [static and dynamic dependencies]. Details - ImportResultOutputID=d3bde1fba5a8836bcbac09fc45ad3d6e DependenciesID=04049aca093ef71f1cd39b28fc5ba000 StaticDependenciesID=71d170c28da41f8a8b350921bc071e94 
Number of updated asset objects reloaded before import = 0Number of asset objects unloaded after import = 2

========================================================================
Received Import Request.
  Time since last request: 0.000016 seconds.
  path: Assets/Modern tiles_Free/Interiors_free/32x32/Interiors_free_32x32_551.asset
  importAddress: Guid(4c4064f752ec27044b241a5a1a7e8ada) Importer(2089858483,b0f066a214c2f5e87bad3c948f4d605d)
Start importing Assets/Modern tiles_Free/Interiors_free/32x32/Interiors_free_32x32_551.asset using Guid(4c4064f752ec27044b241a5a1a7e8ada) Importer(2089858483,b0f066a214c2f5e87bad3c948f4d605d) (ScriptedImporter) -> (Import Result ID: '61903fb903bc0fd09d8239e274de3a2b') in 0.0084699 seconds [static and dynamic dependencies]. Details - ImportResultOutputID=f08d7eac1d17912ff077c2c73d4826da DependenciesID=2289db45647e89af61ca5674b19959a5 StaticDependenciesID=d4f924a9ba8827802a001308d475c901 
Number of updated asset objects reloaded before import = 0Number of asset objects unloaded after import = 2

========================================================================
Received Import Request.
  Time since last request: 0.000013 seconds.
  path: Assets/Modern tiles_Free/Interiors_free/32x32/Interiors_free_32x32_857.asset
  importAddress: Guid(f4d9b9b44a9eca04aafcb00acd6efaf8) Importer(2089858483,b0f066a214c2f5e87bad3c948f4d605d)
Start importing Assets/Modern tiles_Free/Interiors_free/32x32/Interiors_free_32x32_857.asset using Guid(f4d9b9b44a9eca04aafcb00acd6efaf8) Importer(2089858483,b0f066a214c2f5e87bad3c948f4d605d) (ScriptedImporter) -> (Import Result ID: '7565cfd0aeac52ab1d58753dfafeb5e7') in 0.0091155 seconds [static and dynamic dependencies]. Details - ImportResultOutputID=1ab794fc884c87dc60a6451e9adf605b DependenciesID=01c3c2d1b1fd5b50520a543e1bb12547 StaticDependenciesID=c56a681a90b06970b0d284ffb4c97d34 
Number of updated asset objects reloaded before import = 0Number of asset objects unloaded after import = 2

========================================================================
Received Import Request.
  Time since last request: 0.000015 seconds.
  path: Assets/Modern tiles_Free/Interiors_free/32x32/Interiors_free_32x32_628.asset
  importAddress: Guid(bb3e7b5e46c286c4a8161fabf1f376a1) Importer(2089858483,b0f066a214c2f5e87bad3c948f4d605d)
Start importing Assets/Modern tiles_Free/Interiors_free/32x32/Interiors_free_32x32_628.asset using Guid(bb3e7b5e46c286c4a8161fabf1f376a1) Importer(2089858483,b0f066a214c2f5e87bad3c948f4d605d) (ScriptedImporter) -> (Import Result ID: '509b5781891a8c46609494c68adbd33a') in 0.0087134 seconds [static and dynamic dependencies]. Details - ImportResultOutputID=6e0c01735984763e7d344aac1ca56ce9 DependenciesID=2ff3a9af8a155929e934bd6bcee06d7c StaticDependenciesID=d53a98142faaad1c3aeee24346ec8850 
Number of updated asset objects reloaded before import = 0Number of asset objects unloaded after import = 2

========================================================================
Received Import Request.
  Time since last request: 0.000014 seconds.
  path: Assets/Modern tiles_Free/Interiors_free/32x32/Interiors_free_32x32_348.asset
  importAddress: Guid(f52c05a50a67d8148adcf91efbe130c6) Importer(2089858483,b0f066a214c2f5e87bad3c948f4d605d)
Start importing Assets/Modern tiles_Free/Interiors_free/32x32/Interiors_free_32x32_348.asset using Guid(f52c05a50a67d8148adcf91efbe130c6) Importer(2089858483,b0f066a214c2f5e87bad3c948f4d605d) (ScriptedImporter) -> (Import Result ID: '5e05cb9336f666102fec057f0ce9dc82') in 0.0094016 seconds [static and dynamic dependencies]. Details - ImportResultOutputID=9bb6fc1cdf8f0bca6c4a9199cab3ffaa DependenciesID=f6c4a08c1d10d42168c3e4002df50d66 StaticDependenciesID=6bf86e958997982ff23d673045a429be 
Number of updated asset objects reloaded before import = 0Number of asset objects unloaded after import = 2

========================================================================
Received Import Request.
  Time since last request: 0.000020 seconds.
  path: Assets/Modern tiles_Free/Interiors_free/32x32/Interiors_free_32x32_918.asset
  importAddress: Guid(02752486180c2ba40aed4a2685a67d0a) Importer(2089858483,b0f066a214c2f5e87bad3c948f4d605d)
Start importing Assets/Modern tiles_Free/Interiors_free/32x32/Interiors_free_32x32_918.asset using Guid(02752486180c2ba40aed4a2685a67d0a) Importer(2089858483,b0f066a214c2f5e87bad3c948f4d605d) (ScriptedImporter) -> (Import Result ID: '594c6be42942439c16658963666d8e64') in 0.0091552 seconds [static and dynamic dependencies]. Details - ImportResultOutputID=3c4e1235242b378c25d90c056e419ef2 DependenciesID=20a2f9208c95bc0b7cad9a95bf165910 StaticDependenciesID=cdfe1cd6142e0c21bb42896775d807a2 
Number of updated asset objects reloaded before import = 0Number of asset objects unloaded after import = 2

========================================================================
Received Import Request.
  Time since last request: 0.000015 seconds.
  path: Assets/Modern tiles_Free/Interiors_free/32x32/Interiors_free_32x32_533.asset
  importAddress: Guid(4e7f63603f39bcb49a8ab4bbf5081ab0) Importer(2089858483,b0f066a214c2f5e87bad3c948f4d605d)
Start importing Assets/Modern tiles_Free/Interiors_free/32x32/Interiors_free_32x32_533.asset using Guid(4e7f63603f39bcb49a8ab4bbf5081ab0) Importer(2089858483,b0f066a214c2f5e87bad3c948f4d605d) (ScriptedImporter) -> (Import Result ID: 'e767590eba3101f4cc1e55d03b0e4f4d') in 0.009098 seconds [static and dynamic dependencies]. Details - ImportResultOutputID=7b85f5ee4d8e3327537367f26790531a DependenciesID=9799049e0296238ac4d7d2032defb483 StaticDependenciesID=7b37c7a1a3d1ee269ca51f182226f85c 
Number of updated asset objects reloaded before import = 0Number of asset objects unloaded after import = 2

========================================================================
Received Import Request.
  Time since last request: 0.000019 seconds.
  path: Assets/Modern tiles_Free/Interiors_free/32x32/Interiors_free_32x32_265.asset
  importAddress: Guid(14f209b7164ae0242b754265d4fccc71) Importer(2089858483,b0f066a214c2f5e87bad3c948f4d605d)
Start importing Assets/Modern tiles_Free/Interiors_free/32x32/Interiors_free_32x32_265.asset using Guid(14f209b7164ae0242b754265d4fccc71) Importer(2089858483,b0f066a214c2f5e87bad3c948f4d605d) (ScriptedImporter) -> (Import Result ID: 'ab1b01808d36d0fd73a06575657d6a74') in 0.0088226 seconds [static and dynamic dependencies]. Details - ImportResultOutputID=ec317b4489f04aa372b18df4f6609396 DependenciesID=1fc67864d2df1c75ce060ef19fe55aba StaticDependenciesID=cb7dfa7b1cdb22d9c0d4afd7bff52223 
Number of updated asset objects reloaded before import = 0Number of asset objects unloaded after import = 2

========================================================================
Received Import Request.
  Time since last request: 0.000025 seconds.
  path: Assets/Modern tiles_Free/Interiors_free/32x32/Interiors_free_32x32_206.asset
  importAddress: Guid(6ab5a0db441dc9742bfedccfef4f1c76) Importer(2089858483,b0f066a214c2f5e87bad3c948f4d605d)
Start importing Assets/Modern tiles_Free/Interiors_free/32x32/Interiors_free_32x32_206.asset using Guid(6ab5a0db441dc9742bfedccfef4f1c76) Importer(2089858483,b0f066a214c2f5e87bad3c948f4d605d) (ScriptedImporter) -> (Import Result ID: '0e3a523b5b0caa33f6da42c677b93a1d') in 0.0095254 seconds [static and dynamic dependencies]. Details - ImportResultOutputID=53e31599ee5209eabdc11c2908e21479 DependenciesID=3eaab5a44fdd54c674cdd17d8e0b48bf StaticDependenciesID=93f3ed661951323b8643881299f7f39c 
Number of updated asset objects reloaded before import = 0Number of asset objects unloaded after import = 2

========================================================================
Received Import Request.
  Time since last request: 0.000018 seconds.
  path: Assets/Modern tiles_Free/Interiors_free/32x32/Interiors_free_32x32_773.asset
  importAddress: Guid(330aff9e47818c142b629b311f96439c) Importer(2089858483,b0f066a214c2f5e87bad3c948f4d605d)
Start importing Assets/Modern tiles_Free/Interiors_free/32x32/Interiors_free_32x32_773.asset using Guid(330aff9e47818c142b629b311f96439c) Importer(2089858483,b0f066a214c2f5e87bad3c948f4d605d) (ScriptedImporter) -> (Import Result ID: '8aba3b507cf20fbd4c3e459cedfed4f5') in 0.0083336 seconds [static and dynamic dependencies]. Details - ImportResultOutputID=ec55fda0af7f109db664b48c813b72fc DependenciesID=6cf9b9f52e61e6480a64fd1f1daf6281 StaticDependenciesID=3ee914572a57eff6aee1320c50491d24 
Number of updated asset objects reloaded before import = 0Number of asset objects unloaded after import = 2

========================================================================
Received Import Request.
  Time since last request: 0.000016 seconds.
  path: Assets/Modern tiles_Free/Interiors_free/32x32/Interiors_free_32x32_1044.asset
  importAddress: Guid(d0e67d574934b0647a48c15c0ea33a4d) Importer(2089858483,b0f066a214c2f5e87bad3c948f4d605d)
Start importing Assets/Modern tiles_Free/Interiors_free/32x32/Interiors_free_32x32_1044.asset using Guid(d0e67d574934b0647a48c15c0ea33a4d) Importer(2089858483,b0f066a214c2f5e87bad3c948f4d605d) (ScriptedImporter) -> (Import Result ID: 'c0736526c0b50b654ecdcd568b8fc621') in 0.009063 seconds [static and dynamic dependencies]. Details - ImportResultOutputID=66b399ddc668f1ecc370634f2150f739 DependenciesID=7dc94d4648ef9e1de854095921c61749 StaticDependenciesID=bc47ba65d141620a7e2fb493131b82a0 
Number of updated asset objects reloaded before import = 0Number of asset objects unloaded after import = 2

========================================================================
Received Import Request.
  Time since last request: 0.000019 seconds.
  path: Assets/Modern tiles_Free/Interiors_free/32x32/Interiors_free_32x32_1147.asset
  importAddress: Guid(7cbc66d59a419ca4986f3831fbf4c1c4) Importer(2089858483,b0f066a214c2f5e87bad3c948f4d605d)
Start importing Assets/Modern tiles_Free/Interiors_free/32x32/Interiors_free_32x32_1147.asset using Guid(7cbc66d59a419ca4986f3831fbf4c1c4) Importer(2089858483,b0f066a214c2f5e87bad3c948f4d605d) (ScriptedImporter) -> (Import Result ID: '282b2dfc6947b3af0484a3bbe354a097') in 0.0095818 seconds [static and dynamic dependencies]. Details - ImportResultOutputID=5069f5f6db7f7d1d4ad31aff78a36ddf DependenciesID=cf5b4032ec5daf7bfe2b348a14b39e14 StaticDependenciesID=fe8b7b79d22dd427ce9cf378508e6aac 
Number of updated asset objects reloaded before import = 0Number of asset objects unloaded after import = 2

========================================================================
Received Import Request.
  Time since last request: 0.000016 seconds.
  path: Assets/Modern tiles_Free/Interiors_free/32x32/Interiors_free_32x32_627.asset
  importAddress: Guid(1c6b74e6a66384f4bb8b258393a82c1c) Importer(2089858483,b0f066a214c2f5e87bad3c948f4d605d)
Start importing Assets/Modern tiles_Free/Interiors_free/32x32/Interiors_free_32x32_627.asset using Guid(1c6b74e6a66384f4bb8b258393a82c1c) Importer(2089858483,b0f066a214c2f5e87bad3c948f4d605d) (ScriptedImporter) -> (Import Result ID: 'f4b3a24dac16f90b123b3e9d5131c952') in 0.0084755 seconds [static and dynamic dependencies]. Details - ImportResultOutputID=a43224dc8725344355cdd6670a3c1857 DependenciesID=e8438d3986ebeec5a0cb62c9c8a44527 StaticDependenciesID=a735a358acc13d21953d52c03a5266bf 
Number of updated asset objects reloaded before import = 0Number of asset objects unloaded after import = 2

========================================================================
Received Import Request.
  Time since last request: 0.000018 seconds.
  path: Assets/Modern tiles_Free/Interiors_free/32x32/Interiors_free_32x32_563.asset
  importAddress: Guid(c9aa95d1703995842a4a7adf91044880) Importer(2089858483,b0f066a214c2f5e87bad3c948f4d605d)
Start importing Assets/Modern tiles_Free/Interiors_free/32x32/Interiors_free_32x32_563.asset using Guid(c9aa95d1703995842a4a7adf91044880) Importer(2089858483,b0f066a214c2f5e87bad3c948f4d605d) (ScriptedImporter) -> (Import Result ID: '22297151930a28e19e79b995e779906b') in 0.0094875 seconds [static and dynamic dependencies]. Details - ImportResultOutputID=5a75f3fcf562d9f15ee52c20db4191d3 DependenciesID=7e480ff0f52d8c449712c74213991013 StaticDependenciesID=50b10db0b43c23ec55fb0f2c7fb20ebc 
Number of updated asset objects reloaded before import = 0Number of asset objects unloaded after import = 2

========================================================================
Received Import Request.
  Time since last request: 0.515828 seconds.
  path: Assets/Modern tiles_Free/Interiors_free/32x32/Interiors_free_32x32_268.asset
  importAddress: Guid(1df0036fa69f81c44ae412c94f2e146f) Importer(2089858483,b0f066a214c2f5e87bad3c948f4d605d)
Start importing Assets/Modern tiles_Free/Interiors_free/32x32/Interiors_free_32x32_268.asset using Guid(1df0036fa69f81c44ae412c94f2e146f) Importer(2089858483,b0f066a214c2f5e87bad3c948f4d605d) (ScriptedImporter) -> (Import Result ID: 'd09bb44cd63e24e67752fed4e3bd946d') in 0.0087296 seconds [static and dynamic dependencies]. Details - ImportResultOutputID=5438438126efc0fa0b7aa8a902e65711 DependenciesID=b9ae6171027b56b00e589cb2d0ab7198 StaticDependenciesID=1900c6a6a5b1e11881c403fc7bd200e9 
Number of updated asset objects reloaded before import = 0Number of asset objects unloaded after import = 2

========================================================================
Received Import Request.
  Time since last request: 0.000015 seconds.
  path: Assets/Modern tiles_Free/Interiors_free/32x32/Interiors_free_32x32_1102.asset
  importAddress: Guid(5eea5b6df6bf694469ac2fb1d2187aa3) Importer(2089858483,b0f066a214c2f5e87bad3c948f4d605d)
Start importing Assets/Modern tiles_Free/Interiors_free/32x32/Interiors_free_32x32_1102.asset using Guid(5eea5b6df6bf694469ac2fb1d2187aa3) Importer(2089858483,b0f066a214c2f5e87bad3c948f4d605d) (ScriptedImporter) -> (Import Result ID: '03f19b20f823590e37276f828e3ed5ca') in 0.0092009 seconds [static and dynamic dependencies]. Details - ImportResultOutputID=380659c4847991694b186b5ec9a22a15 DependenciesID=c276c0fbaa10f73970cc85bfb3426d54 StaticDependenciesID=d69667bf5ec356824a4ef62bcd3e296a 
Number of updated asset objects reloaded before import = 0Number of asset objects unloaded after import = 2

========================================================================
Received Import Request.
  Time since last request: 0.000015 seconds.
  path: Assets/Modern tiles_Free/Interiors_free/32x32/Interiors_free_32x32_961.asset
  importAddress: Guid(56b4e019aed050e4697c3b5be06faf9f) Importer(2089858483,b0f066a214c2f5e87bad3c948f4d605d)
Start importing Assets/Modern tiles_Free/Interiors_free/32x32/Interiors_free_32x32_961.asset using Guid(56b4e019aed050e4697c3b5be06faf9f) Importer(2089858483,b0f066a214c2f5e87bad3c948f4d605d) (ScriptedImporter) -> (Import Result ID: '401efc92e633b806aed7b75e8278f212') in 0.0088833 seconds [static and dynamic dependencies]. Details - ImportResultOutputID=eae29949387ee2da76fc60083c06a381 DependenciesID=df5f086907df69deb4f271335d813ce3 StaticDependenciesID=849f06561438d05832c7781174b070cc 
Number of updated asset objects reloaded before import = 0Number of asset objects unloaded after import = 2

========================================================================
Received Import Request.
  Time since last request: 0.000015 seconds.
  path: Assets/Modern tiles_Free/Interiors_free/32x32/Interiors_free_32x32_112.asset
  importAddress: Guid(3dc4fe02a9cb9814fbefec93db56787a) Importer(2089858483,b0f066a214c2f5e87bad3c948f4d605d)
Start importing Assets/Modern tiles_Free/Interiors_free/32x32/Interiors_free_32x32_112.asset using Guid(3dc4fe02a9cb9814fbefec93db56787a) Importer(2089858483,b0f066a214c2f5e87bad3c948f4d605d) (ScriptedImporter) -> (Import Result ID: 'ec828cab42e9812cd03b08f839827a9d') in 0.0088952 seconds [static and dynamic dependencies]. Details - ImportResultOutputID=16292d2558379cf0e336db3743ae9e3c DependenciesID=6680592a4d0e5526ea5e306a90bb4650 StaticDependenciesID=7e3cc1ef9dc672d5915d427a45bd11e6 
Number of updated asset objects reloaded before import = 0Number of asset objects unloaded after import = 2

========================================================================
Received Import Request.
  Time since last request: 0.000016 seconds.
  path: Assets/Modern tiles_Free/Interiors_free/32x32/Interiors_free_32x32_554.asset
  importAddress: Guid(48376f779d382c24c96ab1c93a77ba26) Importer(2089858483,b0f066a214c2f5e87bad3c948f4d605d)
Start importing Assets/Modern tiles_Free/Interiors_free/32x32/Interiors_free_32x32_554.asset using Guid(48376f779d382c24c96ab1c93a77ba26) Importer(2089858483,b0f066a214c2f5e87bad3c948f4d605d) (ScriptedImporter) -> (Import Result ID: 'f32717f336277d63472d95865bcd22ab') in 0.0090295 seconds [static and dynamic dependencies]. Details - ImportResultOutputID=35f1e30cdc1e9e1f3cc31071a1ca399d DependenciesID=f5c3bc42288eb918842a5bf17ea48450 StaticDependenciesID=2660a594034869b4c2515bf514cd8407 
Number of updated asset objects reloaded before import = 0Number of asset objects unloaded after import = 2

========================================================================
Received Import Request.
  Time since last request: 0.000021 seconds.
  path: Assets/Modern tiles_Free/Interiors_free/32x32/Interiors_free_32x32_656.asset
  importAddress: Guid(256f55c3946735a4da071cf634ef8a03) Importer(2089858483,b0f066a214c2f5e87bad3c948f4d605d)
Start importing Assets/Modern tiles_Free/Interiors_free/32x32/Interiors_free_32x32_656.asset using Guid(256f55c3946735a4da071cf634ef8a03) Importer(2089858483,b0f066a214c2f5e87bad3c948f4d605d) (ScriptedImporter) -> (Import Result ID: '5029e4f222a7b593513b41a9ffed1a57') in 0.0089846 seconds [static and dynamic dependencies]. Details - ImportResultOutputID=7d7ff388bf80546b4be35cf3359f3b10 DependenciesID=3ef181a37a74326f7b09eb18df6886df StaticDependenciesID=856a7279db37130c8277464a5878d92a 
Number of updated asset objects reloaded before import = 0Number of asset objects unloaded after import = 2

========================================================================
Received Import Request.
  Time since last request: 0.000023 seconds.
  path: Assets/Modern tiles_Free/Interiors_free/32x32/Interiors_free_32x32_663.asset
  importAddress: Guid(37ac362d06f6d7b4eab80edcf438df5d) Importer(2089858483,b0f066a214c2f5e87bad3c948f4d605d)
Start importing Assets/Modern tiles_Free/Interiors_free/32x32/Interiors_free_32x32_663.asset using Guid(37ac362d06f6d7b4eab80edcf438df5d) Importer(2089858483,b0f066a214c2f5e87bad3c948f4d605d) (ScriptedImporter) -> (Import Result ID: '143c685e3c4b2546d757ed17e1fedba5') in 0.0115833 seconds [static and dynamic dependencies]. Details - ImportResultOutputID=f9e25ecf349fabd42f4c1aeb713468ea DependenciesID=d60c734a2cc22f8812eb4a9f42a4849e StaticDependenciesID=41fbf605dc8a28a6a582a6ba90d13113 
Number of updated asset objects reloaded before import = 0Number of asset objects unloaded after import = 2

========================================================================
Received Import Request.
  Time since last request: 0.000020 seconds.
  path: Assets/Modern tiles_Free/Interiors_free/32x32/Interiors_free_32x32_249.asset
  importAddress: Guid(bfcbf155ef7fa614886343608c2fe7bd) Importer(2089858483,b0f066a214c2f5e87bad3c948f4d605d)
Start importing Assets/Modern tiles_Free/Interiors_free/32x32/Interiors_free_32x32_249.asset using Guid(bfcbf155ef7fa614886343608c2fe7bd) Importer(2089858483,b0f066a214c2f5e87bad3c948f4d605d) (ScriptedImporter) -> (Import Result ID: '25a195a89fff8279d7bdd6ceb4699803') in 0.0101144 seconds [static and dynamic dependencies]. Details - ImportResultOutputID=f25983f8e11e7df936c04cef01edc38c DependenciesID=adb297b7fb3ee262cedab3d6b26f71e9 StaticDependenciesID=8263a8fe5b62ea316868531812a1d995 
Number of updated asset objects reloaded before import = 0Number of asset objects unloaded after import = 2

========================================================================
Received Import Request.
  Time since last request: 0.000014 seconds.
  path: Assets/Modern tiles_Free/Interiors_free/32x32/Interiors_free_32x32_510.asset
  importAddress: Guid(2dc1bb0a249522746ad703bdc70e81eb) Importer(2089858483,b0f066a214c2f5e87bad3c948f4d605d)
Start importing Assets/Modern tiles_Free/Interiors_free/32x32/Interiors_free_32x32_510.asset using Guid(2dc1bb0a249522746ad703bdc70e81eb) Importer(2089858483,b0f066a214c2f5e87bad3c948f4d605d) (ScriptedImporter) -> (Import Result ID: '187145c5ace3a936aeda331bcb6d8501') in 0.0105661 seconds [static and dynamic dependencies]. Details - ImportResultOutputID=5e3fece6d7180abda4d8ee90a1f71604 DependenciesID=7aa44ef2cb3ab086130f8bb70ff6f4bc StaticDependenciesID=d688b2088f72fe853afa13e5847e03ca 
Number of updated asset objects reloaded before import = 0Number of asset objects unloaded after import = 2

========================================================================
Received Import Request.
  Time since last request: 0.000014 seconds.
  path: Assets/Modern tiles_Free/Interiors_free/32x32/Interiors_free_32x32_301.asset
  importAddress: Guid(be99667dc34e3394fbd53c2032e3cac7) Importer(2089858483,b0f066a214c2f5e87bad3c948f4d605d)
Start importing Assets/Modern tiles_Free/Interiors_free/32x32/Interiors_free_32x32_301.asset using Guid(be99667dc34e3394fbd53c2032e3cac7) Importer(2089858483,b0f066a214c2f5e87bad3c948f4d605d) (ScriptedImporter) -> (Import Result ID: '679c463236aa3864401f50a065dc6fc2') in 0.0084491 seconds [static and dynamic dependencies]. Details - ImportResultOutputID=4cd454fb99c67790bfe1080710bb9e47 DependenciesID=5bbb5cea1486ee7e6228bd21f31e0c4a StaticDependenciesID=5fc53a7c06cf95b150c3620ac1ebc857 
Number of updated asset objects reloaded before import = 0Number of asset objects unloaded after import = 2

========================================================================
Received Import Request.
  Time since last request: 0.000019 seconds.
  path: Assets/Modern tiles_Free/Interiors_free/32x32/Interiors_free_32x32_619.asset
  importAddress: Guid(3ec76f34635846f4b9120678519ee5d2) Importer(2089858483,b0f066a214c2f5e87bad3c948f4d605d)
Start importing Assets/Modern tiles_Free/Interiors_free/32x32/Interiors_free_32x32_619.asset using Guid(3ec76f34635846f4b9120678519ee5d2) Importer(2089858483,b0f066a214c2f5e87bad3c948f4d605d) (ScriptedImporter) -> (Import Result ID: 'a29df436750b6e38c32fdfb7efb4d8e2') in 0.0095536 seconds [static and dynamic dependencies]. Details - ImportResultOutputID=eb75c724b149cb28b8c9516a90ef6cf3 DependenciesID=f46f9ef96c7cb46f74a60c820a1c3c0a StaticDependenciesID=1ef290304a8eca4e2025410d70ccc089 
Number of updated asset objects reloaded before import = 0Number of asset objects unloaded after import = 2

========================================================================
Received Import Request.
  Time since last request: 0.000017 seconds.
  path: Assets/Modern tiles_Free/Interiors_free/32x32/Interiors_free_32x32_36.asset
  importAddress: Guid(41160dfbc41e6e8499cf0476ad9beea3) Importer(2089858483,b0f066a214c2f5e87bad3c948f4d605d)
Start importing Assets/Modern tiles_Free/Interiors_free/32x32/Interiors_free_32x32_36.asset using Guid(41160dfbc41e6e8499cf0476ad9beea3) Importer(2089858483,b0f066a214c2f5e87bad3c948f4d605d) (ScriptedImporter) -> (Import Result ID: '2716661f40926ae1f9eefaa4b02f7814') in 0.0084636 seconds [static and dynamic dependencies]. Details - ImportResultOutputID=30c538f2d3c4d3406efdf97e0e296cc4 DependenciesID=8574c76fb24c22d5bc801924da16f6b5 StaticDependenciesID=abe1f63d0735b1225077f40f8b151b13 
Number of updated asset objects reloaded before import = 0Number of asset objects unloaded after import = 2

========================================================================
Received Import Request.
  Time since last request: 0.000020 seconds.
  path: Assets/Modern tiles_Free/Interiors_free/32x32/Interiors_free_32x32_110.asset
  importAddress: Guid(c4ab33604890a164390bd71c8fc73e5c) Importer(2089858483,b0f066a214c2f5e87bad3c948f4d605d)
Start importing Assets/Modern tiles_Free/Interiors_free/32x32/Interiors_free_32x32_110.asset using Guid(c4ab33604890a164390bd71c8fc73e5c) Importer(2089858483,b0f066a214c2f5e87bad3c948f4d605d) (ScriptedImporter) -> (Import Result ID: '23ccf04051204dad6ea9539546745770') in 0.0090521 seconds [static and dynamic dependencies]. Details - ImportResultOutputID=1f64b54723a02a0e0701ff3010c0a1f8 DependenciesID=ff98c0c561eacdd363f617ad1df30f02 StaticDependenciesID=62e646b7ef11713bf66902c6f26bf066 
Number of updated asset objects reloaded before import = 0Number of asset objects unloaded after import = 2

========================================================================
Received Import Request.
  Time since last request: 0.000017 seconds.
  path: Assets/Modern tiles_Free/Interiors_free/32x32/Interiors_free_32x32_336.asset
  importAddress: Guid(e810416e84be56f4787853712f5277cb) Importer(2089858483,b0f066a214c2f5e87bad3c948f4d605d)
Start importing Assets/Modern tiles_Free/Interiors_free/32x32/Interiors_free_32x32_336.asset using Guid(e810416e84be56f4787853712f5277cb) Importer(2089858483,b0f066a214c2f5e87bad3c948f4d605d) (ScriptedImporter) -> (Import Result ID: 'd702833f974946a7ead2d3b7e8b4023c') in 0.0088128 seconds [static and dynamic dependencies]. Details - ImportResultOutputID=3b0af1f3d7bfedc0d09458315574a86a DependenciesID=cf50bb8a73e75e6ec5ce0d96f092f713 StaticDependenciesID=66fbeae17210d6410a9e12f78e5db5be 
Number of updated asset objects reloaded before import = 0Number of asset objects unloaded after import = 2

========================================================================
Received Import Request.
  Time since last request: 0.000013 seconds.
  path: Assets/Modern tiles_Free/Interiors_free/32x32/Interiors_free_32x32_936.asset
  importAddress: Guid(bdb0d4d491bf1584f926f1ad46dae33d) Importer(2089858483,b0f066a214c2f5e87bad3c948f4d605d)
Start importing Assets/Modern tiles_Free/Interiors_free/32x32/Interiors_free_32x32_936.asset using Guid(bdb0d4d491bf1584f926f1ad46dae33d) Importer(2089858483,b0f066a214c2f5e87bad3c948f4d605d) (ScriptedImporter) -> (Import Result ID: 'de755e55e30e1c6927017ae296198dd8') in 0.008756 seconds [static and dynamic dependencies]. Details - ImportResultOutputID=817b196eaca63775b590e12e25da7cbb DependenciesID=ca077babe956ff87bf2f209e68fd101f StaticDependenciesID=4635b7f2bd8285cc61f7c1b20427bfba 
Number of updated asset objects reloaded before import = 0Number of asset objects unloaded after import = 2

========================================================================
Received Import Request.
  Time since last request: 0.000015 seconds.
  path: Assets/Modern tiles_Free/Interiors_free/32x32/Interiors_free_32x32_75.asset
  importAddress: Guid(790bef8565a967a4a84bedba7f28186c) Importer(2089858483,b0f066a214c2f5e87bad3c948f4d605d)
Start importing Assets/Modern tiles_Free/Interiors_free/32x32/Interiors_free_32x32_75.asset using Guid(790bef8565a967a4a84bedba7f28186c) Importer(2089858483,b0f066a214c2f5e87bad3c948f4d605d) (ScriptedImporter) -> (Import Result ID: 'aaa5b3e28c27c2676f36343d4fc7a0e9') in 0.0087196 seconds [static and dynamic dependencies]. Details - ImportResultOutputID=8e2f3b1d6ba7d53af780577b9873daba DependenciesID=5d527880126233a96a7ca828bfa86bf7 StaticDependenciesID=1bac3503ee03522374b07421605afb54 
Number of updated asset objects reloaded before import = 0Number of asset objects unloaded after import = 2

========================================================================
Received Import Request.
  Time since last request: 0.000015 seconds.
  path: Assets/Modern tiles_Free/Interiors_free/32x32/Interiors_free_32x32_746.asset
  importAddress: Guid(351143ddcbd4fb54486aaae915498816) Importer(2089858483,b0f066a214c2f5e87bad3c948f4d605d)
Start importing Assets/Modern tiles_Free/Interiors_free/32x32/Interiors_free_32x32_746.asset using Guid(351143ddcbd4fb54486aaae915498816) Importer(2089858483,b0f066a214c2f5e87bad3c948f4d605d) (ScriptedImporter) -> (Import Result ID: 'd6d5160b0fcdfc6f879f9781bb9421b2') in 0.0090701 seconds [static and dynamic dependencies]. Details - ImportResultOutputID=42b92ad456cb6f0029d7c42cef0c9d50 DependenciesID=1492b9e2b58262925bbf0c56799fcd4d StaticDependenciesID=a85154f834b0f9e3c187a8d13a02e425 
Number of updated asset objects reloaded before import = 0Number of asset objects unloaded after import = 2

========================================================================
Received Import Request.
  Time since last request: 0.000016 seconds.
  path: Assets/Modern tiles_Free/Interiors_free/32x32/Interiors_free_32x32_945.asset
  importAddress: Guid(7d629ea530f773a4089b9c1a9ed695fe) Importer(2089858483,b0f066a214c2f5e87bad3c948f4d605d)
Start importing Assets/Modern tiles_Free/Interiors_free/32x32/Interiors_free_32x32_945.asset using Guid(7d629ea530f773a4089b9c1a9ed695fe) Importer(2089858483,b0f066a214c2f5e87bad3c948f4d605d) (ScriptedImporter) -> (Import Result ID: '30e6d3b1a0811022c71a70f2ad1038e3') in 0.0089767 seconds [static and dynamic dependencies]. Details - ImportResultOutputID=2ce0206caaf7667286cb9374a0eed7b9 DependenciesID=34957a5357fc13eaa909aa98613f65eb StaticDependenciesID=797d0c8f98dfc2c436da8cb69e5acb76 
Number of updated asset objects reloaded before import = 0Number of asset objects unloaded after import = 2

========================================================================
Received Import Request.
  Time since last request: 0.000014 seconds.
  path: Assets/Modern tiles_Free/Interiors_free/32x32/Interiors_free_32x32_740.asset
  importAddress: Guid(c50c76a7cd8835443901886a302c8017) Importer(2089858483,b0f066a214c2f5e87bad3c948f4d605d)
Start importing Assets/Modern tiles_Free/Interiors_free/32x32/Interiors_free_32x32_740.asset using Guid(c50c76a7cd8835443901886a302c8017) Importer(2089858483,b0f066a214c2f5e87bad3c948f4d605d) (ScriptedImporter) -> (Import Result ID: 'bd04e5f85858a271019ee7fb6c7adb02') in 0.0085812 seconds [static and dynamic dependencies]. Details - ImportResultOutputID=9be4fc8fe870f46bb9f9042a8c0fc584 DependenciesID=5b26d5245016bcb0e7e2e4d5a1800539 StaticDependenciesID=78729d53b76fa26a57adf9fd2311e5cc 
Number of updated asset objects reloaded before import = 0Number of asset objects unloaded after import = 2

========================================================================
Received Import Request.
  Time since last request: 0.000039 seconds.
  path: Assets/Modern tiles_Free/Interiors_free/32x32/Interiors_free_32x32_164.asset
  importAddress: Guid(e9289a6f24a7e9e49bcc98f8351f3464) Importer(2089858483,b0f066a214c2f5e87bad3c948f4d605d)
Start importing Assets/Modern tiles_Free/Interiors_free/32x32/Interiors_free_32x32_164.asset using Guid(e9289a6f24a7e9e49bcc98f8351f3464) Importer(2089858483,b0f066a214c2f5e87bad3c948f4d605d) (ScriptedImporter) -> (Import Result ID: '86e7cb35cdc3cb9895e163c46e3214a0') in 0.0097867 seconds [static and dynamic dependencies]. Details - ImportResultOutputID=a80f06aa149ffe809c473614f2f673d3 DependenciesID=83f3ef72530511e546acd1091d3202bf StaticDependenciesID=94abb46af50d64e0e1e338771e2ee71d 
Number of updated asset objects reloaded before import = 0Number of asset objects unloaded after import = 2

========================================================================
Received Import Request.
  Time since last request: 0.000014 seconds.
  path: Assets/Modern tiles_Free/Interiors_free/32x32/Interiors_free_32x32_1011.asset
  importAddress: Guid(f595ad8f0312cc041bb203375e227147) Importer(2089858483,b0f066a214c2f5e87bad3c948f4d605d)
Start importing Assets/Modern tiles_Free/Interiors_free/32x32/Interiors_free_32x32_1011.asset using Guid(f595ad8f0312cc041bb203375e227147) Importer(2089858483,b0f066a214c2f5e87bad3c948f4d605d) (ScriptedImporter) -> (Import Result ID: 'bc289bcc036b4931baae61523ffe5b13') in 0.0083859 seconds [static and dynamic dependencies]. Details - ImportResultOutputID=f328ed7d35e3ca2e935009082f85302a DependenciesID=e8fad8ccc1df72afb9ec640f4560de83 StaticDependenciesID=e469c4227ab35bb43887bfb6e38f75d0 
Number of updated asset objects reloaded before import = 0Number of asset objects unloaded after import = 2

========================================================================
Received Import Request.
  Time since last request: 0.000015 seconds.
  path: Assets/Modern tiles_Free/Interiors_free/32x32/Interiors_free_32x32_748.asset
  importAddress: Guid(635eee2da85071b42a44889fe3ff71be) Importer(2089858483,b0f066a214c2f5e87bad3c948f4d605d)
Start importing Assets/Modern tiles_Free/Interiors_free/32x32/Interiors_free_32x32_748.asset using Guid(635eee2da85071b42a44889fe3ff71be) Importer(2089858483,b0f066a214c2f5e87bad3c948f4d605d) (ScriptedImporter) -> (Import Result ID: 'bc92d4abb8649f82329a4f746519cdcc') in 0.0090768 seconds [static and dynamic dependencies]. Details - ImportResultOutputID=2f6cba5d3417b802829c62fa98ffe88b DependenciesID=9d581186d4c03c6768957fd158745cd1 StaticDependenciesID=566c3c46b92bc6cb590d5ce4a4d7001e 
Number of updated asset objects reloaded before import = 0Number of asset objects unloaded after import = 2

========================================================================
Received Import Request.
  Time since last request: 0.000014 seconds.
  path: Assets/Modern tiles_Free/Interiors_free/32x32/Interiors_free_32x32_702.asset
  importAddress: Guid(a8b21009cbee07b469d1490b11b27fd5) Importer(2089858483,b0f066a214c2f5e87bad3c948f4d605d)
Start importing Assets/Modern tiles_Free/Interiors_free/32x32/Interiors_free_32x32_702.asset using Guid(a8b21009cbee07b469d1490b11b27fd5) Importer(2089858483,b0f066a214c2f5e87bad3c948f4d605d) (ScriptedImporter) -> (Import Result ID: '82985b19613afdd6d82dc3f796f1b6e3') in 0.0087354 seconds [static and dynamic dependencies]. Details - ImportResultOutputID=6a2efa5d8d5ab9aa254a63a080190f7c DependenciesID=df2e42d4fa9363edaa0a9b24a5bbea26 StaticDependenciesID=40e55f6e25a51fd7ba06d2a167b747db 
Number of updated asset objects reloaded before import = 0Number of asset objects unloaded after import = 2

========================================================================
Received Import Request.
  Time since last request: 0.000022 seconds.
  path: Assets/Modern tiles_Free/Interiors_free/32x32/Interiors_free_32x32_743.asset
  importAddress: Guid(f088e1da2bdaa364aaa654a303d0b3b8) Importer(2089858483,b0f066a214c2f5e87bad3c948f4d605d)
Start importing Assets/Modern tiles_Free/Interiors_free/32x32/Interiors_free_32x32_743.asset using Guid(f088e1da2bdaa364aaa654a303d0b3b8) Importer(2089858483,b0f066a214c2f5e87bad3c948f4d605d) (ScriptedImporter) -> (Import Result ID: 'db5c54ba226ca737d55d7d67c5bfc236') in 0.0087735 seconds [static and dynamic dependencies]. Details - ImportResultOutputID=b0d0c6520b1e2e00f62c3020e2a3f508 DependenciesID=501d0c9de7cbdf368964200bb789922a StaticDependenciesID=4187a1a73520227843a1ee33345ce848 
Number of updated asset objects reloaded before import = 0Number of asset objects unloaded after import = 2

========================================================================
Received Import Request.
  Time since last request: 0.000015 seconds.
  path: Assets/Modern tiles_Free/Interiors_free/32x32/Interiors_free_32x32_637.asset
  importAddress: Guid(b13b2c9313ca4f1469aa3b09a52ab3d1) Importer(2089858483,b0f066a214c2f5e87bad3c948f4d605d)
Start importing Assets/Modern tiles_Free/Interiors_free/32x32/Interiors_free_32x32_637.asset using Guid(b13b2c9313ca4f1469aa3b09a52ab3d1) Importer(2089858483,b0f066a214c2f5e87bad3c948f4d605d) (ScriptedImporter) -> (Import Result ID: 'eb08563075da6db900aee1b6853b8be1') in 0.0082846 seconds [static and dynamic dependencies]. Details - ImportResultOutputID=6d326395b7bbeba068d2b012234ef70a DependenciesID=10e94f9f8876e54e8c21f5945c85b8bb StaticDependenciesID=04a39f51877db0ec22a879f1a02ef88d 
Number of updated asset objects reloaded before import = 0Number of asset objects unloaded after import = 2

========================================================================
Received Import Request.
  Time since last request: 0.000016 seconds.
  path: Assets/Modern tiles_Free/Interiors_free/32x32/Interiors_free_32x32_1127.asset
  importAddress: Guid(bc953ac2afa837d4281855410a4a57c8) Importer(2089858483,b0f066a214c2f5e87bad3c948f4d605d)
Start importing Assets/Modern tiles_Free/Interiors_free/32x32/Interiors_free_32x32_1127.asset using Guid(bc953ac2afa837d4281855410a4a57c8) Importer(2089858483,b0f066a214c2f5e87bad3c948f4d605d) (ScriptedImporter) -> (Import Result ID: '11aa81987165341affde1316cf069269') in 0.0096865 seconds [static and dynamic dependencies]. Details - ImportResultOutputID=9745524fe1491ab82ab379fa2fe65e4f DependenciesID=1b9c931201094669c9f025de49a3aacf StaticDependenciesID=0ce133cfaf3d2f3853986a5d29fbe4df 
Number of updated asset objects reloaded before import = 0Number of asset objects unloaded after import = 2

========================================================================
Received Import Request.
  Time since last request: 0.000016 seconds.
  path: Assets/Modern tiles_Free/Interiors_free/32x32/Interiors_free_32x32_1123.asset
  importAddress: Guid(623185e4a8e347f4cb63d3940136c65a) Importer(2089858483,b0f066a214c2f5e87bad3c948f4d605d)
Start importing Assets/Modern tiles_Free/Interiors_free/32x32/Interiors_free_32x32_1123.asset using Guid(623185e4a8e347f4cb63d3940136c65a) Importer(2089858483,b0f066a214c2f5e87bad3c948f4d605d) (ScriptedImporter) -> (Import Result ID: '9cf6ac988a9f1776545f49ba2909f3bc') in 0.0087991 seconds [static and dynamic dependencies]. Details - ImportResultOutputID=6b91f2481dbe7392b10d8e6f60c6758b DependenciesID=8b860d1d118d903a5cb946478b539c19 StaticDependenciesID=82a05ae31846c8f8856828d190ac0a4c 
Number of updated asset objects reloaded before import = 0Number of asset objects unloaded after import = 2

========================================================================
Received Import Request.
  Time since last request: 0.000018 seconds.
  path: Assets/Modern tiles_Free/Interiors_free/32x32/Interiors_free_32x32_856.asset
  importAddress: Guid(9ff2847d41604ef4591085f22de7bc92) Importer(2089858483,b0f066a214c2f5e87bad3c948f4d605d)
Start importing Assets/Modern tiles_Free/Interiors_free/32x32/Interiors_free_32x32_856.asset using Guid(9ff2847d41604ef4591085f22de7bc92) Importer(2089858483,b0f066a214c2f5e87bad3c948f4d605d) (ScriptedImporter) -> (Import Result ID: 'b5920d347598505865bb09bde4191468') in 0.00936 seconds [static and dynamic dependencies]. Details - ImportResultOutputID=036df4ac8e8c9b8c38cf6ec9f4b776b5 DependenciesID=7a7a63d4a9b27ef75c60d4dbf6dd259e StaticDependenciesID=0a4d4cf7f84a8d88d89e785c4c541b07 
Number of updated asset objects reloaded before import = 0Number of asset objects unloaded after import = 2

========================================================================
Received Import Request.
  Time since last request: 0.000019 seconds.
  path: Assets/Modern tiles_Free/Interiors_free/32x32/Interiors_free_32x32_483.asset
  importAddress: Guid(545668acdeb755e4593bb7c438c3a2a4) Importer(2089858483,b0f066a214c2f5e87bad3c948f4d605d)
Start importing Assets/Modern tiles_Free/Interiors_free/32x32/Interiors_free_32x32_483.asset using Guid(545668acdeb755e4593bb7c438c3a2a4) Importer(2089858483,b0f066a214c2f5e87bad3c948f4d605d) (ScriptedImporter) -> (Import Result ID: 'c02aafef2fb35efcf2f7f5553e6428a4') in 0.0089083 seconds [static and dynamic dependencies]. Details - ImportResultOutputID=304373cd5071307f613144ff291d1bfe DependenciesID=107ab3ca10f8f8e92d38ce573fafba6e StaticDependenciesID=2803d76bf4d6ea655b8e243c093f5bd1 
Number of updated asset objects reloaded before import = 0Number of asset objects unloaded after import = 2

========================================================================
Received Import Request.
  Time since last request: 0.000024 seconds.
  path: Assets/Modern tiles_Free/Interiors_free/32x32/Interiors_free_32x32_209.asset
  importAddress: Guid(e58c19af8ba5c8445847c8d45562f007) Importer(2089858483,b0f066a214c2f5e87bad3c948f4d605d)
Start importing Assets/Modern tiles_Free/Interiors_free/32x32/Interiors_free_32x32_209.asset using Guid(e58c19af8ba5c8445847c8d45562f007) Importer(2089858483,b0f066a214c2f5e87bad3c948f4d605d) (ScriptedImporter) -> (Import Result ID: '5cac705b761680ee27f4873d30841bb7') in 0.0090954 seconds [static and dynamic dependencies]. Details - ImportResultOutputID=ba9c53128643f46ae89d3d7e5dceeb73 DependenciesID=dec218d7f2c727fd98230771fd0b353e StaticDependenciesID=06804d69ceec35157dc2c8fdec601dc7 
Number of updated asset objects reloaded before import = 0Number of asset objects unloaded after import = 2

========================================================================
Received Import Request.
  Time since last request: 0.000020 seconds.
  path: Assets/Modern tiles_Free/Interiors_free/32x32/Interiors_free_32x32_42.asset
  importAddress: Guid(ed8c3529908594040be4c96adaf24cbd) Importer(2089858483,b0f066a214c2f5e87bad3c948f4d605d)
Start importing Assets/Modern tiles_Free/Interiors_free/32x32/Interiors_free_32x32_42.asset using Guid(ed8c3529908594040be4c96adaf24cbd) Importer(2089858483,b0f066a214c2f5e87bad3c948f4d605d) (ScriptedImporter) -> (Import Result ID: '020953e6e0cf11b3f757aa3b3261b602') in 0.0093311 seconds [static and dynamic dependencies]. Details - ImportResultOutputID=676d4657b6823284000ce6c8402cdb91 DependenciesID=6e82840dbed9523b06865f5e709f4537 StaticDependenciesID=318049e55ad9f93acd92bd833ff4fa7c 
Number of updated asset objects reloaded before import = 0Number of asset objects unloaded after import = 2

========================================================================
Received Import Request.
  Time since last request: 0.000014 seconds.
  path: Assets/Modern tiles_Free/Interiors_free/32x32/Interiors_free_32x32_402.asset
  importAddress: Guid(a373373843d8f6d4bb26b5f3fc26d6f5) Importer(2089858483,b0f066a214c2f5e87bad3c948f4d605d)
Start importing Assets/Modern tiles_Free/Interiors_free/32x32/Interiors_free_32x32_402.asset using Guid(a373373843d8f6d4bb26b5f3fc26d6f5) Importer(2089858483,b0f066a214c2f5e87bad3c948f4d605d) (ScriptedImporter) -> (Import Result ID: 'b14a94adcd8bc8dab63b9997dd999f94') in 0.0087711 seconds [static and dynamic dependencies]. Details - ImportResultOutputID=71f35a1939b8a4d65dc418932d6e1532 DependenciesID=f9bc6c8b2ceb1b64d90ee0ae046b9a6a StaticDependenciesID=0209535ca5f27efac3837a9cdec91554 
Number of updated asset objects reloaded before import = 0Number of asset objects unloaded after import = 2

========================================================================
Received Import Request.
  Time since last request: 0.000020 seconds.
  path: Assets/Modern tiles_Free/Interiors_free/32x32/Interiors_free_32x32_167.asset
  importAddress: Guid(141114996bc5da1438d4096d52540f53) Importer(2089858483,b0f066a214c2f5e87bad3c948f4d605d)
Start importing Assets/Modern tiles_Free/Interiors_free/32x32/Interiors_free_32x32_167.asset using Guid(141114996bc5da1438d4096d52540f53) Importer(2089858483,b0f066a214c2f5e87bad3c948f4d605d) (ScriptedImporter) -> (Import Result ID: '86029ce1f9107491c055d6a7d82f733d') in 0.0097508 seconds [static and dynamic dependencies]. Details - ImportResultOutputID=5db7dd7c535298eeac8b5b63f09b4ab1 DependenciesID=dde7bdfa2ab24cad1d02d847c0e851ce StaticDependenciesID=d58b8457ffba078e3b4b08a362a36340 
Number of updated asset objects reloaded before import = 0Number of asset objects unloaded after import = 2

========================================================================
Received Import Request.
  Time since last request: 0.000017 seconds.
  path: Assets/Modern tiles_Free/Interiors_free/32x32/Interiors_free_32x32_668.asset
  importAddress: Guid(e7766eee18e419e489fc8da7b91080dd) Importer(2089858483,b0f066a214c2f5e87bad3c948f4d605d)
Start importing Assets/Modern tiles_Free/Interiors_free/32x32/Interiors_free_32x32_668.asset using Guid(e7766eee18e419e489fc8da7b91080dd) Importer(2089858483,b0f066a214c2f5e87bad3c948f4d605d) (ScriptedImporter) -> (Import Result ID: '87fbedf5b56d30fd51c3fa9cfed922ec') in 0.0088274 seconds [static and dynamic dependencies]. Details - ImportResultOutputID=7f09838699c9b2f4f3d01f2bb1f83510 DependenciesID=d3c41d8353567d88e3daddc17b4e0320 StaticDependenciesID=a6956556ac2d582d98e7650f76b1bbec 
Number of updated asset objects reloaded before import = 0Number of asset objects unloaded after import = 2

========================================================================
Received Import Request.
  Time since last request: 0.000014 seconds.
  path: Assets/Modern tiles_Free/Interiors_free/32x32/Interiors_free_32x32_1056.asset
  importAddress: Guid(726a363f37be661428109d2905efcd09) Importer(2089858483,b0f066a214c2f5e87bad3c948f4d605d)
Start importing Assets/Modern tiles_Free/Interiors_free/32x32/Interiors_free_32x32_1056.asset using Guid(726a363f37be661428109d2905efcd09) Importer(2089858483,b0f066a214c2f5e87bad3c948f4d605d) (ScriptedImporter) -> (Import Result ID: 'c526313e05aef76728d4e3cd9c20c511') in 0.0089471 seconds [static and dynamic dependencies]. Details - ImportResultOutputID=965247fad374eea05f184475674edacb DependenciesID=9fc0aaaafefa4293fbf655af412e29ea StaticDependenciesID=85fe3143685a26bfcb9704488ebbf454 
Number of updated asset objects reloaded before import = 0Number of asset objects unloaded after import = 2

========================================================================
Received Import Request.
  Time since last request: 0.000016 seconds.
  path: Assets/Modern tiles_Free/Interiors_free/32x32/Interiors_free_32x32_493.asset
  importAddress: Guid(604323edc6d07f94a94ed5c987c2e758) Importer(2089858483,b0f066a214c2f5e87bad3c948f4d605d)
Start importing Assets/Modern tiles_Free/Interiors_free/32x32/Interiors_free_32x32_493.asset using Guid(604323edc6d07f94a94ed5c987c2e758) Importer(2089858483,b0f066a214c2f5e87bad3c948f4d605d) (ScriptedImporter) -> (Import Result ID: 'dfb896ffa76e9c2ec4e01b47f3e031e3') in 0.00876 seconds [static and dynamic dependencies]. Details - ImportResultOutputID=d0c08cba73b9f2eafe461b1836c74a55 DependenciesID=48ea36bb72ee6c5504188ad5760b922f StaticDependenciesID=1e7927aece33eb7ba5d7e21aa4d77d72 
Number of updated asset objects reloaded before import = 0Number of asset objects unloaded after import = 2

========================================================================
Received Import Request.
  Time since last request: 0.000018 seconds.
  path: Assets/Modern tiles_Free/Interiors_free/32x32/Interiors_free_32x32_758.asset
  importAddress: Guid(1183d7a081be2c741beb15aba46a731c) Importer(2089858483,b0f066a214c2f5e87bad3c948f4d605d)
Start importing Assets/Modern tiles_Free/Interiors_free/32x32/Interiors_free_32x32_758.asset using Guid(1183d7a081be2c741beb15aba46a731c) Importer(2089858483,b0f066a214c2f5e87bad3c948f4d605d) (ScriptedImporter) -> (Import Result ID: '184c71b474f9c8b4dc4399afb5b7a59c') in 0.0092323 seconds [static and dynamic dependencies]. Details - ImportResultOutputID=43a5e70f5514d874d99e23e163e645e0 DependenciesID=4eeb996d349d130766e5a3d75c1d4405 StaticDependenciesID=a28577ee104b7911397afa1af73db7aa 
Number of updated asset objects reloaded before import = 0Number of asset objects unloaded after import = 2

========================================================================
Received Import Request.
  Time since last request: 0.000013 seconds.
  path: Assets/Modern tiles_Free/Interiors_free/32x32/Interiors_free_32x32_429.asset
  importAddress: Guid(eef7cd515b30c9444aaa98b3af812b2b) Importer(2089858483,b0f066a214c2f5e87bad3c948f4d605d)
Start importing Assets/Modern tiles_Free/Interiors_free/32x32/Interiors_free_32x32_429.asset using Guid(eef7cd515b30c9444aaa98b3af812b2b) Importer(2089858483,b0f066a214c2f5e87bad3c948f4d605d) (ScriptedImporter) -> (Import Result ID: 'd508da0820037e464352d1329f72e6a8') in 0.0086952 seconds [static and dynamic dependencies]. Details - ImportResultOutputID=8b685255dc8dc73bbac055eabd4c0782 DependenciesID=cad5fff05fcd031a461cbbcab79e170b StaticDependenciesID=1d0fee30c1776f88d863cf633e338cb5 
Number of updated asset objects reloaded before import = 0Number of asset objects unloaded after import = 2

========================================================================
Received Import Request.
  Time since last request: 0.000018 seconds.
  path: Assets/Modern tiles_Free/Interiors_free/32x32/Interiors_free_32x32_426.asset
  importAddress: Guid(310ce03b8b3dc0b46be82eaf20a0961e) Importer(2089858483,b0f066a214c2f5e87bad3c948f4d605d)
Start importing Assets/Modern tiles_Free/Interiors_free/32x32/Interiors_free_32x32_426.asset using Guid(310ce03b8b3dc0b46be82eaf20a0961e) Importer(2089858483,b0f066a214c2f5e87bad3c948f4d605d) (ScriptedImporter) -> (Import Result ID: 'aea5e5cec2d6d3d60511e0f3030dc8b4') in 0.0094733 seconds [static and dynamic dependencies]. Details - ImportResultOutputID=a54505e852b867e9a9b3c916601b7db1 DependenciesID=d3229da61e20e571ca171ea716e97850 StaticDependenciesID=f9bb3a5766708bdf46a5c25bdadacebf 
Number of updated asset objects reloaded before import = 0Number of asset objects unloaded after import = 2

========================================================================
Received Import Request.
  Time since last request: 0.000015 seconds.
  path: Assets/Modern tiles_Free/Interiors_free/32x32/Interiors_free_32x32_994.asset
  importAddress: Guid(c38dab9f85202884f92a255d4b49a32f) Importer(2089858483,b0f066a214c2f5e87bad3c948f4d605d)
Start importing Assets/Modern tiles_Free/Interiors_free/32x32/Interiors_free_32x32_994.asset using Guid(c38dab9f85202884f92a255d4b49a32f) Importer(2089858483,b0f066a214c2f5e87bad3c948f4d605d) (ScriptedImporter) -> (Import Result ID: 'e8493740a2b5b8ca08aa79f43f4b0e4c') in 0.0087031 seconds [static and dynamic dependencies]. Details - ImportResultOutputID=579515c258363dea87f26e7b0e0a970a DependenciesID=8a778f3ba124a47affc7ccb826db15d5 StaticDependenciesID=bc7819a50a8b13e10b9df21181a84437 
Number of updated asset objects reloaded before import = 0Number of asset objects unloaded after import = 2

========================================================================
Received Import Request.
  Time since last request: 0.000018 seconds.
  path: Assets/Modern tiles_Free/Interiors_free/32x32/Interiors_free_32x32_1138.asset
  importAddress: Guid(7a92a168af956e44c9bb3b76d4f3d6b4) Importer(2089858483,b0f066a214c2f5e87bad3c948f4d605d)
Start importing Assets/Modern tiles_Free/Interiors_free/32x32/Interiors_free_32x32_1138.asset using Guid(7a92a168af956e44c9bb3b76d4f3d6b4) Importer(2089858483,b0f066a214c2f5e87bad3c948f4d605d) (ScriptedImporter) -> (Import Result ID: '006889a9924095702e67af9a64b635ae') in 0.0094042 seconds [static and dynamic dependencies]. Details - ImportResultOutputID=5856eb8ca49178e066fc3c8c57dc1465 DependenciesID=c1054eddde390e2c34cee06f846fd4b5 StaticDependenciesID=f53d4ad6f08749da5d8cf2b0bc3655ff 
Number of updated asset objects reloaded before import = 0Number of asset objects unloaded after import = 2

========================================================================
Received Import Request.
  Time since last request: 0.000014 seconds.
  path: Assets/Modern tiles_Free/Interiors_free/32x32/Interiors_free_32x32_1081.asset
  importAddress: Guid(49fba5034dc995d4592f5d0dd85cea6c) Importer(2089858483,b0f066a214c2f5e87bad3c948f4d605d)
Start importing Assets/Modern tiles_Free/Interiors_free/32x32/Interiors_free_32x32_1081.asset using Guid(49fba5034dc995d4592f5d0dd85cea6c) Importer(2089858483,b0f066a214c2f5e87bad3c948f4d605d) (ScriptedImporter) -> (Import Result ID: 'a2b49a65664603e310f8fa28eac101ea') in 0.0082293 seconds [static and dynamic dependencies]. Details - ImportResultOutputID=b5d66b2de009746003459477f6ade2c8 DependenciesID=fbfccadda9292fff9b176b7c15584b14 StaticDependenciesID=5bf33f7d1dc1e7a3389a4dc6e6433552 
Number of updated asset objects reloaded before import = 0Number of asset objects unloaded after import = 2

========================================================================
Received Import Request.
  Time since last request: 0.000016 seconds.
  path: Assets/Modern tiles_Free/Interiors_free/32x32/Interiors_free_32x32_835.asset
  importAddress: Guid(0346771c196f0b24dae8c8cf7253a928) Importer(2089858483,b0f066a214c2f5e87bad3c948f4d605d)
Start importing Assets/Modern tiles_Free/Interiors_free/32x32/Interiors_free_32x32_835.asset using Guid(0346771c196f0b24dae8c8cf7253a928) Importer(2089858483,b0f066a214c2f5e87bad3c948f4d605d) (ScriptedImporter) -> (Import Result ID: '36af2f3320d90d05713bc5812e99541f') in 0.0090749 seconds [static and dynamic dependencies]. Details - ImportResultOutputID=68b8bfb7df605fcf1b3e22689b565a4c DependenciesID=d93f3e117ad9dbbbf894255840eb8333 StaticDependenciesID=630c308f47f4b0411dcd7401b9faf29a 
Number of updated asset objects reloaded before import = 0Number of asset objects unloaded after import = 2

========================================================================
Received Import Request.
  Time since last request: 0.000022 seconds.
  path: Assets/Modern tiles_Free/Interiors_free/32x32/Interiors_free_32x32_1060.asset
  importAddress: Guid(09e153fdeb398874d9534370ae73d25d) Importer(2089858483,b0f066a214c2f5e87bad3c948f4d605d)
Start importing Assets/Modern tiles_Free/Interiors_free/32x32/Interiors_free_32x32_1060.asset using Guid(09e153fdeb398874d9534370ae73d25d) Importer(2089858483,b0f066a214c2f5e87bad3c948f4d605d) (ScriptedImporter) -> (Import Result ID: 'a0c0d5bdf09fc31a0a8a9d52b597a2ba') in 0.0090603 seconds [static and dynamic dependencies]. Details - ImportResultOutputID=ac8bf49b7ad6d8daec777697067b449b DependenciesID=5f4f6994bdac6c57d4ef859881587159 StaticDependenciesID=9077ff022fe9f8dc4c1c49611895e863 
Number of updated asset objects reloaded before import = 0Number of asset objects unloaded after import = 2

========================================================================
Received Import Request.
  Time since last request: 0.000014 seconds.
  path: Assets/Modern tiles_Free/Interiors_free/32x32/Interiors_free_32x32_335.asset
  importAddress: Guid(5f7507830c8445b4097a8a9937935ba9) Importer(2089858483,b0f066a214c2f5e87bad3c948f4d605d)
Start importing Assets/Modern tiles_Free/Interiors_free/32x32/Interiors_free_32x32_335.asset using Guid(5f7507830c8445b4097a8a9937935ba9) Importer(2089858483,b0f066a214c2f5e87bad3c948f4d605d) (ScriptedImporter) -> (Import Result ID: 'd374cd5298d53e5f02b95e17e39cc95e') in 0.0091294 seconds [static and dynamic dependencies]. Details - ImportResultOutputID=57ee541bba06c2c0ea1f04f3c5b944fa DependenciesID=c0810ac030c7f313f73f542053a53f6e StaticDependenciesID=9dcec17330fa87a20f033aebd78566d9 
Number of updated asset objects reloaded before import = 0Number of asset objects unloaded after import = 2

========================================================================
Received Import Request.
  Time since last request: 0.000016 seconds.
  path: Assets/Modern tiles_Free/Interiors_free/32x32/Interiors_free_32x32_1195.asset
  importAddress: Guid(1fd93f53abc5c3f4eb64ee7a5f263e3c) Importer(2089858483,b0f066a214c2f5e87bad3c948f4d605d)
Start importing Assets/Modern tiles_Free/Interiors_free/32x32/Interiors_free_32x32_1195.asset using Guid(1fd93f53abc5c3f4eb64ee7a5f263e3c) Importer(2089858483,b0f066a214c2f5e87bad3c948f4d605d) (ScriptedImporter) -> (Import Result ID: '36575afefd9df5e9b79d4884ade991c8') in 0.0087778 seconds [static and dynamic dependencies]. Details - ImportResultOutputID=cc800e7058686b487d75b42077446187 DependenciesID=8407cace59288e9212f2e9bb611c6de1 StaticDependenciesID=3473f2663442aad911651c49781c7412 
Number of updated asset objects reloaded before import = 0Number of asset objects unloaded after import = 2

========================================================================
Received Import Request.
  Time since last request: 0.000014 seconds.
  path: Assets/Modern tiles_Free/Interiors_free/32x32/Interiors_free_32x32_41.asset
  importAddress: Guid(bc66eaef654e17e4e8d7b99e39db0ec2) Importer(2089858483,b0f066a214c2f5e87bad3c948f4d605d)
Start importing Assets/Modern tiles_Free/Interiors_free/32x32/Interiors_free_32x32_41.asset using Guid(bc66eaef654e17e4e8d7b99e39db0ec2) Importer(2089858483,b0f066a214c2f5e87bad3c948f4d605d) (ScriptedImporter) -> (Import Result ID: 'adf3ac3e7dbf155e858e6668da1dc24b') in 0.0087799 seconds [static and dynamic dependencies]. Details - ImportResultOutputID=7a2ff7f6ff461c378414108e8b57b788 DependenciesID=312bb22aa2fdea9605a24dc79d65f3a1 StaticDependenciesID=25f2015fc8326ae4bdef0d1b92096b91 
Number of updated asset objects reloaded before import = 0Number of asset objects unloaded after import = 2

========================================================================
Received Import Request.
  Time since last request: 0.000017 seconds.
  path: Assets/Modern tiles_Free/Interiors_free/32x32/Interiors_free_32x32_465.asset
  importAddress: Guid(2d2ea0661314f5e42aa6224182776df3) Importer(2089858483,b0f066a214c2f5e87bad3c948f4d605d)
Start importing Assets/Modern tiles_Free/Interiors_free/32x32/Interiors_free_32x32_465.asset using Guid(2d2ea0661314f5e42aa6224182776df3) Importer(2089858483,b0f066a214c2f5e87bad3c948f4d605d) (ScriptedImporter) -> (Import Result ID: '96f35e932612e157d4d8b1bdc85627bc') in 0.0085712 seconds [static and dynamic dependencies]. Details - ImportResultOutputID=b2e290f1c9fa98990b8df57134e1362a DependenciesID=e5569536f859bd319be322396b1f1227 StaticDependenciesID=1b3148be4f28cc218f4b4c31f3bae3ab 
Number of updated asset objects reloaded before import = 0Number of asset objects unloaded after import = 2

========================================================================
Received Import Request.
  Time since last request: 0.000014 seconds.
  path: Assets/Modern tiles_Free/Interiors_free/32x32/Interiors_free_32x32_859.asset
  importAddress: Guid(7842d00ccf5526f40a77474497bf6d6f) Importer(2089858483,b0f066a214c2f5e87bad3c948f4d605d)
Start importing Assets/Modern tiles_Free/Interiors_free/32x32/Interiors_free_32x32_859.asset using Guid(7842d00ccf5526f40a77474497bf6d6f) Importer(2089858483,b0f066a214c2f5e87bad3c948f4d605d) (ScriptedImporter) -> (Import Result ID: '6c8d0366a1ac56a85da8778561a98a5a') in 0.0085089 seconds [static and dynamic dependencies]. Details - ImportResultOutputID=86c1dc3392bf3ba42e0a5e644aba822c DependenciesID=f84ad8db4423d7fef69fe00ba6ca70e3 StaticDependenciesID=396a362fbe5154b62c8b30867ed0f9a9 
Number of updated asset objects reloaded before import = 0Number of asset objects unloaded after import = 2

========================================================================
Received Import Request.
  Time since last request: 0.000021 seconds.
  path: Assets/Modern tiles_Free/Interiors_free/32x32/Interiors_free_32x32_903.asset
  importAddress: Guid(ed1d64b8303f7b24faffe6abbeadf17d) Importer(2089858483,b0f066a214c2f5e87bad3c948f4d605d)
Start importing Assets/Modern tiles_Free/Interiors_free/32x32/Interiors_free_32x32_903.asset using Guid(ed1d64b8303f7b24faffe6abbeadf17d) Importer(2089858483,b0f066a214c2f5e87bad3c948f4d605d) (ScriptedImporter) -> (Import Result ID: 'af857e3794e61a5e3c0d3c38570cfd8c') in 0.0089079 seconds [static and dynamic dependencies]. Details - ImportResultOutputID=91844aa3c5f9a3562ddfff715cf66b7d DependenciesID=e6eb8284c8c7e0b08aaea1d8cab64d62 StaticDependenciesID=51c2ea49158f8874407c986df992e5df 
Number of updated asset objects reloaded before import = 0Number of asset objects unloaded after import = 2

========================================================================
Received Import Request.
  Time since last request: 0.000019 seconds.
  path: Assets/Modern tiles_Free/Interiors_free/32x32/Interiors_free_32x32_438.asset
  importAddress: Guid(55b660fc7db855d488d9d330d2b77ce3) Importer(2089858483,b0f066a214c2f5e87bad3c948f4d605d)
Start importing Assets/Modern tiles_Free/Interiors_free/32x32/Interiors_free_32x32_438.asset using Guid(55b660fc7db855d488d9d330d2b77ce3) Importer(2089858483,b0f066a214c2f5e87bad3c948f4d605d) (ScriptedImporter) -> (Import Result ID: '04f5b35e6a2b07f139b0b85c8a562176') in 0.0086688 seconds [static and dynamic dependencies]. Details - ImportResultOutputID=0fd87f335262256b7dcdd14454ba1c51 DependenciesID=af11b5b9bf7ef2f0a60a5de026816c8b StaticDependenciesID=c4218ad693e9ae3ceff339ac70518664 
Number of updated asset objects reloaded before import = 0Number of asset objects unloaded after import = 2

========================================================================
Received Import Request.
  Time since last request: 0.000014 seconds.
  path: Assets/Modern tiles_Free/Interiors_free/32x32/Interiors_free_32x32_958.asset
  importAddress: Guid(c9fd637af9122c845a7baab0a3ef3679) Importer(2089858483,b0f066a214c2f5e87bad3c948f4d605d)
Start importing Assets/Modern tiles_Free/Interiors_free/32x32/Interiors_free_32x32_958.asset using Guid(c9fd637af9122c845a7baab0a3ef3679) Importer(2089858483,b0f066a214c2f5e87bad3c948f4d605d) (ScriptedImporter) -> (Import Result ID: '334d5d4c94e6f76d626f99abc9e62968') in 0.0087565 seconds [static and dynamic dependencies]. Details - ImportResultOutputID=34d35f952deb97f65b5b9fdd9108a486 DependenciesID=01ff7ddd4e5c75afa4bb168660d52cfe StaticDependenciesID=913063d6c41f8a52f72eb43deeaa68a5 
Number of updated asset objects reloaded before import = 0Number of asset objects unloaded after import = 2

========================================================================
Received Import Request.
  Time since last request: 0.000017 seconds.
  path: Assets/Modern tiles_Free/Interiors_free/32x32/Interiors_free_32x32_1188.asset
  importAddress: Guid(430eff4040b838a47989617b7c72cdbf) Importer(2089858483,b0f066a214c2f5e87bad3c948f4d605d)
Start importing Assets/Modern tiles_Free/Interiors_free/32x32/Interiors_free_32x32_1188.asset using Guid(430eff4040b838a47989617b7c72cdbf) Importer(2089858483,b0f066a214c2f5e87bad3c948f4d605d) (ScriptedImporter) -> (Import Result ID: 'b474957eaca0dbd0630b3102ef201579') in 0.0089663 seconds [static and dynamic dependencies]. Details - ImportResultOutputID=a958ff59fcf7ed25c5a0925697265fe2 DependenciesID=c27718babd87d5e294529290678565d4 StaticDependenciesID=87019909879c3e95b7800837b47423cb 
Number of updated asset objects reloaded before import = 0Number of asset objects unloaded after import = 2

========================================================================
Received Import Request.
  Time since last request: 0.000022 seconds.
  path: Assets/Modern tiles_Free/Interiors_free/32x32/Interiors_free_32x32_1202.asset
  importAddress: Guid(d862f0f691375f14492e541ccf5218dc) Importer(2089858483,b0f066a214c2f5e87bad3c948f4d605d)
Start importing Assets/Modern tiles_Free/Interiors_free/32x32/Interiors_free_32x32_1202.asset using Guid(d862f0f691375f14492e541ccf5218dc) Importer(2089858483,b0f066a214c2f5e87bad3c948f4d605d) (ScriptedImporter) -> (Import Result ID: '702e84dfa04707959b173062863b8268') in 0.0091713 seconds [static and dynamic dependencies]. Details - ImportResultOutputID=a98fae2f5fae50c7a6a95299bcb64c99 DependenciesID=9aeac1af32fd905dcf31bef79b12e803 StaticDependenciesID=9578b2b9a8d22c9e8693e4af8990042b 
Number of updated asset objects reloaded before import = 0Number of asset objects unloaded after import = 2

========================================================================
Received Import Request.
  Time since last request: 0.000016 seconds.
  path: Assets/Modern tiles_Free/Interiors_free/32x32/Interiors_free_32x32_1166.asset
  importAddress: Guid(2b71a45087202954b8d5e3300f481f5e) Importer(2089858483,b0f066a214c2f5e87bad3c948f4d605d)
Start importing Assets/Modern tiles_Free/Interiors_free/32x32/Interiors_free_32x32_1166.asset using Guid(2b71a45087202954b8d5e3300f481f5e) Importer(2089858483,b0f066a214c2f5e87bad3c948f4d605d) (ScriptedImporter) -> (Import Result ID: 'ab2252d577c2631161a3738a4dcbb15c') in 0.0094318 seconds [static and dynamic dependencies]. Details - ImportResultOutputID=ccc32cfd7e7408e33167829180127de8 DependenciesID=1dda8521740f51acce90539a94287dba StaticDependenciesID=cba2681540ee10d8c93336f579dbb077 
Number of updated asset objects reloaded before import = 0Number of asset objects unloaded after import = 2

========================================================================
Received Import Request.
  Time since last request: 0.000013 seconds.
  path: Assets/Modern tiles_Free/Interiors_free/32x32/Interiors_free_32x32_294.asset
  importAddress: Guid(ddb638293c8aa934d8ded50aa4444b19) Importer(2089858483,b0f066a214c2f5e87bad3c948f4d605d)
Start importing Assets/Modern tiles_Free/Interiors_free/32x32/Interiors_free_32x32_294.asset using Guid(ddb638293c8aa934d8ded50aa4444b19) Importer(2089858483,b0f066a214c2f5e87bad3c948f4d605d) (ScriptedImporter) -> (Import Result ID: '30d82f44d2a74554c1e15d6a4f2051dd') in 0.0083247 seconds [static and dynamic dependencies]. Details - ImportResultOutputID=5329754f801d98f8f8a80127ff206827 DependenciesID=b0069d54088e04c9827e061e3af816c9 StaticDependenciesID=aea6838d0b4b056e8e16cfb17cc2279c 
Number of updated asset objects reloaded before import = 0Number of asset objects unloaded after import = 2

========================================================================
Received Import Request.
  Time since last request: 0.209984 seconds.
  path: Assets/Modern tiles_Free/Interiors_free/32x32/Interiors_free_32x32_280.asset
  importAddress: Guid(ee400402d10c7ed41bca33863687e91b) Importer(2089858483,b0f066a214c2f5e87bad3c948f4d605d)
Start importing Assets/Modern tiles_Free/Interiors_free/32x32/Interiors_free_32x32_280.asset using Guid(ee400402d10c7ed41bca33863687e91b) Importer(2089858483,b0f066a214c2f5e87bad3c948f4d605d) (ScriptedImporter) -> (Import Result ID: '46dd8c66bd0d43244477816068b01f7c') in 0.0094996 seconds [static and dynamic dependencies]. Details - ImportResultOutputID=8b025f69fd462ffcf07b7707f5358d21 DependenciesID=0147f4282fb6ae8fe7d5eede6c395c61 StaticDependenciesID=c4c8cc1bc2283a446558e0464c0fc662 
Number of updated asset objects reloaded before import = 0Number of asset objects unloaded after import = 2

========================================================================
Received Import Request.
  Time since last request: 0.000015 seconds.
  path: Assets/Modern tiles_Free/Interiors_free/32x32/Interiors_free_32x32_1118.asset
  importAddress: Guid(fe963990c69bbd848b292d650f9947aa) Importer(2089858483,b0f066a214c2f5e87bad3c948f4d605d)
Start importing Assets/Modern tiles_Free/Interiors_free/32x32/Interiors_free_32x32_1118.asset using Guid(fe963990c69bbd848b292d650f9947aa) Importer(2089858483,b0f066a214c2f5e87bad3c948f4d605d) (ScriptedImporter) -> (Import Result ID: '81b98109778ae1f3f44c0d3846352ad1') in 0.0091718 seconds [static and dynamic dependencies]. Details - ImportResultOutputID=4d88ef4413967e7412f1b757848c5728 DependenciesID=26ea77ed614b3effb7402ac946e0510f StaticDependenciesID=0d09221b020fb3d395e640f4abccf619 
Number of updated asset objects reloaded before import = 0Number of asset objects unloaded after import = 2

========================================================================
Received Import Request.
  Time since last request: 0.000017 seconds.
  path: Assets/Modern tiles_Free/Interiors_free/32x32/Interiors_free_32x32_1133.asset
  importAddress: Guid(6caef8379453107409ed3d0eceaeae9a) Importer(2089858483,b0f066a214c2f5e87bad3c948f4d605d)
Start importing Assets/Modern tiles_Free/Interiors_free/32x32/Interiors_free_32x32_1133.asset using Guid(6caef8379453107409ed3d0eceaeae9a) Importer(2089858483,b0f066a214c2f5e87bad3c948f4d605d) (ScriptedImporter) -> (Import Result ID: '08e8d0713248d9b3361a47700bc1f4db') in 0.0091518 seconds [static and dynamic dependencies]. Details - ImportResultOutputID=6ae01eec4c57055fdc061d6357b448e1 DependenciesID=ee47add60a43ccb6c1cda2471f2210ff StaticDependenciesID=abb38c31e211cac3a425e5153a3b38db 
Number of updated asset objects reloaded before import = 0Number of asset objects unloaded after import = 2

========================================================================
Received Import Request.
  Time since last request: 0.000017 seconds.
  path: Assets/Modern tiles_Free/Interiors_free/32x32/Interiors_free_32x32_528.asset
  importAddress: Guid(8d4c2010cd5720b43a0ee176b2460bda) Importer(2089858483,b0f066a214c2f5e87bad3c948f4d605d)
Start importing Assets/Modern tiles_Free/Interiors_free/32x32/Interiors_free_32x32_528.asset using Guid(8d4c2010cd5720b43a0ee176b2460bda) Importer(2089858483,b0f066a214c2f5e87bad3c948f4d605d) (ScriptedImporter) -> (Import Result ID: '7355807285a664b841ebefe00568cdd7') in 0.0093091 seconds [static and dynamic dependencies]. Details - ImportResultOutputID=b4032c8bc625df861a50da89e5758cc5 DependenciesID=aad72c9c55de0d20f6a95e963f03ca68 StaticDependenciesID=f17f0b22ac3ca9e19f9186aa74d2b17a 
Number of updated asset objects reloaded before import = 0Number of asset objects unloaded after import = 2

========================================================================
Received Import Request.
  Time since last request: 0.000014 seconds.
  path: Assets/Modern tiles_Free/Interiors_free/32x32/Interiors_free_32x32_480.asset
  importAddress: Guid(65d142dd39f1f864781ec7f220ea591f) Importer(2089858483,b0f066a214c2f5e87bad3c948f4d605d)
Start importing Assets/Modern tiles_Free/Interiors_free/32x32/Interiors_free_32x32_480.asset using Guid(65d142dd39f1f864781ec7f220ea591f) Importer(2089858483,b0f066a214c2f5e87bad3c948f4d605d) (ScriptedImporter) -> (Import Result ID: 'dfdb4c4ac9bd05cf216da80839a43947') in 0.0087357 seconds [static and dynamic dependencies]. Details - ImportResultOutputID=9fb43e3bc235d4edc9262e519472f7ca DependenciesID=3133ab16d5edbf829eb4e9a2ef6c35bc StaticDependenciesID=517103464ec5845bb87332e14d7e849b 
Number of updated asset objects reloaded before import = 0Number of asset objects unloaded after import = 2

========================================================================
Received Import Request.
  Time since last request: 0.000014 seconds.
  path: Assets/Modern tiles_Free/Interiors_free/32x32/Interiors_free_32x32_774.asset
  importAddress: Guid(e31323421ca71d14196c59d417bd75cc) Importer(2089858483,b0f066a214c2f5e87bad3c948f4d605d)
Start importing Assets/Modern tiles_Free/Interiors_free/32x32/Interiors_free_32x32_774.asset using Guid(e31323421ca71d14196c59d417bd75cc) Importer(2089858483,b0f066a214c2f5e87bad3c948f4d605d) (ScriptedImporter) -> (Import Result ID: '22ed7c543e776f3a8d523551de834b2e') in 0.0088881 seconds [static and dynamic dependencies]. Details - ImportResultOutputID=734dcb6458158c47079b9573b7807865 DependenciesID=b5cfea417853751dcefff51703e827ba StaticDependenciesID=05ea27cafd6b534c0761716c9785b975 
Number of updated asset objects reloaded before import = 0Number of asset objects unloaded after import = 2

========================================================================
Received Import Request.
  Time since last request: 0.000019 seconds.
  path: Assets/Modern tiles_Free/Interiors_free/32x32/Interiors_free_32x32_1208.asset
  importAddress: Guid(1d82b99f7234da24b967454e895ad500) Importer(2089858483,b0f066a214c2f5e87bad3c948f4d605d)
Start importing Assets/Modern tiles_Free/Interiors_free/32x32/Interiors_free_32x32_1208.asset using Guid(1d82b99f7234da24b967454e895ad500) Importer(2089858483,b0f066a214c2f5e87bad3c948f4d605d) (ScriptedImporter) -> (Import Result ID: '7d06ebc24983bb3a10fa87da6a9db81e') in 0.0089412 seconds [static and dynamic dependencies]. Details - ImportResultOutputID=f82ed857576545fe6a161f7da9efc0be DependenciesID=15508680d011709c8130397df90dfadf StaticDependenciesID=bf49db1a87a9e4dbe43d3181a63ad694 
Number of updated asset objects reloaded before import = 0Number of asset objects unloaded after import = 2

========================================================================
Received Import Request.
  Time since last request: 0.000013 seconds.
  path: Assets/Modern tiles_Free/Interiors_free/32x32/Interiors_free_32x32_943.asset
  importAddress: Guid(728862ec856e03e48801d15351ce3be7) Importer(2089858483,b0f066a214c2f5e87bad3c948f4d605d)
Start importing Assets/Modern tiles_Free/Interiors_free/32x32/Interiors_free_32x32_943.asset using Guid(728862ec856e03e48801d15351ce3be7) Importer(2089858483,b0f066a214c2f5e87bad3c948f4d605d) (ScriptedImporter) -> (Import Result ID: 'b24f94c0a519db5079eeea82fe0a8340') in 0.0090189 seconds [static and dynamic dependencies]. Details - ImportResultOutputID=cf30ee3ed273dd7f9edab0932f9fecc3 DependenciesID=8c75d340fbe55a512151bee950df7583 StaticDependenciesID=8b9c71d51be9037ba79cbf0a369a0d6f 
Number of updated asset objects reloaded before import = 0Number of asset objects unloaded after import = 2

========================================================================
Received Import Request.
  Time since last request: 0.000014 seconds.
  path: Assets/Modern tiles_Free/Interiors_free/32x32/Interiors_free_32x32_889.asset
  importAddress: Guid(4cd6350bcc3e596488f041b6782ff74d) Importer(2089858483,b0f066a214c2f5e87bad3c948f4d605d)
Start importing Assets/Modern tiles_Free/Interiors_free/32x32/Interiors_free_32x32_889.asset using Guid(4cd6350bcc3e596488f041b6782ff74d) Importer(2089858483,b0f066a214c2f5e87bad3c948f4d605d) (ScriptedImporter) -> (Import Result ID: '6617a1060266a4895adfea49efbdbb9f') in 0.0086434 seconds [static and dynamic dependencies]. Details - ImportResultOutputID=3de754d72092358864d315f8b25d00f9 DependenciesID=4bf4d05080f16adbf5a3218e58e61036 StaticDependenciesID=21729007bcf8d090d4ec5dc9c628552e 
Number of updated asset objects reloaded before import = 0Number of asset objects unloaded after import = 2

========================================================================
Received Import Request.
  Time since last request: 0.000013 seconds.
  path: Assets/Modern tiles_Free/Interiors_free/32x32/Interiors_free_32x32_375.asset
  importAddress: Guid(473339be798b6a54b990976373a562a1) Importer(2089858483,b0f066a214c2f5e87bad3c948f4d605d)
Start importing Assets/Modern tiles_Free/Interiors_free/32x32/Interiors_free_32x32_375.asset using Guid(473339be798b6a54b990976373a562a1) Importer(2089858483,b0f066a214c2f5e87bad3c948f4d605d) (ScriptedImporter) -> (Import Result ID: '04ac7ff55524e03cd0574bd2d4137a2d') in 0.0088865 seconds [static and dynamic dependencies]. Details - ImportResultOutputID=edc20bd60b01904712d68b28f5508f93 DependenciesID=0663c1b661b91bf5ce572a9bc915ef49 StaticDependenciesID=f05b47cbf73bd6c22e22a463361db1fb 
Number of updated asset objects reloaded before import = 0Number of asset objects unloaded after import = 2

========================================================================
Received Import Request.
  Time since last request: 0.000018 seconds.
  path: Assets/Modern tiles_Free/Interiors_free/32x32/Interiors_free_32x32_261.asset
  importAddress: Guid(d3e59e9d0b0c75345abfd2630da1dfce) Importer(2089858483,b0f066a214c2f5e87bad3c948f4d605d)
Start importing Assets/Modern tiles_Free/Interiors_free/32x32/Interiors_free_32x32_261.asset using Guid(d3e59e9d0b0c75345abfd2630da1dfce) Importer(2089858483,b0f066a214c2f5e87bad3c948f4d605d) (ScriptedImporter) -> (Import Result ID: '5c1f7119b6f3f85003e35a35dbbc042e') in 0.0088575 seconds [static and dynamic dependencies]. Details - ImportResultOutputID=b5fac3c3bffd117c51ea3c0763ed2be7 DependenciesID=44c9b634e0633d342baccca5c9639672 StaticDependenciesID=5d6c033453521f1862261a375117a671 
Number of updated asset objects reloaded before import = 0Number of asset objects unloaded after import = 2

========================================================================
Received Import Request.
  Time since last request: 0.000014 seconds.
  path: Assets/Modern tiles_Free/Interiors_free/32x32/Interiors_free_32x32_608.asset
  importAddress: Guid(326636b9ba2004e41b5e6579eb18efe8) Importer(2089858483,b0f066a214c2f5e87bad3c948f4d605d)
Start importing Assets/Modern tiles_Free/Interiors_free/32x32/Interiors_free_32x32_608.asset using Guid(326636b9ba2004e41b5e6579eb18efe8) Importer(2089858483,b0f066a214c2f5e87bad3c948f4d605d) (ScriptedImporter) -> (Import Result ID: 'f12ca0573152ea507ce0eaf9a3aed8ff') in 0.0092548 seconds [static and dynamic dependencies]. Details - ImportResultOutputID=e82ba8df6814482a9bc8eb57ec3996a9 DependenciesID=12effce715042281c4500ab800e5d929 StaticDependenciesID=6dd099e2b9ec4901649657f8b27ad857 
Number of updated asset objects reloaded before import = 0Number of asset objects unloaded after import = 2

========================================================================
Received Import Request.
  Time since last request: 0.000016 seconds.
  path: Assets/Modern tiles_Free/Interiors_free/32x32/Interiors_free_32x32_85.asset
  importAddress: Guid(6f00737b23d87ac41a98371daf490881) Importer(2089858483,b0f066a214c2f5e87bad3c948f4d605d)
Start importing Assets/Modern tiles_Free/Interiors_free/32x32/Interiors_free_32x32_85.asset using Guid(6f00737b23d87ac41a98371daf490881) Importer(2089858483,b0f066a214c2f5e87bad3c948f4d605d) (ScriptedImporter) -> (Import Result ID: '019b7d99ca44213fe012de933276eaec') in 0.0091763 seconds [static and dynamic dependencies]. Details - ImportResultOutputID=009c97fbe329d9cab976c753795afcc3 DependenciesID=60262785a1725f90b5cb00a04259e58d StaticDependenciesID=1badb0a95342210ba3c63f89b308ee64 
Number of updated asset objects reloaded before import = 0Number of asset objects unloaded after import = 2

========================================================================
Received Import Request.
  Time since last request: 0.000013 seconds.
  path: Assets/Modern tiles_Free/Interiors_free/32x32/Interiors_free_32x32_991.asset
  importAddress: Guid(f5996382b532b2443b0e14c8fffccd6d) Importer(2089858483,b0f066a214c2f5e87bad3c948f4d605d)
Start importing Assets/Modern tiles_Free/Interiors_free/32x32/Interiors_free_32x32_991.asset using Guid(f5996382b532b2443b0e14c8fffccd6d) Importer(2089858483,b0f066a214c2f5e87bad3c948f4d605d) (ScriptedImporter) -> (Import Result ID: '1455fba9a65ff7d4bf30a0a8a00ca4d4') in 0.0088405 seconds [static and dynamic dependencies]. Details - ImportResultOutputID=6059b7f1182721b9817d4e3386f8aeb5 DependenciesID=b39546c34f6efa3125faecf1c49e1c6e StaticDependenciesID=7eb97d8980b8fac3aae78b084e18480b 
Number of updated asset objects reloaded before import = 0Number of asset objects unloaded after import = 2

========================================================================
Received Import Request.
  Time since last request: 0.000016 seconds.
  path: Assets/Modern tiles_Free/Interiors_free/32x32/Interiors_free_32x32_1161.asset
  importAddress: Guid(adbd7490888a23d49ab02c993abc843b) Importer(2089858483,b0f066a214c2f5e87bad3c948f4d605d)
Start importing Assets/Modern tiles_Free/Interiors_free/32x32/Interiors_free_32x32_1161.asset using Guid(adbd7490888a23d49ab02c993abc843b) Importer(2089858483,b0f066a214c2f5e87bad3c948f4d605d) (ScriptedImporter) -> (Import Result ID: '162cb55510d82c20cf2c38bc6e145e88') in 0.0088494 seconds [static and dynamic dependencies]. Details - ImportResultOutputID=e6412586cedbbd6f7e6ddc71c619c047 DependenciesID=53457fb0f4c1a6de5426e13a3d25f130 StaticDependenciesID=acb7718e9e0ca027565ddb0f74d99353 
Number of updated asset objects reloaded before import = 0Number of asset objects unloaded after import = 2

========================================================================
Received Import Request.
  Time since last request: 0.000012 seconds.
  path: Assets/Modern tiles_Free/Interiors_free/32x32/Interiors_free_32x32_28.asset
  importAddress: Guid(fe211146695d0714fafa7489705b316d) Importer(2089858483,b0f066a214c2f5e87bad3c948f4d605d)
Start importing Assets/Modern tiles_Free/Interiors_free/32x32/Interiors_free_32x32_28.asset using Guid(fe211146695d0714fafa7489705b316d) Importer(2089858483,b0f066a214c2f5e87bad3c948f4d605d) (ScriptedImporter) -> (Import Result ID: 'c1ddd8c1c5b842de90ead280f3cbc489') in 0.0086174 seconds [static and dynamic dependencies]. Details - ImportResultOutputID=ed342ed664e4c42ce7ce66710a62c316 DependenciesID=25cb1de445508ea910a26953d960e817 StaticDependenciesID=81a223f777290e96e0ddaf52684c765a 
Number of updated asset objects reloaded before import = 0Number of asset objects unloaded after import = 2

========================================================================
Received Import Request.
  Time since last request: 0.000020 seconds.
  path: Assets/Modern tiles_Free/Interiors_free/32x32/Interiors_free_32x32_623.asset
  importAddress: Guid(cbbeb54dcaf05a34eb3c3282ee3ae33e) Importer(2089858483,b0f066a214c2f5e87bad3c948f4d605d)
Start importing Assets/Modern tiles_Free/Interiors_free/32x32/Interiors_free_32x32_623.asset using Guid(cbbeb54dcaf05a34eb3c3282ee3ae33e) Importer(2089858483,b0f066a214c2f5e87bad3c948f4d605d) (ScriptedImporter) -> (Import Result ID: '0c9ef19a5dd913623dffd7e96301914a') in 0.0090858 seconds [static and dynamic dependencies]. Details - ImportResultOutputID=849ace099a8506990f04a06749b9bd9e DependenciesID=b3ed29098674234da1fdc469a6d59b10 StaticDependenciesID=f7a63186707728b9914ff012d5a5a8c1 
Number of updated asset objects reloaded before import = 0Number of asset objects unloaded after import = 2

========================================================================
Received Import Request.
  Time since last request: 0.000016 seconds.
  path: Assets/Modern tiles_Free/Interiors_free/32x32/Interiors_free_32x32_878.asset
  importAddress: Guid(8c5f9bdefa2c2af45a699b0a1a2f7547) Importer(2089858483,b0f066a214c2f5e87bad3c948f4d605d)
Start importing Assets/Modern tiles_Free/Interiors_free/32x32/Interiors_free_32x32_878.asset using Guid(8c5f9bdefa2c2af45a699b0a1a2f7547) Importer(2089858483,b0f066a214c2f5e87bad3c948f4d605d) (ScriptedImporter) -> (Import Result ID: 'd7798ed6df39d024f6cf946b2df9ac40') in 0.0089687 seconds [static and dynamic dependencies]. Details - ImportResultOutputID=02729ea0c672779714fde61373482cb9 DependenciesID=859d19387fa20aa28afef6674c546090 StaticDependenciesID=d5b7538f94368672c7b88641858c1d66 
Number of updated asset objects reloaded before import = 0Number of asset objects unloaded after import = 2

========================================================================
Received Import Request.
  Time since last request: 0.000018 seconds.
  path: Assets/Modern tiles_Free/Interiors_free/32x32/Interiors_free_32x32_762.asset
  importAddress: Guid(195349d01dab30c4ab059afaa3fde612) Importer(2089858483,b0f066a214c2f5e87bad3c948f4d605d)
Start importing Assets/Modern tiles_Free/Interiors_free/32x32/Interiors_free_32x32_762.asset using Guid(195349d01dab30c4ab059afaa3fde612) Importer(2089858483,b0f066a214c2f5e87bad3c948f4d605d) (ScriptedImporter) -> (Import Result ID: '6feef6fe9fbe261b4f1e406962cac8db') in 0.0090899 seconds [static and dynamic dependencies]. Details - ImportResultOutputID=2e21a49f5d80df6cf09d3c01d39d9b1e DependenciesID=d0e9798923ef549c60dfa4d3ae5fa579 StaticDependenciesID=80b2093b2c81db64f4a9cb6c34fa6d26 
Number of updated asset objects reloaded before import = 0Number of asset objects unloaded after import = 2

========================================================================
Received Import Request.
  Time since last request: 0.000022 seconds.
  path: Assets/Modern tiles_Free/Interiors_free/32x32/Interiors_free_32x32_530.asset
  importAddress: Guid(d5df9bbdd7f4efa4ea9e7e39f633a049) Importer(2089858483,b0f066a214c2f5e87bad3c948f4d605d)
Start importing Assets/Modern tiles_Free/Interiors_free/32x32/Interiors_free_32x32_530.asset using Guid(d5df9bbdd7f4efa4ea9e7e39f633a049) Importer(2089858483,b0f066a214c2f5e87bad3c948f4d605d) (ScriptedImporter) -> (Import Result ID: '4e664c5a08d19bc0b4707386cc5558d3') in 0.0084847 seconds [static and dynamic dependencies]. Details - ImportResultOutputID=89514026ef66318723699646b5da861b DependenciesID=89b6c38912ed2280642389ede0d5128f StaticDependenciesID=ea9e150f431e26b0572d2ec96686ab0b 
Number of updated asset objects reloaded before import = 0Number of asset objects unloaded after import = 2

========================================================================
Received Import Request.
  Time since last request: 0.000016 seconds.
  path: Assets/Modern tiles_Free/Interiors_free/32x32/Interiors_free_32x32_678.asset
  importAddress: Guid(89f714df51f609347938c15f9dbf8549) Importer(2089858483,b0f066a214c2f5e87bad3c948f4d605d)
Start importing Assets/Modern tiles_Free/Interiors_free/32x32/Interiors_free_32x32_678.asset using Guid(89f714df51f609347938c15f9dbf8549) Importer(2089858483,b0f066a214c2f5e87bad3c948f4d605d) (ScriptedImporter) -> (Import Result ID: '1cc8a567d5079981d012cc446b72a2b2') in 0.0094453 seconds [static and dynamic dependencies]. Details - ImportResultOutputID=bfa61676cc905d23180c8bdf2d6420af DependenciesID=6031f2c39afa0652e496b579fda23c0e StaticDependenciesID=1ba355912efbf347519abb953bdafede 
Number of updated asset objects reloaded before import = 0Number of asset objects unloaded after import = 2

========================================================================
Received Import Request.
  Time since last request: 0.000015 seconds.
  path: Assets/Modern tiles_Free/Interiors_free/32x32/Interiors_free_32x32_220.asset
  importAddress: Guid(d7b9da0bd5a05e6478f3a657fba5d864) Importer(2089858483,b0f066a214c2f5e87bad3c948f4d605d)
Start importing Assets/Modern tiles_Free/Interiors_free/32x32/Interiors_free_32x32_220.asset using Guid(d7b9da0bd5a05e6478f3a657fba5d864) Importer(2089858483,b0f066a214c2f5e87bad3c948f4d605d) (ScriptedImporter) -> (Import Result ID: 'c27b7c9570b4b0d68cc6f82b2a756af5') in 0.008772 seconds [static and dynamic dependencies]. Details - ImportResultOutputID=b03e4537a8bc84d6e5377dbfb99a82cb DependenciesID=aa7502fa25f83c167ab1ed1d9e1e3cfe StaticDependenciesID=471f26aea0d908af928bc65247d8eb3a 
Number of updated asset objects reloaded before import = 0Number of asset objects unloaded after import = 2

========================================================================
Received Import Request.
  Time since last request: 0.000015 seconds.
  path: Assets/Modern tiles_Free/Interiors_free/32x32/Interiors_free_32x32_1228.asset
  importAddress: Guid(49ba93d7763393b4f99b65d12daa1701) Importer(2089858483,b0f066a214c2f5e87bad3c948f4d605d)
Start importing Assets/Modern tiles_Free/Interiors_free/32x32/Interiors_free_32x32_1228.asset using Guid(49ba93d7763393b4f99b65d12daa1701) Importer(2089858483,b0f066a214c2f5e87bad3c948f4d605d) (ScriptedImporter) -> (Import Result ID: '96ca3a6ef393ca9310ad3131bda4b991') in 0.0090712 seconds [static and dynamic dependencies]. Details - ImportResultOutputID=f273d7ecd4c37b853eda71c75349455c DependenciesID=b525335bf4593c384b8476dc6e7e6fdc StaticDependenciesID=b755b0bb3f1571e6a2269e002e603e02 
Number of updated asset objects reloaded before import = 0Number of asset objects unloaded after import = 2

========================================================================
Received Import Request.
  Time since last request: 0.000017 seconds.
  path: Assets/Modern tiles_Free/Interiors_free/32x32/Interiors_free_32x32_736.asset
  importAddress: Guid(7e00514efeb1e744fa35bb7450fdf09e) Importer(2089858483,b0f066a214c2f5e87bad3c948f4d605d)
Start importing Assets/Modern tiles_Free/Interiors_free/32x32/Interiors_free_32x32_736.asset using Guid(7e00514efeb1e744fa35bb7450fdf09e) Importer(2089858483,b0f066a214c2f5e87bad3c948f4d605d) (ScriptedImporter) -> (Import Result ID: '3b9f2521cb55a96f399e23bfee78b124') in 0.0088774 seconds [static and dynamic dependencies]. Details - ImportResultOutputID=465e5a8be0444cc2f7ec63d37af43d83 DependenciesID=e4c524bbfc2be31eb32afee8ecb3c103 StaticDependenciesID=e79ea81ba7f56b82fc349de30d9d7261 
Number of updated asset objects reloaded before import = 0Number of asset objects unloaded after import = 2

========================================================================
Received Import Request.
  Time since last request: 0.000013 seconds.
  path: Assets/Modern tiles_Free/Interiors_free/32x32/Interiors_free_32x32_574.asset
  importAddress: Guid(6fd4fca467c28944d835e976e8c9eda0) Importer(2089858483,b0f066a214c2f5e87bad3c948f4d605d)
Start importing Assets/Modern tiles_Free/Interiors_free/32x32/Interiors_free_32x32_574.asset using Guid(6fd4fca467c28944d835e976e8c9eda0) Importer(2089858483,b0f066a214c2f5e87bad3c948f4d605d) (ScriptedImporter) -> (Import Result ID: '8080f4b7fd0828ca61e577ca8a034ac3') in 0.0091875 seconds [static and dynamic dependencies]. Details - ImportResultOutputID=9d3b90fa6eebbcd3916a200d8fd692da DependenciesID=7110750773ee379252a464d4ca267264 StaticDependenciesID=7c192d3ecafca0df713d22662bef2ee7 
Number of updated asset objects reloaded before import = 0Number of asset objects unloaded after import = 2

========================================================================
Received Import Request.
  Time since last request: 0.000014 seconds.
  path: Assets/Modern tiles_Free/Interiors_free/32x32/Interiors_free_32x32_882.asset
  importAddress: Guid(35235db597116394a89c648a3d10bd20) Importer(2089858483,b0f066a214c2f5e87bad3c948f4d605d)
Start importing Assets/Modern tiles_Free/Interiors_free/32x32/Interiors_free_32x32_882.asset using Guid(35235db597116394a89c648a3d10bd20) Importer(2089858483,b0f066a214c2f5e87bad3c948f4d605d) (ScriptedImporter) -> (Import Result ID: '438fa6d6b6fe34434e4bb8707363b058') in 0.0082064 seconds [static and dynamic dependencies]. Details - ImportResultOutputID=525c8158e02e6197ac7f5d3e3b2b05a3 DependenciesID=10aeed44085d0c41e2e030437a06481d StaticDependenciesID=7d89509a2826ceb603894ecb36e5f54d 
Number of updated asset objects reloaded before import = 0Number of asset objects unloaded after import = 2

========================================================================
Received Import Request.
  Time since last request: 0.000015 seconds.
  path: Assets/Modern tiles_Free/Interiors_free/32x32/Interiors_free_32x32_586.asset
  importAddress: Guid(db3444e2b24a36d43b395504eac5cb9d) Importer(2089858483,b0f066a214c2f5e87bad3c948f4d605d)
Start importing Assets/Modern tiles_Free/Interiors_free/32x32/Interiors_free_32x32_586.asset using Guid(db3444e2b24a36d43b395504eac5cb9d) Importer(2089858483,b0f066a214c2f5e87bad3c948f4d605d) (ScriptedImporter) -> (Import Result ID: '76393c275dd89d6d99346316d919a1b2') in 0.0089037 seconds [static and dynamic dependencies]. Details - ImportResultOutputID=aae1cffc93f266aa65be613c4abfe359 DependenciesID=b52c9165a8654fb15dbc34ff50236b45 StaticDependenciesID=9711069cbfacaa14374039b205971564 
Number of updated asset objects reloaded before import = 0Number of asset objects unloaded after import = 2

========================================================================
Received Import Request.
  Time since last request: 0.000014 seconds.
  path: Assets/Modern tiles_Free/Interiors_free/32x32/Interiors_free_32x32_143.asset
  importAddress: Guid(4147753342c00b148bd1b7ddcf6ee7da) Importer(2089858483,b0f066a214c2f5e87bad3c948f4d605d)
Start importing Assets/Modern tiles_Free/Interiors_free/32x32/Interiors_free_32x32_143.asset using Guid(4147753342c00b148bd1b7ddcf6ee7da) Importer(2089858483,b0f066a214c2f5e87bad3c948f4d605d) (ScriptedImporter) -> (Import Result ID: 'a22d2230e5c7e11544c474d8679b7216') in 0.0087326 seconds [static and dynamic dependencies]. Details - ImportResultOutputID=0254df72be4838272944b8cd6d0c3275 DependenciesID=769ebaa86530514e0bc4935e2966df3c StaticDependenciesID=de32755f8af55435715a85021b6a812a 
Number of updated asset objects reloaded before import = 0Number of asset objects unloaded after import = 2

========================================================================
Received Import Request.
  Time since last request: 0.000015 seconds.
  path: Assets/Modern tiles_Free/Interiors_free/32x32/Interiors_free_32x32_695.asset
  importAddress: Guid(cd34b4dc712312a428b9d95292dfa477) Importer(2089858483,b0f066a214c2f5e87bad3c948f4d605d)
Start importing Assets/Modern tiles_Free/Interiors_free/32x32/Interiors_free_32x32_695.asset using Guid(cd34b4dc712312a428b9d95292dfa477) Importer(2089858483,b0f066a214c2f5e87bad3c948f4d605d) (ScriptedImporter) -> (Import Result ID: '897ac69762c56df1ad561477fd7b4c6a') in 0.0084033 seconds [static and dynamic dependencies]. Details - ImportResultOutputID=2cca41f5cd22591f3dc0207511bd44cd DependenciesID=42c4e75fe42ee6c3e62bc3cf4603ee0c StaticDependenciesID=3863dd25fe2001342a60b22b3e1c12e2 
Number of updated asset objects reloaded before import = 0Number of asset objects unloaded after import = 2

========================================================================
Received Import Request.
  Time since last request: 0.000019 seconds.
  path: Assets/Modern tiles_Free/Interiors_free/32x32/Interiors_free_32x32_625.asset
  importAddress: Guid(afa951460d9afac449aad0d2a9a70733) Importer(2089858483,b0f066a214c2f5e87bad3c948f4d605d)
Start importing Assets/Modern tiles_Free/Interiors_free/32x32/Interiors_free_32x32_625.asset using Guid(afa951460d9afac449aad0d2a9a70733) Importer(2089858483,b0f066a214c2f5e87bad3c948f4d605d) (ScriptedImporter) -> (Import Result ID: '80a11f8b8dcbeca02e16b6a65ae276b5') in 0.0089312 seconds [static and dynamic dependencies]. Details - ImportResultOutputID=53ae646c4d4a93ccb375aa1bc9ec186b DependenciesID=0e70b483601741a7c68f3ce0374bd3b2 StaticDependenciesID=e6546391d11456840655754be3669aaa 
Number of updated asset objects reloaded before import = 0Number of asset objects unloaded after import = 2

========================================================================
Received Import Request.
  Time since last request: 0.000013 seconds.
  path: Assets/Modern tiles_Free/Interiors_free/32x32/Interiors_free_32x32_792.asset
  importAddress: Guid(46eed574ae453a147814dfc332bff30a) Importer(2089858483,b0f066a214c2f5e87bad3c948f4d605d)
Start importing Assets/Modern tiles_Free/Interiors_free/32x32/Interiors_free_32x32_792.asset using Guid(46eed574ae453a147814dfc332bff30a) Importer(2089858483,b0f066a214c2f5e87bad3c948f4d605d) (ScriptedImporter) -> (Import Result ID: '8dcdf28f11130cb4ca718eb34265f837') in 0.0086766 seconds [static and dynamic dependencies]. Details - ImportResultOutputID=eebf2f7469dbb625a81e30abce2a587c DependenciesID=e5ad50c431d8a7123b95c71550827923 StaticDependenciesID=2a66f18c6b2d96fd34e1a2f32864e430 
Number of updated asset objects reloaded before import = 0Number of asset objects unloaded after import = 2

========================================================================
Received Import Request.
  Time since last request: 0.000017 seconds.
  path: Assets/Modern tiles_Free/Interiors_free/32x32/Interiors_free_32x32_84.asset
  importAddress: Guid(99a3ce60f2f155340bfdc8f06b024f63) Importer(2089858483,b0f066a214c2f5e87bad3c948f4d605d)
Start importing Assets/Modern tiles_Free/Interiors_free/32x32/Interiors_free_32x32_84.asset using Guid(99a3ce60f2f155340bfdc8f06b024f63) Importer(2089858483,b0f066a214c2f5e87bad3c948f4d605d) (ScriptedImporter) -> (Import Result ID: '2218acbe6ae3a2c260003b324b94964e') in 0.0093661 seconds [static and dynamic dependencies]. Details - ImportResultOutputID=7b2a3926f56248af1ee4c0255d3ad1da DependenciesID=507ea430d4e23a40d7bbcdf6f641e3f2 StaticDependenciesID=46cc6cb6e0dea658ab4e24f655dc8ad5 
Number of updated asset objects reloaded before import = 0Number of asset objects unloaded after import = 2

========================================================================
Received Import Request.
  Time since last request: 0.000016 seconds.
  path: Assets/Modern tiles_Free/Interiors_free/32x32/Interiors_free_32x32_843.asset
  importAddress: Guid(8b7fbb9a5074ae740b941b15a1e272b2) Importer(2089858483,b0f066a214c2f5e87bad3c948f4d605d)
Start importing Assets/Modern tiles_Free/Interiors_free/32x32/Interiors_free_32x32_843.asset using Guid(8b7fbb9a5074ae740b941b15a1e272b2) Importer(2089858483,b0f066a214c2f5e87bad3c948f4d605d) (ScriptedImporter) -> (Import Result ID: '3cc7b1e7560122d3a82350d045dc04b4') in 0.0086529 seconds [static and dynamic dependencies]. Details - ImportResultOutputID=5f27860d808798f04d1eee03f31948dd DependenciesID=c94f71c068658cea0bdc2d5e766bd604 StaticDependenciesID=d69762dcb56ba5e382fc7e38cb15b408 
Number of updated asset objects reloaded before import = 0Number of asset objects unloaded after import = 2

========================================================================
Received Import Request.
  Time since last request: 0.000019 seconds.
  path: Assets/Modern tiles_Free/Interiors_free/32x32/Interiors_free_32x32_464.asset
  importAddress: Guid(cf60d1a872d56574c95f59d8fb796f29) Importer(2089858483,b0f066a214c2f5e87bad3c948f4d605d)
Start importing Assets/Modern tiles_Free/Interiors_free/32x32/Interiors_free_32x32_464.asset using Guid(cf60d1a872d56574c95f59d8fb796f29) Importer(2089858483,b0f066a214c2f5e87bad3c948f4d605d) (ScriptedImporter) -> (Import Result ID: '0fd76286fee7a0a76fc94599fc7b4071') in 0.0085902 seconds [static and dynamic dependencies]. Details - ImportResultOutputID=79394960be0112e1478cb5fdc5eac43b DependenciesID=13b16c06f87f385fdadda19a65bce1ed StaticDependenciesID=2467f9f29cda819247fc5db4e1b2af43 
Number of updated asset objects reloaded before import = 0Number of asset objects unloaded after import = 2

========================================================================
Received Import Request.
  Time since last request: 0.000015 seconds.
  path: Assets/Modern tiles_Free/Interiors_free/32x32/Interiors_free_32x32_1021.asset
  importAddress: Guid(cdefd4597f964d948be6e0f57f103b12) Importer(2089858483,b0f066a214c2f5e87bad3c948f4d605d)
Start importing Assets/Modern tiles_Free/Interiors_free/32x32/Interiors_free_32x32_1021.asset using Guid(cdefd4597f964d948be6e0f57f103b12) Importer(2089858483,b0f066a214c2f5e87bad3c948f4d605d) (ScriptedImporter) -> (Import Result ID: '4d4b9c067588c457e386236f22693003') in 0.0089141 seconds [static and dynamic dependencies]. Details - ImportResultOutputID=7c32f959c06f1c3742e40e40387448d3 DependenciesID=036c9a61f17b97fb85e4c010dea0c325 StaticDependenciesID=ccf7c06adef3b77d3659cd292ee0f0e3 
Number of updated asset objects reloaded before import = 0Number of asset objects unloaded after import = 2

========================================================================
Received Import Request.
  Time since last request: 0.000020 seconds.
  path: Assets/Modern tiles_Free/Interiors_free/32x32/Interiors_free_32x32_1107.asset
  importAddress: Guid(4118c4b5e4f904a439c3c08b4109362f) Importer(2089858483,b0f066a214c2f5e87bad3c948f4d605d)
Start importing Assets/Modern tiles_Free/Interiors_free/32x32/Interiors_free_32x32_1107.asset using Guid(4118c4b5e4f904a439c3c08b4109362f) Importer(2089858483,b0f066a214c2f5e87bad3c948f4d605d) (ScriptedImporter) -> (Import Result ID: 'bb945415814befff023e54393864647c') in 0.0091297 seconds [static and dynamic dependencies]. Details - ImportResultOutputID=e49dd22a80f2dd81f98c9201b3e4bc3d DependenciesID=5628862e51d74743ba530f0bc241854b StaticDependenciesID=82020790fd841188bf30f187be384035 
Number of updated asset objects reloaded before import = 0Number of asset objects unloaded after import = 2

========================================================================
Received Import Request.
  Time since last request: 0.000015 seconds.
  path: Assets/Modern tiles_Free/Interiors_free/32x32/Interiors_free_32x32_1041.asset
  importAddress: Guid(90197dc4e767c534b8bd9a665b66dbee) Importer(2089858483,b0f066a214c2f5e87bad3c948f4d605d)
Start importing Assets/Modern tiles_Free/Interiors_free/32x32/Interiors_free_32x32_1041.asset using Guid(90197dc4e767c534b8bd9a665b66dbee) Importer(2089858483,b0f066a214c2f5e87bad3c948f4d605d) (ScriptedImporter) -> (Import Result ID: '3aca46f873640bb0bf917fd1e79491a8') in 0.008654 seconds [static and dynamic dependencies]. Details - ImportResultOutputID=735cadb8e12d04aa0464fa1862f6ec15 DependenciesID=0c0147bec1b23b756a29eb3612d20d3b StaticDependenciesID=f5834467856d2365f40507e07eca3fe8 
Number of updated asset objects reloaded before import = 0Number of asset objects unloaded after import = 2

========================================================================
Received Import Request.
  Time since last request: 0.000020 seconds.
  path: Assets/Modern tiles_Free/Interiors_free/32x32/Interiors_free_32x32_721.asset
  importAddress: Guid(8532f3ebc664b2d43aff4728ed87c874) Importer(2089858483,b0f066a214c2f5e87bad3c948f4d605d)
Start importing Assets/Modern tiles_Free/Interiors_free/32x32/Interiors_free_32x32_721.asset using Guid(8532f3ebc664b2d43aff4728ed87c874) Importer(2089858483,b0f066a214c2f5e87bad3c948f4d605d) (ScriptedImporter) -> (Import Result ID: '3813d34e392174d5dd41d250cd789ea4') in 0.0094337 seconds [static and dynamic dependencies]. Details - ImportResultOutputID=ba243b43a2d5fe5810799c6f6011b5c5 DependenciesID=8271b0467dd114af6badf8866f5330c2 StaticDependenciesID=ec4b9c2f0380c7e2c0cdd9b802238e66 
Number of updated asset objects reloaded before import = 0Number of asset objects unloaded after import = 2

========================================================================
Received Import Request.
  Time since last request: 0.000016 seconds.
  path: Assets/Modern tiles_Free/Interiors_free/32x32/Interiors_free_32x32_454.asset
  importAddress: Guid(1aec52ede9e6e6c4e9b841c6c37b5a6d) Importer(2089858483,b0f066a214c2f5e87bad3c948f4d605d)
Start importing Assets/Modern tiles_Free/Interiors_free/32x32/Interiors_free_32x32_454.asset using Guid(1aec52ede9e6e6c4e9b841c6c37b5a6d) Importer(2089858483,b0f066a214c2f5e87bad3c948f4d605d) (ScriptedImporter) -> (Import Result ID: '127717c590f4a3aef6fe04fffa8335aa') in 0.0080859 seconds [static and dynamic dependencies]. Details - ImportResultOutputID=eb6582137ab52fd75638d418a9524a80 DependenciesID=82cf200f8003fd281956ed30c622f46a StaticDependenciesID=09ba07bc1385df5af5af6de48a6e776b 
Number of updated asset objects reloaded before import = 0Number of asset objects unloaded after import = 2

========================================================================
Received Import Request.
  Time since last request: 0.000020 seconds.
  path: Assets/Modern tiles_Free/Interiors_free/32x32/Interiors_free_32x32_596.asset
  importAddress: Guid(40f50f928ed853b4087e4d15983328e0) Importer(2089858483,b0f066a214c2f5e87bad3c948f4d605d)
Start importing Assets/Modern tiles_Free/Interiors_free/32x32/Interiors_free_32x32_596.asset using Guid(40f50f928ed853b4087e4d15983328e0) Importer(2089858483,b0f066a214c2f5e87bad3c948f4d605d) (ScriptedImporter) -> (Import Result ID: 'b1706b08851d81115a82392f93ddcadb') in 0.0096015 seconds [static and dynamic dependencies]. Details - ImportResultOutputID=6355cb33eeb2971e97e1e981ff5838a5 DependenciesID=80451f484bb03c745fe1291267ad811f StaticDependenciesID=b9d24cc52b7abe0f4a9f732b5e0e2e6a 
Number of updated asset objects reloaded before import = 0Number of asset objects unloaded after import = 2

========================================================================
Received Import Request.
  Time since last request: 0.000014 seconds.
  path: Assets/Modern tiles_Free/Interiors_free/32x32/Interiors_free_32x32_326.asset
  importAddress: Guid(2d3ac46facac8304bba8b3002fdd0874) Importer(2089858483,b0f066a214c2f5e87bad3c948f4d605d)
Start importing Assets/Modern tiles_Free/Interiors_free/32x32/Interiors_free_32x32_326.asset using Guid(2d3ac46facac8304bba8b3002fdd0874) Importer(2089858483,b0f066a214c2f5e87bad3c948f4d605d) (ScriptedImporter) -> (Import Result ID: '1cf74c94ae6916904986042c00e3d37d') in 0.0084385 seconds [static and dynamic dependencies]. Details - ImportResultOutputID=0561de85d26457eb0c432adc0a91aaab DependenciesID=21e918a6d2321145e9cd14736a99c165 StaticDependenciesID=3a83cf3e38c5da1b0b667320d225247f 
Number of updated asset objects reloaded before import = 0Number of asset objects unloaded after import = 2

========================================================================
Received Import Request.
  Time since last request: 0.000014 seconds.
  path: Assets/Modern tiles_Free/Interiors_free/32x32/Interiors_free_32x32_458.asset
  importAddress: Guid(e4d67d10f81169d499742afe370b19c9) Importer(2089858483,b0f066a214c2f5e87bad3c948f4d605d)
Start importing Assets/Modern tiles_Free/Interiors_free/32x32/Interiors_free_32x32_458.asset using Guid(e4d67d10f81169d499742afe370b19c9) Importer(2089858483,b0f066a214c2f5e87bad3c948f4d605d) (ScriptedImporter) -> (Import Result ID: 'e88ba29fa733c73fa9b074713126a615') in 0.009404 seconds [static and dynamic dependencies]. Details - ImportResultOutputID=dfd88a096062a585b58b9aca5a4805c1 DependenciesID=d16f55404e1ac4ac9f1112fd6dad372d StaticDependenciesID=a6253ff1e96e86a1c13b3affa306285e 
Number of updated asset objects reloaded before import = 0Number of asset objects unloaded after import = 2

========================================================================
Received Import Request.
  Time since last request: 0.000018 seconds.
  path: Assets/Modern tiles_Free/Interiors_free/32x32/Interiors_free_32x32_395.asset
  importAddress: Guid(5d70bfbe144207f49b6d21bf55d03f6c) Importer(2089858483,b0f066a214c2f5e87bad3c948f4d605d)
Start importing Assets/Modern tiles_Free/Interiors_free/32x32/Interiors_free_32x32_395.asset using Guid(5d70bfbe144207f49b6d21bf55d03f6c) Importer(2089858483,b0f066a214c2f5e87bad3c948f4d605d) (ScriptedImporter) -> (Import Result ID: '7257864e863e511f982490248cde1dd3') in 0.008455 seconds [static and dynamic dependencies]. Details - ImportResultOutputID=2d27aff5b96f405db87ccca128b297d8 DependenciesID=4de3bc926bda3ad74f7e9de73bdfc32a StaticDependenciesID=7ec50b952c4a26be70931d76c592ede5 
Number of updated asset objects reloaded before import = 0Number of asset objects unloaded after import = 2

========================================================================
Received Import Request.
  Time since last request: 0.000022 seconds.
  path: Assets/Modern tiles_Free/Interiors_free/32x32/Interiors_free_32x32_509.asset
  importAddress: Guid(6689f72c1cc98894a97a357f791c8f6f) Importer(2089858483,b0f066a214c2f5e87bad3c948f4d605d)
Start importing Assets/Modern tiles_Free/Interiors_free/32x32/Interiors_free_32x32_509.asset using Guid(6689f72c1cc98894a97a357f791c8f6f) Importer(2089858483,b0f066a214c2f5e87bad3c948f4d605d) (ScriptedImporter) -> (Import Result ID: '66a0730fddde3e680771d6d6e42bf53a') in 0.0091567 seconds [static and dynamic dependencies]. Details - ImportResultOutputID=1ebb61066822a8c3bd1fc46e443814e1 DependenciesID=3ab7413d068a176f3c1eeb52e19995cc StaticDependenciesID=a562b1800f36721be890c3b995257932 
Number of updated asset objects reloaded before import = 0Number of asset objects unloaded after import = 2

========================================================================
Received Import Request.
  Time since last request: 0.000014 seconds.
  path: Assets/Modern tiles_Free/Interiors_free/32x32/Interiors_free_32x32_995.asset
  importAddress: Guid(450edda2776723e4c80c146e61391d7f) Importer(2089858483,b0f066a214c2f5e87bad3c948f4d605d)
Start importing Assets/Modern tiles_Free/Interiors_free/32x32/Interiors_free_32x32_995.asset using Guid(450edda2776723e4c80c146e61391d7f) Importer(2089858483,b0f066a214c2f5e87bad3c948f4d605d) (ScriptedImporter) -> (Import Result ID: '585e63ce8f2cf7137753ce6aa99f3058') in 0.0087459 seconds [static and dynamic dependencies]. Details - ImportResultOutputID=a0eafe52c51f47d7b163c13e7d0c3e9d DependenciesID=58475299a50fd5397806d01543082fe3 StaticDependenciesID=51c5634cd91d2ff286b95b41d2a509e4 
Number of updated asset objects reloaded before import = 0Number of asset objects unloaded after import = 2

========================================================================
Received Import Request.
  Time since last request: 0.000015 seconds.
  path: Assets/Modern tiles_Free/Interiors_free/32x32/Interiors_free_32x32_293.asset
  importAddress: Guid(0ebc79915c979ba4299fd57ccd6b7ba0) Importer(2089858483,b0f066a214c2f5e87bad3c948f4d605d)
Start importing Assets/Modern tiles_Free/Interiors_free/32x32/Interiors_free_32x32_293.asset using Guid(0ebc79915c979ba4299fd57ccd6b7ba0) Importer(2089858483,b0f066a214c2f5e87bad3c948f4d605d) (ScriptedImporter) -> (Import Result ID: 'd3cdbd65b11cc450e0d0dc7fcdb7c2a1') in 0.008768 seconds [static and dynamic dependencies]. Details - ImportResultOutputID=6f73741dcc94357d07eff69f1bd397d6 DependenciesID=bc67a1349d023ba3543cffb33982ff72 StaticDependenciesID=9d9d378873e4c8782caa3b090539e471 
Number of updated asset objects reloaded before import = 0Number of asset objects unloaded after import = 2

========================================================================
Received Import Request.
  Time since last request: 0.000018 seconds.
  path: Assets/Modern tiles_Free/Interiors_free/32x32/Interiors_free_32x32_435.asset
  importAddress: Guid(0a227e3295fdf25458e0591804a3fe3c) Importer(2089858483,b0f066a214c2f5e87bad3c948f4d605d)
Start importing Assets/Modern tiles_Free/Interiors_free/32x32/Interiors_free_32x32_435.asset using Guid(0a227e3295fdf25458e0591804a3fe3c) Importer(2089858483,b0f066a214c2f5e87bad3c948f4d605d) (ScriptedImporter) -> (Import Result ID: 'cdb61fea37e5df78598c269e47b03671') in 0.0088443 seconds [static and dynamic dependencies]. Details - ImportResultOutputID=5623e2cdd9b87931baa4f8db5a825d14 DependenciesID=cb6d929c237e84b9f41b5c769b5332c9 StaticDependenciesID=780467f4198a9676c0bbb087c6b2989f 
Number of updated asset objects reloaded before import = 0Number of asset objects unloaded after import = 2

========================================================================
Received Import Request.
  Time since last request: 0.000013 seconds.
  path: Assets/Modern tiles_Free/Interiors_free/32x32/Interiors_free_32x32_271.asset
  importAddress: Guid(4ca678d004fdf00438e48f5bc2f49103) Importer(2089858483,b0f066a214c2f5e87bad3c948f4d605d)
Start importing Assets/Modern tiles_Free/Interiors_free/32x32/Interiors_free_32x32_271.asset using Guid(4ca678d004fdf00438e48f5bc2f49103) Importer(2089858483,b0f066a214c2f5e87bad3c948f4d605d) (ScriptedImporter) -> (Import Result ID: 'fad349b1ac17818ec36067bea5c3b152') in 0.0088451 seconds [static and dynamic dependencies]. Details - ImportResultOutputID=f7b6534e6096a7b063597761f02e12f5 DependenciesID=680498253028dd7fa212cd3d8b87e730 StaticDependenciesID=f9d884a8f03729d2d3af61a5bf66fab1 
Number of updated asset objects reloaded before import = 0Number of asset objects unloaded after import = 2

========================================================================
Received Import Request.
  Time since last request: 0.000018 seconds.
  path: Assets/Modern tiles_Free/Interiors_free/32x32/Interiors_free_32x32_347.asset
  importAddress: Guid(68fc924d48583b140b974085928e466c) Importer(2089858483,b0f066a214c2f5e87bad3c948f4d605d)
Start importing Assets/Modern tiles_Free/Interiors_free/32x32/Interiors_free_32x32_347.asset using Guid(68fc924d48583b140b974085928e466c) Importer(2089858483,b0f066a214c2f5e87bad3c948f4d605d) (ScriptedImporter) -> (Import Result ID: '67d82faab1593d53c717529d867f254a') in 0.0085072 seconds [static and dynamic dependencies]. Details - ImportResultOutputID=7bb06e470129e1bdac3815110baa38ac DependenciesID=a44fb949c1aec9fae17c49a21e1c9fa5 StaticDependenciesID=f6048d458ba4694c6273c4199f9f34c0 
Number of updated asset objects reloaded before import = 0Number of asset objects unloaded after import = 2

========================================================================
Received Import Request.
  Time since last request: 0.000015 seconds.
  path: Assets/Modern tiles_Free/Interiors_free/32x32/Interiors_free_32x32_966.asset
  importAddress: Guid(42359c83e0c43d2418ab78336e6d2253) Importer(2089858483,b0f066a214c2f5e87bad3c948f4d605d)
Start importing Assets/Modern tiles_Free/Interiors_free/32x32/Interiors_free_32x32_966.asset using Guid(42359c83e0c43d2418ab78336e6d2253) Importer(2089858483,b0f066a214c2f5e87bad3c948f4d605d) (ScriptedImporter) -> (Import Result ID: 'fafa47a2dc4554efee810b6bfa0dc482') in 0.0094577 seconds [static and dynamic dependencies]. Details - ImportResultOutputID=de2b58b45a87f237a0b06bbbb487ab3c DependenciesID=2a5d033829a7bc09dfff8889e3d7721e StaticDependenciesID=dfe5e7745cada38b7fb5272714425aff 
Number of updated asset objects reloaded before import = 0Number of asset objects unloaded after import = 2

========================================================================
Received Import Request.
  Time since last request: 0.000014 seconds.
  path: Assets/Modern tiles_Free/Interiors_free/32x32/Interiors_free_32x32_1046.asset
  importAddress: Guid(c96cd4a1969cfa144a6ff993ef09d60b) Importer(2089858483,b0f066a214c2f5e87bad3c948f4d605d)
Start importing Assets/Modern tiles_Free/Interiors_free/32x32/Interiors_free_32x32_1046.asset using Guid(c96cd4a1969cfa144a6ff993ef09d60b) Importer(2089858483,b0f066a214c2f5e87bad3c948f4d605d) (ScriptedImporter) -> (Import Result ID: '564713da0e3db0152510ba9d8d376dbc') in 0.0086976 seconds [static and dynamic dependencies]. Details - ImportResultOutputID=afe5447b191586ec86c0ee4465b6c604 DependenciesID=678f072d9a6911b4c17cb1d0433e01a6 StaticDependenciesID=59a65c783116244928e270e384e2844e 
Number of updated asset objects reloaded before import = 0Number of asset objects unloaded after import = 2

========================================================================
Received Import Request.
  Time since last request: 0.000013 seconds.
  path: Assets/Modern tiles_Free/Interiors_free/32x32/Interiors_free_32x32_865.asset
  importAddress: Guid(d9a8924d56f037246bd0e916ce609bce) Importer(2089858483,b0f066a214c2f5e87bad3c948f4d605d)
Start importing Assets/Modern tiles_Free/Interiors_free/32x32/Interiors_free_32x32_865.asset using Guid(d9a8924d56f037246bd0e916ce609bce) Importer(2089858483,b0f066a214c2f5e87bad3c948f4d605d) (ScriptedImporter) -> (Import Result ID: '7e969366610f7aa91735b61eba89ccfb') in 0.008164 seconds [static and dynamic dependencies]. Details - ImportResultOutputID=4abd05985879e692646bd8b91a137d9c DependenciesID=134f4e65e79245025834465e74610d7a StaticDependenciesID=1babd12408256fd9db38d485825e0644 
Number of updated asset objects reloaded before import = 0Number of asset objects unloaded after import = 2

========================================================================
Received Import Request.
  Time since last request: 0.000014 seconds.
  path: Assets/Modern tiles_Free/Interiors_free/32x32/Interiors_free_32x32_962.asset
  importAddress: Guid(4c9c4a24c2a55e74191e2809f6344902) Importer(2089858483,b0f066a214c2f5e87bad3c948f4d605d)
Start importing Assets/Modern tiles_Free/Interiors_free/32x32/Interiors_free_32x32_962.asset using Guid(4c9c4a24c2a55e74191e2809f6344902) Importer(2089858483,b0f066a214c2f5e87bad3c948f4d605d) (ScriptedImporter) -> (Import Result ID: '640c9f906a61cc4eabdf1bbb3b4878e3') in 0.0091996 seconds [static and dynamic dependencies]. Details - ImportResultOutputID=0361d52b63ccd0d9fb8979a454f58f02 DependenciesID=8d9842979d1d85fe1f9d518e7bf63747 StaticDependenciesID=0dcc88f5d14a347353cf9a450cff4803 
Number of updated asset objects reloaded before import = 0Number of asset objects unloaded after import = 2

========================================================================
Received Import Request.
  Time since last request: 0.000017 seconds.
  path: Assets/Modern tiles_Free/Interiors_free/32x32/Interiors_free_32x32_741.asset
  importAddress: Guid(857b13868a312e1429f3f314456000e6) Importer(2089858483,b0f066a214c2f5e87bad3c948f4d605d)
Start importing Assets/Modern tiles_Free/Interiors_free/32x32/Interiors_free_32x32_741.asset using Guid(857b13868a312e1429f3f314456000e6) Importer(2089858483,b0f066a214c2f5e87bad3c948f4d605d) (ScriptedImporter) -> (Import Result ID: '6ac0c8e970f5d3b2023a25a88ecd9b56') in 0.0091458 seconds [static and dynamic dependencies]. Details - ImportResultOutputID=fb0ee8cce9e388f423924b046a6a1825 DependenciesID=002df02bf0a6cb906a3bddcfa501521f StaticDependenciesID=c816b06abab6800c3bc4229d2ae676ab 
Number of updated asset objects reloaded before import = 0Number of asset objects unloaded after import = 2

========================================================================
Received Import Request.
  Time since last request: 0.000013 seconds.
  path: Assets/Modern tiles_Free/Interiors_free/32x32/Interiors_free_32x32_666.asset
  importAddress: Guid(9091dff8c9ed09141bed24ef7fb57899) Importer(2089858483,b0f066a214c2f5e87bad3c948f4d605d)
Start importing Assets/Modern tiles_Free/Interiors_free/32x32/Interiors_free_32x32_666.asset using Guid(9091dff8c9ed09141bed24ef7fb57899) Importer(2089858483,b0f066a214c2f5e87bad3c948f4d605d) (ScriptedImporter) -> (Import Result ID: 'e80e262e088959c0a9fc65c8ec89d77f') in 0.0094731 seconds [static and dynamic dependencies]. Details - ImportResultOutputID=18c43f26a78b81732214b625878b5fea DependenciesID=79021a1fc967d45f5148368a633222ae StaticDependenciesID=d84ac0d093057b323d002f212145212a 
Number of updated asset objects reloaded before import = 0Number of asset objects unloaded after import = 2

========================================================================
Received Import Request.
  Time since last request: 0.000025 seconds.
  path: Assets/Modern tiles_Free/Interiors_free/32x32/Interiors_free_32x32_237.asset
  importAddress: Guid(5a956fd7767ca52429ac3d8eda6708f5) Importer(2089858483,b0f066a214c2f5e87bad3c948f4d605d)
Start importing Assets/Modern tiles_Free/Interiors_free/32x32/Interiors_free_32x32_237.asset using Guid(5a956fd7767ca52429ac3d8eda6708f5) Importer(2089858483,b0f066a214c2f5e87bad3c948f4d605d) (ScriptedImporter) -> (Import Result ID: '47a5d6ccd079acb6e917ff52a828b6bc') in 0.0093127 seconds [static and dynamic dependencies]. Details - ImportResultOutputID=9570dd58e00f8e174655230130b88e2c DependenciesID=4264bf2cd3fc24ed968f47b6a6c530ea StaticDependenciesID=0665c146541170939e06e26210573405 
Number of updated asset objects reloaded before import = 0Number of asset objects unloaded after import = 2

========================================================================
Received Import Request.
  Time since last request: 0.000015 seconds.
  path: Assets/Modern tiles_Free/Interiors_free/32x32/Interiors_free_32x32_852.asset
  importAddress: Guid(591578523a28cf14d966e07bee940f74) Importer(2089858483,b0f066a214c2f5e87bad3c948f4d605d)
Start importing Assets/Modern tiles_Free/Interiors_free/32x32/Interiors_free_32x32_852.asset using Guid(591578523a28cf14d966e07bee940f74) Importer(2089858483,b0f066a214c2f5e87bad3c948f4d605d) (ScriptedImporter) -> (Import Result ID: '000363d6175291f281934d8252cf892f') in 0.0136875 seconds [static and dynamic dependencies]. Details - ImportResultOutputID=5365952626039ccac32311ccaca7f0c0 DependenciesID=8680794dc0eb8e563a67337a66c0ef6f StaticDependenciesID=c0b3fb4c122608213f1be198902cd875 
Number of updated asset objects reloaded before import = 0Number of asset objects unloaded after import = 2

========================================================================
Received Import Request.
  Time since last request: 0.000017 seconds.
  path: Assets/Modern tiles_Free/Interiors_free/32x32/Interiors_free_32x32_1116.asset
  importAddress: Guid(abf6df1bb0820d945a95b9131de8b7a6) Importer(2089858483,b0f066a214c2f5e87bad3c948f4d605d)
Start importing Assets/Modern tiles_Free/Interiors_free/32x32/Interiors_free_32x32_1116.asset using Guid(abf6df1bb0820d945a95b9131de8b7a6) Importer(2089858483,b0f066a214c2f5e87bad3c948f4d605d) (ScriptedImporter) -> (Import Result ID: '8f21c9de56e73562ecac5f5646eb718e') in 0.0091566 seconds [static and dynamic dependencies]. Details - ImportResultOutputID=86d01b8b38304c9b6ae396c339f069a4 DependenciesID=3c2b19cba58e845bcad6bd62856eb630 StaticDependenciesID=da4232beffec1963635198f286df03fb 
Number of updated asset objects reloaded before import = 0Number of asset objects unloaded after import = 2

========================================================================
Received Import Request.
  Time since last request: 0.000018 seconds.
  path: Assets/Modern tiles_Free/Interiors_free/32x32/Interiors_free_32x32_1205.asset
  importAddress: Guid(854ab70e3946a8f459ad5436c796008f) Importer(2089858483,b0f066a214c2f5e87bad3c948f4d605d)
Start importing Assets/Modern tiles_Free/Interiors_free/32x32/Interiors_free_32x32_1205.asset using Guid(854ab70e3946a8f459ad5436c796008f) Importer(2089858483,b0f066a214c2f5e87bad3c948f4d605d) (ScriptedImporter) -> (Import Result ID: '901cbe9c9d465d5d0bf5cd42a3bd305e') in 0.008858 seconds [static and dynamic dependencies]. Details - ImportResultOutputID=501e1cb050bc22dc6fd51cc480fa60c6 DependenciesID=fa672d2f334d6f016d07a6d099e2e1d5 StaticDependenciesID=74eef75a0c761c824e81537665b7750d 
Number of updated asset objects reloaded before import = 0Number of asset objects unloaded after import = 2

========================================================================
Received Import Request.
  Time since last request: 0.000014 seconds.
  path: Assets/Modern tiles_Free/Interiors_free/32x32/Interiors_free_32x32_182.asset
  importAddress: Guid(c4d7f5d75cadfed4abb7ea34cc94138b) Importer(2089858483,b0f066a214c2f5e87bad3c948f4d605d)
Start importing Assets/Modern tiles_Free/Interiors_free/32x32/Interiors_free_32x32_182.asset using Guid(c4d7f5d75cadfed4abb7ea34cc94138b) Importer(2089858483,b0f066a214c2f5e87bad3c948f4d605d) (ScriptedImporter) -> (Import Result ID: '0eaa011a977d3064e4acd6f14b6fa681') in 0.0089194 seconds [static and dynamic dependencies]. Details - ImportResultOutputID=8a82b0a174d90659b92f4523bd0208ca DependenciesID=a935103f399502f5bf2e50c437ceb7ac StaticDependenciesID=f980becab1d69789b5c6736a100e82c6 
Number of updated asset objects reloaded before import = 0Number of asset objects unloaded after import = 2

========================================================================
Received Import Request.
  Time since last request: 0.000018 seconds.
  path: Assets/Modern tiles_Free/Interiors_free/32x32/Interiors_free_32x32_752.asset
  importAddress: Guid(8d58aa666d91aa24e81678a05f24fa2d) Importer(2089858483,b0f066a214c2f5e87bad3c948f4d605d)
Start importing Assets/Modern tiles_Free/Interiors_free/32x32/Interiors_free_32x32_752.asset using Guid(8d58aa666d91aa24e81678a05f24fa2d) Importer(2089858483,b0f066a214c2f5e87bad3c948f4d605d) (ScriptedImporter) -> (Import Result ID: '2e4e669778655ed15b6844796dd82a43') in 0.0089323 seconds [static and dynamic dependencies]. Details - ImportResultOutputID=2787580fc5b6920fe1ddd5816de1a9cf DependenciesID=0c77826957da437f8b50cc12d351baa1 StaticDependenciesID=464e231dfa28b1d2d77bdf1ee8fd73f1 
Number of updated asset objects reloaded before import = 0Number of asset objects unloaded after import = 2

========================================================================
Received Import Request.
  Time since last request: 0.000013 seconds.
  path: Assets/Modern tiles_Free/Interiors_free/32x32/Interiors_free_32x32_963.asset
  importAddress: Guid(bcfc0c75991019343bb746fb356a2610) Importer(2089858483,b0f066a214c2f5e87bad3c948f4d605d)
Start importing Assets/Modern tiles_Free/Interiors_free/32x32/Interiors_free_32x32_963.asset using Guid(bcfc0c75991019343bb746fb356a2610) Importer(2089858483,b0f066a214c2f5e87bad3c948f4d605d) (ScriptedImporter) -> (Import Result ID: '5be88bbc3710b56f623b6523d8f6bbbb') in 0.0087297 seconds [static and dynamic dependencies]. Details - ImportResultOutputID=3155ad9d0d8b7d7d417ec70f383d227d DependenciesID=87597a2c3c910afc6889c86e8ba134be StaticDependenciesID=2ddd06c2a5785b5c0fd4c6dfd2734e58 
Number of updated asset objects reloaded before import = 0Number of asset objects unloaded after import = 2

========================================================================
Received Import Request.
  Time since last request: 0.000032 seconds.
  path: Assets/Modern tiles_Free/Interiors_free/32x32/Interiors_free_32x32_620.asset
  importAddress: Guid(65748675b5ea62941bec1df4d526e404) Importer(2089858483,b0f066a214c2f5e87bad3c948f4d605d)
Start importing Assets/Modern tiles_Free/Interiors_free/32x32/Interiors_free_32x32_620.asset using Guid(65748675b5ea62941bec1df4d526e404) Importer(2089858483,b0f066a214c2f5e87bad3c948f4d605d) (ScriptedImporter) -> (Import Result ID: 'a3cbf4b4c468249db42bcf856575f411') in 0.0089985 seconds [static and dynamic dependencies]. Details - ImportResultOutputID=fbb8a7fbb05cf9818c3a909a93616c64 DependenciesID=ac0bb4c81e68c48577a3374f52552982 StaticDependenciesID=cad0bd6deb090afb23b538dd54c91f30 
Number of updated asset objects reloaded before import = 0Number of asset objects unloaded after import = 2

========================================================================
Received Import Request.
  Time since last request: 0.000016 seconds.
  path: Assets/Modern tiles_Free/Interiors_free/32x32/Interiors_free_32x32_559.asset
  importAddress: Guid(83ada9e8d2b4d0f4f9ae763fa209e7de) Importer(2089858483,b0f066a214c2f5e87bad3c948f4d605d)
Start importing Assets/Modern tiles_Free/Interiors_free/32x32/Interiors_free_32x32_559.asset using Guid(83ada9e8d2b4d0f4f9ae763fa209e7de) Importer(2089858483,b0f066a214c2f5e87bad3c948f4d605d) (ScriptedImporter) -> (Import Result ID: '04196ac42368d432c90dc40eaf255457') in 0.0091278 seconds [static and dynamic dependencies]. Details - ImportResultOutputID=4f4abc4edf8da2355268e7f1c98e6dcf DependenciesID=bcec0e118138ee5447a57783b3ba71d2 StaticDependenciesID=9da627d8a05f695d5dbbf21a6e3be02a 
Number of updated asset objects reloaded before import = 0Number of asset objects unloaded after import = 2

========================================================================
Received Import Request.
  Time since last request: 0.000019 seconds.
  path: Assets/Modern tiles_Free/Interiors_free/32x32/Interiors_free_32x32_1068.asset
  importAddress: Guid(28ff89533cb62fb4fa5c8767813a0338) Importer(2089858483,b0f066a214c2f5e87bad3c948f4d605d)
Start importing Assets/Modern tiles_Free/Interiors_free/32x32/Interiors_free_32x32_1068.asset using Guid(28ff89533cb62fb4fa5c8767813a0338) Importer(2089858483,b0f066a214c2f5e87bad3c948f4d605d) (ScriptedImporter) -> (Import Result ID: 'c6d607e0de2710b86d7e67945f2ee7c6') in 0.0089325 seconds [static and dynamic dependencies]. Details - ImportResultOutputID=809c818512b3e3309717ad0dbf0759a5 DependenciesID=d3f64e7208fe7fb94930ddd3031e8de2 StaticDependenciesID=3df8e1a0953a6781f8b2a1a4fd8634a0 
Number of updated asset objects reloaded before import = 0Number of asset objects unloaded after import = 2

========================================================================
Received Import Request.
  Time since last request: 0.000021 seconds.
  path: Assets/Modern tiles_Free/Interiors_free/32x32/Interiors_free_32x32_153.asset
  importAddress: Guid(1af938f0fc72ab94fb7a6e97bfa85f03) Importer(2089858483,b0f066a214c2f5e87bad3c948f4d605d)
Start importing Assets/Modern tiles_Free/Interiors_free/32x32/Interiors_free_32x32_153.asset using Guid(1af938f0fc72ab94fb7a6e97bfa85f03) Importer(2089858483,b0f066a214c2f5e87bad3c948f4d605d) (ScriptedImporter) -> (Import Result ID: 'c0a82b522ca9e428b566857fe9b5374d') in 0.0084021 seconds [static and dynamic dependencies]. Details - ImportResultOutputID=ecdac08d0f63bda0813dbefc28d7d844 DependenciesID=913bb084a20c164d083b06d848065f41 StaticDependenciesID=ab5e959c32a0f08348cdb61136610e7e 
Number of updated asset objects reloaded before import = 0Number of asset objects unloaded after import = 2

========================================================================
Received Import Request.
  Time since last request: 0.000021 seconds.
  path: Assets/Modern tiles_Free/Interiors_free/32x32/Interiors_free_32x32_726.asset
  importAddress: Guid(39e2b2c2341f9b743a03215ad4ddc4e3) Importer(2089858483,b0f066a214c2f5e87bad3c948f4d605d)
Start importing Assets/Modern tiles_Free/Interiors_free/32x32/Interiors_free_32x32_726.asset using Guid(39e2b2c2341f9b743a03215ad4ddc4e3) Importer(2089858483,b0f066a214c2f5e87bad3c948f4d605d) (ScriptedImporter) -> (Import Result ID: '3a2317cbbb8f46aa49a27697d19cd2b9') in 0.0091035 seconds [static and dynamic dependencies]. Details - ImportResultOutputID=78af119db5e6d3418c42d5cf068a7889 DependenciesID=54ef3001a936b03548d7e3821b0f88c0 StaticDependenciesID=9ef2541e11291d2f6b367f38da372bf5 
Number of updated asset objects reloaded before import = 0Number of asset objects unloaded after import = 2

========================================================================
Received Import Request.
  Time since last request: 0.000015 seconds.
  path: Assets/Modern tiles_Free/Interiors_free/32x32/Interiors_free_32x32_327.asset
  importAddress: Guid(c373f76f1f1ec394fa4a5219ad9def9c) Importer(2089858483,b0f066a214c2f5e87bad3c948f4d605d)
Start importing Assets/Modern tiles_Free/Interiors_free/32x32/Interiors_free_32x32_327.asset using Guid(c373f76f1f1ec394fa4a5219ad9def9c) Importer(2089858483,b0f066a214c2f5e87bad3c948f4d605d) (ScriptedImporter) -> (Import Result ID: '8258d26ce700ef84ee3c1536a6562d2a') in 0.0091171 seconds [static and dynamic dependencies]. Details - ImportResultOutputID=6e5a3353a8a6475775eccb10eb19a229 DependenciesID=87144973adc3d6a1f4c31b109494d359 StaticDependenciesID=9a2923e8c935c0866e17532ffa939a1e 
Number of updated asset objects reloaded before import = 0Number of asset objects unloaded after import = 2

========================================================================
Received Import Request.
  Time since last request: 0.000016 seconds.
  path: Assets/Modern tiles_Free/Interiors_free/32x32/Interiors_free_32x32_1215.asset
  importAddress: Guid(441954662b8423247b2617bf75ff02a3) Importer(2089858483,b0f066a214c2f5e87bad3c948f4d605d)
Start importing Assets/Modern tiles_Free/Interiors_free/32x32/Interiors_free_32x32_1215.asset using Guid(441954662b8423247b2617bf75ff02a3) Importer(2089858483,b0f066a214c2f5e87bad3c948f4d605d) (ScriptedImporter) -> (Import Result ID: '3906f0ef716d64ae107cae8bfca485d5') in 0.0093156 seconds [static and dynamic dependencies]. Details - ImportResultOutputID=6309fd793e4ad79e0213368a099102a0 DependenciesID=29d1f13f74e0bd89ed9f688f66464ee6 StaticDependenciesID=6022d0483d8b072f2387d725c264d0cf 
Number of updated asset objects reloaded before import = 0Number of asset objects unloaded after import = 2

========================================================================
Received Import Request.
  Time since last request: 0.000019 seconds.
  path: Assets/Modern tiles_Free/Interiors_free/32x32/Interiors_free_32x32_312.asset
  importAddress: Guid(230a1544da916ec4c8c7ec1ccd0ce54f) Importer(2089858483,b0f066a214c2f5e87bad3c948f4d605d)
Start importing Assets/Modern tiles_Free/Interiors_free/32x32/Interiors_free_32x32_312.asset using Guid(230a1544da916ec4c8c7ec1ccd0ce54f) Importer(2089858483,b0f066a214c2f5e87bad3c948f4d605d) (ScriptedImporter) -> (Import Result ID: '08559bd7c748ea8d4c14544041f1c607') in 0.0085442 seconds [static and dynamic dependencies]. Details - ImportResultOutputID=81022fe5850e1b05db93f2e4e6a46b60 DependenciesID=2b7d1c62875a78cc5592d5b94c073f5a StaticDependenciesID=3509a4f09e054e9bd00eda07d35b9cd6 
Number of updated asset objects reloaded before import = 0Number of asset objects unloaded after import = 2

========================================================================
Received Import Request.
  Time since last request: 0.000025 seconds.
  path: Assets/Modern tiles_Free/Interiors_free/32x32/Interiors_free_32x32_299.asset
  importAddress: Guid(4ca205116a6d27147899c7fb876a1e38) Importer(2089858483,b0f066a214c2f5e87bad3c948f4d605d)
Start importing Assets/Modern tiles_Free/Interiors_free/32x32/Interiors_free_32x32_299.asset using Guid(4ca205116a6d27147899c7fb876a1e38) Importer(2089858483,b0f066a214c2f5e87bad3c948f4d605d) (ScriptedImporter) -> (Import Result ID: '03a523fe518e9e3463f9c8e492e25226') in 0.0094451 seconds [static and dynamic dependencies]. Details - ImportResultOutputID=877aec9ac2888f1bca306be90210ab0c DependenciesID=8e8d87f27755dcf4ee5ac13c1e8bc919 StaticDependenciesID=3667fd8bea5a8591d98ad6266f1ccbd5 
Number of updated asset objects reloaded before import = 0Number of asset objects unloaded after import = 2

========================================================================
Received Import Request.
  Time since last request: 0.000015 seconds.
  path: Assets/Modern tiles_Free/Interiors_free/32x32/Interiors_free_32x32_591.asset
  importAddress: Guid(faf9a728918399942b89e2265778e7c2) Importer(2089858483,b0f066a214c2f5e87bad3c948f4d605d)
Start importing Assets/Modern tiles_Free/Interiors_free/32x32/Interiors_free_32x32_591.asset using Guid(faf9a728918399942b89e2265778e7c2) Importer(2089858483,b0f066a214c2f5e87bad3c948f4d605d) (ScriptedImporter) -> (Import Result ID: 'b247b437dd1e7ff3ad9d7663e1a73ab3') in 0.0090478 seconds [static and dynamic dependencies]. Details - ImportResultOutputID=f99692098389d82918f6307b7903006a DependenciesID=ab3f9ce77716cdb2979dfc4006b5d82f StaticDependenciesID=0e999ba8f62e88ad66441522afd4737b 
Number of updated asset objects reloaded before import = 0Number of asset objects unloaded after import = 2

========================================================================
Received Import Request.
  Time since last request: 0.000015 seconds.
  path: Assets/Modern tiles_Free/Interiors_free/32x32/Interiors_free_32x32_999.asset
  importAddress: Guid(b2920a932598dc54e92cf6b8080ab572) Importer(2089858483,b0f066a214c2f5e87bad3c948f4d605d)
Start importing Assets/Modern tiles_Free/Interiors_free/32x32/Interiors_free_32x32_999.asset using Guid(b2920a932598dc54e92cf6b8080ab572) Importer(2089858483,b0f066a214c2f5e87bad3c948f4d605d) (ScriptedImporter) -> (Import Result ID: '9d5a1bc7ef1f7eb1a11cb1e3781717c4') in 0.0090292 seconds [static and dynamic dependencies]. Details - ImportResultOutputID=90b017069347e60837a1098e5d06a3b4 DependenciesID=7b9af023a6e67af55e1f85c6552ece6d StaticDependenciesID=25ebf7abf9911e134d07fb45ba0962e0 
Number of updated asset objects reloaded before import = 0Number of asset objects unloaded after import = 2

========================================================================
Received Import Request.
  Time since last request: 0.000019 seconds.
  path: Assets/Modern tiles_Free/Interiors_free/32x32/Interiors_free_32x32_1114.asset
  importAddress: Guid(463c6f04751343b4e968665409371c22) Importer(2089858483,b0f066a214c2f5e87bad3c948f4d605d)
Start importing Assets/Modern tiles_Free/Interiors_free/32x32/Interiors_free_32x32_1114.asset using Guid(463c6f04751343b4e968665409371c22) Importer(2089858483,b0f066a214c2f5e87bad3c948f4d605d) (ScriptedImporter) -> (Import Result ID: '5d3c47706cbc13de1944984739366c17') in 0.0089879 seconds [static and dynamic dependencies]. Details - ImportResultOutputID=825e7e475e80bcdebfae9559879ca630 DependenciesID=8743932d5fe003cd8caff359776ba473 StaticDependenciesID=7d4a311c4b9ac7d34aaae02607eb02a8 
Number of updated asset objects reloaded before import = 0Number of asset objects unloaded after import = 2

========================================================================
Received Import Request.
  Time since last request: 0.000014 seconds.
  path: Assets/Modern tiles_Free/Interiors_free/32x32/Interiors_free_32x32_673.asset
  importAddress: Guid(ee5a815f0d1ab7a4487d2e5166b8d124) Importer(2089858483,b0f066a214c2f5e87bad3c948f4d605d)
Start importing Assets/Modern tiles_Free/Interiors_free/32x32/Interiors_free_32x32_673.asset using Guid(ee5a815f0d1ab7a4487d2e5166b8d124) Importer(2089858483,b0f066a214c2f5e87bad3c948f4d605d) (ScriptedImporter) -> (Import Result ID: '16a27b6249c9a7ee03d95e0e5369a545') in 0.0092252 seconds [static and dynamic dependencies]. Details - ImportResultOutputID=bb9daba2f499bc6b28b48721c6f05f02 DependenciesID=2904f687ce87ad5243c0d0a621acd02e StaticDependenciesID=32b843da5c2c3457c08d6bd490101f36 
Number of updated asset objects reloaded before import = 0Number of asset objects unloaded after import = 2

========================================================================
Received Import Request.
  Time since last request: 0.000015 seconds.
  path: Assets/Modern tiles_Free/Interiors_free/32x32/Interiors_free_32x32_287.asset
  importAddress: Guid(72d4cb79474c83640958d6c196a84198) Importer(2089858483,b0f066a214c2f5e87bad3c948f4d605d)
Start importing Assets/Modern tiles_Free/Interiors_free/32x32/Interiors_free_32x32_287.asset using Guid(72d4cb79474c83640958d6c196a84198) Importer(2089858483,b0f066a214c2f5e87bad3c948f4d605d) (ScriptedImporter) -> (Import Result ID: '91d5e392f7e7fff2229f3bcfd543dcbd') in 0.0090512 seconds [static and dynamic dependencies]. Details - ImportResultOutputID=7be49d7e580e890e9b3e46ea36313034 DependenciesID=34beb5dc1bc4332866fa5c87ca3f58ae StaticDependenciesID=cdcca28676994d69f9c69d7a2e3758d6 
Number of updated asset objects reloaded before import = 0Number of asset objects unloaded after import = 2

========================================================================
Received Import Request.
  Time since last request: 0.000013 seconds.
  path: Assets/Modern tiles_Free/Interiors_free/32x32/Interiors_free_32x32_4.asset
  importAddress: Guid(8836a59d9c870524ea922fe72e30e0f9) Importer(2089858483,b0f066a214c2f5e87bad3c948f4d605d)
Start importing Assets/Modern tiles_Free/Interiors_free/32x32/Interiors_free_32x32_4.asset using Guid(8836a59d9c870524ea922fe72e30e0f9) Importer(2089858483,b0f066a214c2f5e87bad3c948f4d605d) (ScriptedImporter) -> (Import Result ID: '6f4f7b9fa42d3eaf130c271bcec8feb1') in 0.0100485 seconds [static and dynamic dependencies]. Details - ImportResultOutputID=3dd0a858ba4caa453660e6e4e79390c6 DependenciesID=e74eda43356c3cdb6264e61faa1d6a79 StaticDependenciesID=c1c681d98c977b943f281d7168ef6437 
Number of updated asset objects reloaded before import = 0Number of asset objects unloaded after import = 2

========================================================================
Received Import Request.
  Time since last request: 0.000017 seconds.
  path: Assets/Modern tiles_Free/Interiors_free/32x32/Interiors_free_32x32_1160.asset
  importAddress: Guid(947fbe7ea1a66f840bd4a1492e957e0c) Importer(2089858483,b0f066a214c2f5e87bad3c948f4d605d)
Start importing Assets/Modern tiles_Free/Interiors_free/32x32/Interiors_free_32x32_1160.asset using Guid(947fbe7ea1a66f840bd4a1492e957e0c) Importer(2089858483,b0f066a214c2f5e87bad3c948f4d605d) (ScriptedImporter) -> (Import Result ID: '867dc87621291056262f535ce37b1b2b') in 0.0079825 seconds [static and dynamic dependencies]. Details - ImportResultOutputID=fe89aa1a2b20523c62f61e7f62580c3d DependenciesID=4c72a85819d06437e8cbdd573164f797 StaticDependenciesID=3ac73d9eaa87e61ddf8ef5d1e3a4bc8d 
Number of updated asset objects reloaded before import = 0Number of asset objects unloaded after import = 2

========================================================================
Received Import Request.
  Time since last request: 0.000015 seconds.
  path: Assets/Modern tiles_Free/Interiors_free/32x32/Interiors_free_32x32_598.asset
  importAddress: Guid(0662a1085cbd32c4bb423b21db66e544) Importer(2089858483,b0f066a214c2f5e87bad3c948f4d605d)
Start importing Assets/Modern tiles_Free/Interiors_free/32x32/Interiors_free_32x32_598.asset using Guid(0662a1085cbd32c4bb423b21db66e544) Importer(2089858483,b0f066a214c2f5e87bad3c948f4d605d) (ScriptedImporter) -> (Import Result ID: '37dae2d3617eeeb6326ad2238ee85799') in 0.0091193 seconds [static and dynamic dependencies]. Details - ImportResultOutputID=0a49fb3d9a285c9c68f3341ee91d5146 DependenciesID=0bb279c65eef74eab43dced07e48a1e7 StaticDependenciesID=c893f51a0b2565890429702fb57cab1e 
Number of updated asset objects reloaded before import = 0Number of asset objects unloaded after import = 2

========================================================================
Received Import Request.
  Time since last request: 0.000021 seconds.
  path: Assets/Modern tiles_Free/Interiors_free/32x32/Interiors_free_32x32_424.asset
  importAddress: Guid(4039fbfe8d37d444fa22282ef991ce9b) Importer(2089858483,b0f066a214c2f5e87bad3c948f4d605d)
Start importing Assets/Modern tiles_Free/Interiors_free/32x32/Interiors_free_32x32_424.asset using Guid(4039fbfe8d37d444fa22282ef991ce9b) Importer(2089858483,b0f066a214c2f5e87bad3c948f4d605d) (ScriptedImporter) -> (Import Result ID: 'ac68ee572131badc0746fa293740bd54') in 0.0089258 seconds [static and dynamic dependencies]. Details - ImportResultOutputID=06be884423fd04bc9dc7c047768358f5 DependenciesID=9ae5dbb7219a5b50b825473065402130 StaticDependenciesID=eb03f77b283f35fa9cab7f18727c53f7 
Number of updated asset objects reloaded before import = 0Number of asset objects unloaded after import = 2

========================================================================
Received Import Request.
  Time since last request: 0.000017 seconds.
  path: Assets/Modern tiles_Free/Interiors_free/32x32/Interiors_free_32x32_573.asset
  importAddress: Guid(7bf688e4b01298449a972a1c637273c1) Importer(2089858483,b0f066a214c2f5e87bad3c948f4d605d)
Start importing Assets/Modern tiles_Free/Interiors_free/32x32/Interiors_free_32x32_573.asset using Guid(7bf688e4b01298449a972a1c637273c1) Importer(2089858483,b0f066a214c2f5e87bad3c948f4d605d) (ScriptedImporter) -> (Import Result ID: 'cc0894f27238bd2d260424d4121df981') in 0.0086259 seconds [static and dynamic dependencies]. Details - ImportResultOutputID=2fe14411fa3a35a5855518cfd6441f5d DependenciesID=8d28dca2bce78b04f91aac2d8b5f3041 StaticDependenciesID=91c0cf330637eaf44095c0679a312b6c 
Number of updated asset objects reloaded before import = 0Number of asset objects unloaded after import = 2

========================================================================
Received Import Request.
  Time since last request: 0.000015 seconds.
  path: Assets/Modern tiles_Free/Interiors_free/32x32/Interiors_free_32x32_1152.asset
  importAddress: Guid(2d428a1aee2550442b662bfb642d1172) Importer(2089858483,b0f066a214c2f5e87bad3c948f4d605d)
Start importing Assets/Modern tiles_Free/Interiors_free/32x32/Interiors_free_32x32_1152.asset using Guid(2d428a1aee2550442b662bfb642d1172) Importer(2089858483,b0f066a214c2f5e87bad3c948f4d605d) (ScriptedImporter) -> (Import Result ID: 'f4aa618d684493bbeca58a391f804042') in 0.0089805 seconds [static and dynamic dependencies]. Details - ImportResultOutputID=11e7344d67779f26b02788329153448b DependenciesID=8d94f9dd4d31b71dde512a091a845ecf StaticDependenciesID=de247f767dc867822cf15c9162887af5 
Number of updated asset objects reloaded before import = 0Number of asset objects unloaded after import = 2

========================================================================
Received Import Request.
  Time since last request: 0.000014 seconds.
  path: Assets/Modern tiles_Free/Interiors_free/32x32/Interiors_free_32x32_944.asset
  importAddress: Guid(37fd1d515cb9eff49a3e2e7c4de6c1ea) Importer(2089858483,b0f066a214c2f5e87bad3c948f4d605d)
Start importing Assets/Modern tiles_Free/Interiors_free/32x32/Interiors_free_32x32_944.asset using Guid(37fd1d515cb9eff49a3e2e7c4de6c1ea) Importer(2089858483,b0f066a214c2f5e87bad3c948f4d605d) (ScriptedImporter) -> (Import Result ID: '87321aaf9df855f55b0737c9eaacacf3') in 0.0086014 seconds [static and dynamic dependencies]. Details - ImportResultOutputID=c0c420fb2ab68a9c007608bf36478720 DependenciesID=3d7751a18ce58d0146b24e87d45cbe69 StaticDependenciesID=02acc7011d0962510960ec69570b55f9 
Number of updated asset objects reloaded before import = 0Number of asset objects unloaded after import = 2

========================================================================
Received Import Request.
  Time since last request: 0.000018 seconds.
  path: Assets/Modern tiles_Free/Interiors_free/32x32/Interiors_free_32x32_114.asset
  importAddress: Guid(e69cb4ca69efbbe448edd81d1ab85704) Importer(2089858483,b0f066a214c2f5e87bad3c948f4d605d)
Start importing Assets/Modern tiles_Free/Interiors_free/32x32/Interiors_free_32x32_114.asset using Guid(e69cb4ca69efbbe448edd81d1ab85704) Importer(2089858483,b0f066a214c2f5e87bad3c948f4d605d) (ScriptedImporter) -> (Import Result ID: '6f8d072461dbafc221e0dafb8b6341b5') in 0.0089141 seconds [static and dynamic dependencies]. Details - ImportResultOutputID=dd690714b6b7c2b02fedc57f0f54a8a1 DependenciesID=fcc518fc60930a2baf73c0c85896df0a StaticDependenciesID=bb71e5a10205d45deb807e351284eb28 
Number of updated asset objects reloaded before import = 0Number of asset objects unloaded after import = 2

========================================================================
Received Import Request.
  Time since last request: 0.000015 seconds.
  path: Assets/Modern tiles_Free/Interiors_free/32x32/Interiors_free_32x32_457.asset
  importAddress: Guid(03fcaa846557c584d9d5f40f3561043d) Importer(2089858483,b0f066a214c2f5e87bad3c948f4d605d)
Start importing Assets/Modern tiles_Free/Interiors_free/32x32/Interiors_free_32x32_457.asset using Guid(03fcaa846557c584d9d5f40f3561043d) Importer(2089858483,b0f066a214c2f5e87bad3c948f4d605d) (ScriptedImporter) -> (Import Result ID: '34bc669f5c4046158e662f8c281d77d0') in 0.008715 seconds [static and dynamic dependencies]. Details - ImportResultOutputID=cb2197d298ae84f21233676bddeaa24a DependenciesID=d18f6f8d7afc01bf69be042f499d8c7f StaticDependenciesID=63206ceefac4050a5059a00114cbb150 
Number of updated asset objects reloaded before import = 0Number of asset objects unloaded after import = 2

========================================================================
Received Import Request.
  Time since last request: 0.000017 seconds.
  path: Assets/Modern tiles_Free/Interiors_free/32x32/Interiors_free_32x32_89.asset
  importAddress: Guid(04a5347cd6ac03146bcc08ecfb24c8f7) Importer(2089858483,b0f066a214c2f5e87bad3c948f4d605d)
Start importing Assets/Modern tiles_Free/Interiors_free/32x32/Interiors_free_32x32_89.asset using Guid(04a5347cd6ac03146bcc08ecfb24c8f7) Importer(2089858483,b0f066a214c2f5e87bad3c948f4d605d) (ScriptedImporter) -> (Import Result ID: '07149914ad0d277581551053ed81a5c6') in 0.009536 seconds [static and dynamic dependencies]. Details - ImportResultOutputID=d4398a1355944f53798cf4f43155c8d3 DependenciesID=9d72bce14d5645ea0ab7f34a23170c38 StaticDependenciesID=c7c0357cfb35be5be0acaa8d3337c5c2 
Number of updated asset objects reloaded before import = 0Number of asset objects unloaded after import = 2

========================================================================
Received Import Request.
  Time since last request: 0.000018 seconds.
  path: Assets/Modern tiles_Free/Interiors_free/32x32/Interiors_free_32x32_830.asset
  importAddress: Guid(1107a72bd307d684aab620b18c96f4f2) Importer(2089858483,b0f066a214c2f5e87bad3c948f4d605d)
Start importing Assets/Modern tiles_Free/Interiors_free/32x32/Interiors_free_32x32_830.asset using Guid(1107a72bd307d684aab620b18c96f4f2) Importer(2089858483,b0f066a214c2f5e87bad3c948f4d605d) (ScriptedImporter) -> (Import Result ID: 'dd812ea0af894b7ca8d377687d0fe17b') in 0.0088815 seconds [static and dynamic dependencies]. Details - ImportResultOutputID=7e1236575500f19a33f16a0465db8cc1 DependenciesID=a774205c4eea04d4b6ffd85d1e11b45a StaticDependenciesID=22d3a7f5deb34cbc56fb70cc08db05be 
Number of updated asset objects reloaded before import = 0Number of asset objects unloaded after import = 2

========================================================================
Received Import Request.
  Time since last request: 0.000021 seconds.
  path: Assets/Modern tiles_Free/Interiors_free/32x32/Interiors_free_32x32_489.asset
  importAddress: Guid(a73d3f712c3c2db4fbb79bb29e5dc52a) Importer(2089858483,b0f066a214c2f5e87bad3c948f4d605d)
Start importing Assets/Modern tiles_Free/Interiors_free/32x32/Interiors_free_32x32_489.asset using Guid(a73d3f712c3c2db4fbb79bb29e5dc52a) Importer(2089858483,b0f066a214c2f5e87bad3c948f4d605d) (ScriptedImporter) -> (Import Result ID: '6eb6bc3e928977867e6376493b048d83') in 0.0089637 seconds [static and dynamic dependencies]. Details - ImportResultOutputID=fcf50de5479b5ff7e016ee9253e7b78b DependenciesID=17e4fc2629e92b1fdfe22f121abfae5c StaticDependenciesID=290f79e8287ede16ea74b7b419f58b1d 
Number of updated asset objects reloaded before import = 0Number of asset objects unloaded after import = 2

========================================================================
Received Import Request.
  Time since last request: 0.000021 seconds.
  path: Assets/Modern tiles_Free/Interiors_free/32x32/Interiors_free_32x32_22.asset
  importAddress: Guid(91f2aa6e5d8d5434287a12731ab39fd0) Importer(2089858483,b0f066a214c2f5e87bad3c948f4d605d)
Start importing Assets/Modern tiles_Free/Interiors_free/32x32/Interiors_free_32x32_22.asset using Guid(91f2aa6e5d8d5434287a12731ab39fd0) Importer(2089858483,b0f066a214c2f5e87bad3c948f4d605d) (ScriptedImporter) -> (Import Result ID: '914669dfc10089dda71f4ae3dc31fc3c') in 0.009118 seconds [static and dynamic dependencies]. Details - ImportResultOutputID=f33d6a61257bbd90f1f0180abded83ae DependenciesID=3139e352a5c8c078030c5f85dfa2a754 StaticDependenciesID=cb1826fcdf74ab6d735e335a915a6405 
Number of updated asset objects reloaded before import = 0Number of asset objects unloaded after import = 2

========================================================================
Received Import Request.
  Time since last request: 0.000024 seconds.
  path: Assets/Modern tiles_Free/Interiors_free/32x32/Interiors_free_32x32_646.asset
  importAddress: Guid(83f779b59f3e4c04bbc30f9d6c4e6afc) Importer(2089858483,b0f066a214c2f5e87bad3c948f4d605d)
Start importing Assets/Modern tiles_Free/Interiors_free/32x32/Interiors_free_32x32_646.asset using Guid(83f779b59f3e4c04bbc30f9d6c4e6afc) Importer(2089858483,b0f066a214c2f5e87bad3c948f4d605d) (ScriptedImporter) -> (Import Result ID: '31695f60d7194599a216f4f3b63ac03d') in 0.0093045 seconds [static and dynamic dependencies]. Details - ImportResultOutputID=88628499169204b8f8d25f2b8ed00453 DependenciesID=598eaa914459abeb253b422df457fdf5 StaticDependenciesID=ea53910e8eca0313af0ec9d58e3ea89c 
Number of updated asset objects reloaded before import = 0Number of asset objects unloaded after import = 2

========================================================================
Received Import Request.
  Time since last request: 0.000015 seconds.
  path: Assets/Modern tiles_Free/Interiors_free/32x32/Interiors_free_32x32_980.asset
  importAddress: Guid(6be6ecc6043d4d348b2628bb5ae24ddc) Importer(2089858483,b0f066a214c2f5e87bad3c948f4d605d)
Start importing Assets/Modern tiles_Free/Interiors_free/32x32/Interiors_free_32x32_980.asset using Guid(6be6ecc6043d4d348b2628bb5ae24ddc) Importer(2089858483,b0f066a214c2f5e87bad3c948f4d605d) (ScriptedImporter) -> (Import Result ID: '3c3602eaaa0e9e03d16eebf4f4a5b980') in 0.0088031 seconds [static and dynamic dependencies]. Details - ImportResultOutputID=e1234b34bfdb39084e547f27cb47f545 DependenciesID=2dd65f71a18bef108527f3f57cae4326 StaticDependenciesID=18ff6207db68a47059cee72317d59b1b 
Number of updated asset objects reloaded before import = 0Number of asset objects unloaded after import = 2

========================================================================
Received Import Request.
  Time since last request: 0.000013 seconds.
  path: Assets/Modern tiles_Free/Interiors_free/32x32/Interiors_free_32x32_674.asset
  importAddress: Guid(610df21a41bf6c541a59976c268c586e) Importer(2089858483,b0f066a214c2f5e87bad3c948f4d605d)
Start importing Assets/Modern tiles_Free/Interiors_free/32x32/Interiors_free_32x32_674.asset using Guid(610df21a41bf6c541a59976c268c586e) Importer(2089858483,b0f066a214c2f5e87bad3c948f4d605d) (ScriptedImporter) -> (Import Result ID: '846151e1fa2142f4581ed77c233fc59a') in 0.0095027 seconds [static and dynamic dependencies]. Details - ImportResultOutputID=3028eb6a4dcc5dd1124b119d392cbde5 DependenciesID=bf7454410fe66e4f31207637f64e5fea StaticDependenciesID=4e292c00e6176c9b24d4365238f58a2c 
Number of updated asset objects reloaded before import = 0Number of asset objects unloaded after import = 2

========================================================================
Received Import Request.
  Time since last request: 0.000019 seconds.
  path: Assets/Modern tiles_Free/Interiors_free/32x32/Interiors_free_32x32_617.asset
  importAddress: Guid(4a6ea1df0b66f044fae03aa653c8929f) Importer(2089858483,b0f066a214c2f5e87bad3c948f4d605d)
Start importing Assets/Modern tiles_Free/Interiors_free/32x32/Interiors_free_32x32_617.asset using Guid(4a6ea1df0b66f044fae03aa653c8929f) Importer(2089858483,b0f066a214c2f5e87bad3c948f4d605d) (ScriptedImporter) -> (Import Result ID: 'c5ed25d2bfafc13b4a0b27a789cb7d3a') in 0.0085499 seconds [static and dynamic dependencies]. Details - ImportResultOutputID=fa8221a9e9b5897b9c4dba1b676f54d9 DependenciesID=f1b65191aef726e1a578448b9a0e22be StaticDependenciesID=2329daabb53f734f04d2e9c3a258c163 
Number of updated asset objects reloaded before import = 0Number of asset objects unloaded after import = 2

========================================================================
Received Import Request.
  Time since last request: 0.000014 seconds.
  path: Assets/Modern tiles_Free/Interiors_free/32x32/Interiors_free_32x32_667.asset
  importAddress: Guid(47a05dff443f1724bb191bffbfeb38a4) Importer(2089858483,b0f066a214c2f5e87bad3c948f4d605d)
Start importing Assets/Modern tiles_Free/Interiors_free/32x32/Interiors_free_32x32_667.asset using Guid(47a05dff443f1724bb191bffbfeb38a4) Importer(2089858483,b0f066a214c2f5e87bad3c948f4d605d) (ScriptedImporter) -> (Import Result ID: '327c94d6d8045f54130953bfaae091e1') in 0.0092439 seconds [static and dynamic dependencies]. Details - ImportResultOutputID=16433f87423bce26559721b6b66989ee DependenciesID=7c6255443e5feaae7e956bded385784b StaticDependenciesID=256b62af99454022f4c7ce70f1c80fae 
Number of updated asset objects reloaded before import = 0Number of asset objects unloaded after import = 2

========================================================================
Received Import Request.
  Time since last request: 0.000018 seconds.
  path: Assets/Modern tiles_Free/Interiors_free/32x32/Interiors_free_32x32_954.asset
  importAddress: Guid(f6561b106eafd2746a155bbd21c3c749) Importer(2089858483,b0f066a214c2f5e87bad3c948f4d605d)
Start importing Assets/Modern tiles_Free/Interiors_free/32x32/Interiors_free_32x32_954.asset using Guid(f6561b106eafd2746a155bbd21c3c749) Importer(2089858483,b0f066a214c2f5e87bad3c948f4d605d) (ScriptedImporter) -> (Import Result ID: '3b663330bb289dbc6ae00f906e11cd33') in 0.008929 seconds [static and dynamic dependencies]. Details - ImportResultOutputID=bdd34e61d735a8fa045d4bdd4fb7cda0 DependenciesID=f265fc99ff1a0485055709776f2622a5 StaticDependenciesID=c82f1653d935c49c5d0b8da13b8a09da 
Number of updated asset objects reloaded before import = 0Number of asset objects unloaded after import = 2

========================================================================
Received Import Request.
  Time since last request: 0.000014 seconds.
  path: Assets/Modern tiles_Free/Interiors_free/32x32/Interiors_free_32x32_45.asset
  importAddress: Guid(83465e76cfbcc794fb915ad7c9ad9b81) Importer(2089858483,b0f066a214c2f5e87bad3c948f4d605d)
Start importing Assets/Modern tiles_Free/Interiors_free/32x32/Interiors_free_32x32_45.asset using Guid(83465e76cfbcc794fb915ad7c9ad9b81) Importer(2089858483,b0f066a214c2f5e87bad3c948f4d605d) (ScriptedImporter) -> (Import Result ID: 'cbd967213d71573dc58fab248710ec32') in 0.0086077 seconds [static and dynamic dependencies]. Details - ImportResultOutputID=91b4fa517ef4f7429901e7130a383f78 DependenciesID=68d5b90ed97512d781af0fd07618cabc StaticDependenciesID=c55802b23ff1eb9529f43eec5b7716d5 
Number of updated asset objects reloaded before import = 0Number of asset objects unloaded after import = 2

========================================================================
Received Import Request.
  Time since last request: 0.000018 seconds.
  path: Assets/Modern tiles_Free/Interiors_free/32x32/Interiors_free_32x32_820.asset
  importAddress: Guid(3e86fe8031f3be749bbd8d0e89b8e8ca) Importer(2089858483,b0f066a214c2f5e87bad3c948f4d605d)
Start importing Assets/Modern tiles_Free/Interiors_free/32x32/Interiors_free_32x32_820.asset using Guid(3e86fe8031f3be749bbd8d0e89b8e8ca) Importer(2089858483,b0f066a214c2f5e87bad3c948f4d605d) (ScriptedImporter) -> (Import Result ID: '12d837b53e868b834edee854cc602268') in 0.0088185 seconds [static and dynamic dependencies]. Details - ImportResultOutputID=48728f92251c594ef7c85fde1d451bee DependenciesID=75a35f3e9948d546728ecfb2287176f8 StaticDependenciesID=8ab0ed057992bc17efafcde5cbb33985 
Number of updated asset objects reloaded before import = 0Number of asset objects unloaded after import = 2

========================================================================
Received Import Request.
  Time since last request: 0.000015 seconds.
  path: Assets/Modern tiles_Free/Interiors_free/32x32/Interiors_free_32x32_351.asset
  importAddress: Guid(989ce3fb8614bc54d94560450e46cab0) Importer(2089858483,b0f066a214c2f5e87bad3c948f4d605d)
Start importing Assets/Modern tiles_Free/Interiors_free/32x32/Interiors_free_32x32_351.asset using Guid(989ce3fb8614bc54d94560450e46cab0) Importer(2089858483,b0f066a214c2f5e87bad3c948f4d605d) (ScriptedImporter) -> (Import Result ID: '7ffbd0c00e2c091b9a18200f01330c69') in 0.0085553 seconds [static and dynamic dependencies]. Details - ImportResultOutputID=cbace493c182694316d3fdbd954e48dc DependenciesID=4dc0e673f0210840224671a80a9f926f StaticDependenciesID=ed17a6be63666376fa98cf65a7ff52f2 
Number of updated asset objects reloaded before import = 0Number of asset objects unloaded after import = 2

========================================================================
Received Import Request.
  Time since last request: 0.000014 seconds.
  path: Assets/Modern tiles_Free/Interiors_free/32x32/New Palette.prefab
  importAddress: Guid(63aaf4812191029438c9fcbe2e366059) Importer(2089858483,b0f066a214c2f5e87bad3c948f4d605d)
Start importing Assets/Modern tiles_Free/Interiors_free/32x32/New Palette.prefab using Guid(63aaf4812191029438c9fcbe2e366059) Importer(2089858483,b0f066a214c2f5e87bad3c948f4d605d) (ScriptedImporter) -> (Import Result ID: 'ae703d1c9db95dc91bc711269c450318') in 0.0715136 seconds [static and dynamic dependencies]. Details - ImportResultOutputID=3011ae9a198bb811ab28de0eeb1fef1d DependenciesID=c5ed523f80e43699d27b7632eca77312 StaticDependenciesID=a9acb50f926fbd63bc44d97a1474ead1 
Number of updated asset objects reloaded before import = 0Number of asset objects unloaded after import = 10

========================================================================
Received Import Request.
  Time since last request: 0.000018 seconds.
  path: Assets/Modern tiles_Free/Interiors_free/32x32/Interiors_free_32x32_490.asset
  importAddress: Guid(58bd2e96d1beb7a4686f369b9ecfab25) Importer(2089858483,b0f066a214c2f5e87bad3c948f4d605d)
Start importing Assets/Modern tiles_Free/Interiors_free/32x32/Interiors_free_32x32_490.asset using Guid(58bd2e96d1beb7a4686f369b9ecfab25) Importer(2089858483,b0f066a214c2f5e87bad3c948f4d605d) (ScriptedImporter) -> (Import Result ID: '35721c4912f6de799d897946e57cbf7b') in 0.0107172 seconds [static and dynamic dependencies]. Details - ImportResultOutputID=3b3489bb716c6697b9956d655aaed97b DependenciesID=6312b4f7e593e8773500523fd995195e StaticDependenciesID=83391f3d016df0f7965d381c4b217191 
Number of updated asset objects reloaded before import = 0Number of asset objects unloaded after import = 2

========================================================================
Received Import Request.
  Time since last request: 0.000016 seconds.
  path: Assets/Modern tiles_Free/Interiors_free/32x32/Interiors_free_32x32_388.asset
  importAddress: Guid(ecae28ecdb7d8c046a20cee4b8e7d619) Importer(2089858483,b0f066a214c2f5e87bad3c948f4d605d)
Start importing Assets/Modern tiles_Free/Interiors_free/32x32/Interiors_free_32x32_388.asset using Guid(ecae28ecdb7d8c046a20cee4b8e7d619) Importer(2089858483,b0f066a214c2f5e87bad3c948f4d605d) (ScriptedImporter) -> (Import Result ID: 'b8f01733e459f1212b7ab5e484d883b4') in 0.0083791 seconds [static and dynamic dependencies]. Details - ImportResultOutputID=06bc0ed13f8aa7313a278ee22264cab3 DependenciesID=25420febf5b41e52806df5f509926cdb StaticDependenciesID=6a166a39ad3819176ae60cbbd01e3936 
Number of updated asset objects reloaded before import = 0Number of asset objects unloaded after import = 2

========================================================================
Received Import Request.
  Time since last request: 0.000016 seconds.
  path: Assets/Modern tiles_Free/Interiors_free/32x32/Interiors_free_32x32_738.asset
  importAddress: Guid(b36304619055a3a4bacdef31289bc823) Importer(2089858483,b0f066a214c2f5e87bad3c948f4d605d)
Start importing Assets/Modern tiles_Free/Interiors_free/32x32/Interiors_free_32x32_738.asset using Guid(b36304619055a3a4bacdef31289bc823) Importer(2089858483,b0f066a214c2f5e87bad3c948f4d605d) (ScriptedImporter) -> (Import Result ID: '917f9dd623e1b5f53de3bd001c36b758') in 0.0089342 seconds [static and dynamic dependencies]. Details - ImportResultOutputID=12ad873f79ffd21cdf4e7f87229c27ed DependenciesID=ed02768a008255c7c5cd6c139f42702d StaticDependenciesID=9bca1ccc580687f0f66cb05c2e018509 
Number of updated asset objects reloaded before import = 0Number of asset objects unloaded after import = 2

========================================================================
Received Import Request.
  Time since last request: 0.000029 seconds.
  path: Assets/Modern tiles_Free/Interiors_free/32x32/Interiors_free_32x32_508.asset
  importAddress: Guid(5f05a6e227f3bc24a875132402adad13) Importer(2089858483,b0f066a214c2f5e87bad3c948f4d605d)
Start importing Assets/Modern tiles_Free/Interiors_free/32x32/Interiors_free_32x32_508.asset using Guid(5f05a6e227f3bc24a875132402adad13) Importer(2089858483,b0f066a214c2f5e87bad3c948f4d605d) (ScriptedImporter) -> (Import Result ID: '83cc70bb361b623a108ce7bce685aae2') in 0.00905 seconds [static and dynamic dependencies]. Details - ImportResultOutputID=e0d8036b169e006ab76305b89a54ed9f DependenciesID=c9f78fbb31f6ebdc8dc82037079c4591 StaticDependenciesID=fdc1c85ba8423118de2861601fc4f2c2 
Number of updated asset objects reloaded before import = 0Number of asset objects unloaded after import = 2

========================================================================
Received Import Request.
  Time since last request: 0.000013 seconds.
  path: Assets/Modern tiles_Free/Interiors_free/32x32/Interiors_free_32x32_512.asset
  importAddress: Guid(23ff5e0a2910e3f43b46817eb620d148) Importer(2089858483,b0f066a214c2f5e87bad3c948f4d605d)
Start importing Assets/Modern tiles_Free/Interiors_free/32x32/Interiors_free_32x32_512.asset using Guid(23ff5e0a2910e3f43b46817eb620d148) Importer(2089858483,b0f066a214c2f5e87bad3c948f4d605d) (ScriptedImporter) -> (Import Result ID: 'c0b27ab691204aeedba50cef3498731b') in 0.0085426 seconds [static and dynamic dependencies]. Details - ImportResultOutputID=0bd14d5b12e1e4e3236237314a993322 DependenciesID=b8bc625b0099286d6310df8c12c4a5af StaticDependenciesID=98616f5af30d843dbdd5a16f0a28d2db 
Number of updated asset objects reloaded before import = 0Number of asset objects unloaded after import = 2

========================================================================
Received Import Request.
  Time since last request: 0.000022 seconds.
  path: Assets/Modern tiles_Free/Interiors_free/32x32/Interiors_free_32x32_55.asset
  importAddress: Guid(a6a23707ffbc4484aaefe7e18faedf10) Importer(2089858483,b0f066a214c2f5e87bad3c948f4d605d)
Start importing Assets/Modern tiles_Free/Interiors_free/32x32/Interiors_free_32x32_55.asset using Guid(a6a23707ffbc4484aaefe7e18faedf10) Importer(2089858483,b0f066a214c2f5e87bad3c948f4d605d) (ScriptedImporter) -> (Import Result ID: '67170a4c0ff9ed1ee396e78c60a95244') in 0.0090058 seconds [static and dynamic dependencies]. Details - ImportResultOutputID=a096ef853a54ac0f8ba51b00c3ac7d86 DependenciesID=7f0eb002ebabf4bce29ba3bbe0d89208 StaticDependenciesID=b8868af0f49e26a9455707f50d20f2ca 
Number of updated asset objects reloaded before import = 0Number of asset objects unloaded after import = 2

========================================================================
Received Import Request.
  Time since last request: 0.000026 seconds.
  path: Assets/Modern tiles_Free/Interiors_free/32x32/Interiors_free_32x32_893.asset
  importAddress: Guid(2619b56c95c699343a26d75f973b538b) Importer(2089858483,b0f066a214c2f5e87bad3c948f4d605d)
Start importing Assets/Modern tiles_Free/Interiors_free/32x32/Interiors_free_32x32_893.asset using Guid(2619b56c95c699343a26d75f973b538b) Importer(2089858483,b0f066a214c2f5e87bad3c948f4d605d) (ScriptedImporter) -> (Import Result ID: 'b8a453a52949722ca4290bf318b21233') in 0.0088889 seconds [static and dynamic dependencies]. Details - ImportResultOutputID=07c8b82a54b00cb4030ecf7077bcf034 DependenciesID=788c19fccf7ad734a410249e701a79d2 StaticDependenciesID=6d2df5582121944d5aa98ebc87d54bd4 
Number of updated asset objects reloaded before import = 0Number of asset objects unloaded after import = 2

========================================================================
Received Import Request.
  Time since last request: 0.000013 seconds.
  path: Assets/Modern tiles_Free/Interiors_free/32x32/Interiors_free_32x32_1184.asset
  importAddress: Guid(d46892edaefa7d3489d0c57bbe8234cf) Importer(2089858483,b0f066a214c2f5e87bad3c948f4d605d)
Start importing Assets/Modern tiles_Free/Interiors_free/32x32/Interiors_free_32x32_1184.asset using Guid(d46892edaefa7d3489d0c57bbe8234cf) Importer(2089858483,b0f066a214c2f5e87bad3c948f4d605d) (ScriptedImporter) -> (Import Result ID: '4115656a55dcf1f9736d3f77c5faabf2') in 0.0093874 seconds [static and dynamic dependencies]. Details - ImportResultOutputID=9e54f079627bd9da8c2a1a645b0cbef5 DependenciesID=4d025c27e14b8d8b8133f51543051c41 StaticDependenciesID=8711ccbdb036f60ee92d4f13a3993efb 
Number of updated asset objects reloaded before import = 0Number of asset objects unloaded after import = 2

========================================================================
Received Import Request.
  Time since last request: 0.000016 seconds.
  path: Assets/Modern tiles_Free/Interiors_free/32x32/Interiors_free_32x32_1158.asset
  importAddress: Guid(5c2d3d43cb000d74ab53a90fdc557e91) Importer(2089858483,b0f066a214c2f5e87bad3c948f4d605d)
Start importing Assets/Modern tiles_Free/Interiors_free/32x32/Interiors_free_32x32_1158.asset using Guid(5c2d3d43cb000d74ab53a90fdc557e91) Importer(2089858483,b0f066a214c2f5e87bad3c948f4d605d) (ScriptedImporter) -> (Import Result ID: '9f1b9567d79799f694e0d4da606eb5b2') in 0.0082173 seconds [static and dynamic dependencies]. Details - ImportResultOutputID=31f85d336b51e275828ade532a79452a DependenciesID=64ceda6eddfc754a63146db787238523 StaticDependenciesID=7b7df1205df6a092c39567df96118c39 
Number of updated asset objects reloaded before import = 0Number of asset objects unloaded after import = 2

========================================================================
Received Import Request.
  Time since last request: 0.000016 seconds.
  path: Assets/Modern tiles_Free/Interiors_free/32x32/Interiors_free_32x32_719.asset
  importAddress: Guid(137aaf680bab47046843b1919368baeb) Importer(2089858483,b0f066a214c2f5e87bad3c948f4d605d)
Start importing Assets/Modern tiles_Free/Interiors_free/32x32/Interiors_free_32x32_719.asset using Guid(137aaf680bab47046843b1919368baeb) Importer(2089858483,b0f066a214c2f5e87bad3c948f4d605d) (ScriptedImporter) -> (Import Result ID: 'e29ec549f216e14034945a5e8a13e7fd') in 0.008775 seconds [static and dynamic dependencies]. Details - ImportResultOutputID=db50777f7812837f0a3e288ff28b0156 DependenciesID=6b02715a0f5c5997355c58800fa244ae StaticDependenciesID=96027a0f46ef181ff203782c0329055d 
Number of updated asset objects reloaded before import = 0Number of asset objects unloaded after import = 2

========================================================================
Received Import Request.
  Time since last request: 0.000022 seconds.
  path: Assets/Modern tiles_Free/Interiors_free/32x32/Interiors_free_32x32_393.asset
  importAddress: Guid(1450e54e4c0ea2f4caeccceb6c061136) Importer(2089858483,b0f066a214c2f5e87bad3c948f4d605d)
Start importing Assets/Modern tiles_Free/Interiors_free/32x32/Interiors_free_32x32_393.asset using Guid(1450e54e4c0ea2f4caeccceb6c061136) Importer(2089858483,b0f066a214c2f5e87bad3c948f4d605d) (ScriptedImporter) -> (Import Result ID: 'a2dddf89050550ed92e0370b4752cee8') in 0.0089801 seconds [static and dynamic dependencies]. Details - ImportResultOutputID=e3582995ba5cd10778d60ad15c756b0a DependenciesID=3858d663a26bc9c691f04ff821e64a74 StaticDependenciesID=8acafc536101de7c8a729214e5483379 
Number of updated asset objects reloaded before import = 0Number of asset objects unloaded after import = 2

========================================================================
Received Import Request.
  Time since last request: 0.000014 seconds.
  path: Assets/Modern tiles_Free/Interiors_free/32x32/Interiors_free_32x32_360.asset
  importAddress: Guid(67d0d022a2709304e8492c5f9da5ee3c) Importer(2089858483,b0f066a214c2f5e87bad3c948f4d605d)
Start importing Assets/Modern tiles_Free/Interiors_free/32x32/Interiors_free_32x32_360.asset using Guid(67d0d022a2709304e8492c5f9da5ee3c) Importer(2089858483,b0f066a214c2f5e87bad3c948f4d605d) (ScriptedImporter) -> (Import Result ID: 'a27d85c64c75855fb8afa563392a64f6') in 0.0088981 seconds [static and dynamic dependencies]. Details - ImportResultOutputID=39dfd2037f19d7b2b7fbf8fd1251c342 DependenciesID=63c2cfa91fee2ad17aa44143a0bf66cd StaticDependenciesID=5ac84047a39f31064bb551da26cfe31d 
Number of updated asset objects reloaded before import = 0Number of asset objects unloaded after import = 2

========================================================================
Received Import Request.
  Time since last request: 0.000016 seconds.
  path: Assets/Modern tiles_Free/Interiors_free/32x32/Interiors_free_32x32_442.asset
  importAddress: Guid(d4cb0d7515313d24ab169852980f8027) Importer(2089858483,b0f066a214c2f5e87bad3c948f4d605d)
Start importing Assets/Modern tiles_Free/Interiors_free/32x32/Interiors_free_32x32_442.asset using Guid(d4cb0d7515313d24ab169852980f8027) Importer(2089858483,b0f066a214c2f5e87bad3c948f4d605d) (ScriptedImporter) -> (Import Result ID: '48c00b14442843ac03092e4c87cc0c79') in 0.0090613 seconds [static and dynamic dependencies]. Details - ImportResultOutputID=443f02ad8f42e9d399915faac972b90f DependenciesID=1da8cbc5b9da6a800fc0badc5f058d0d StaticDependenciesID=17088cef1f065ceef4a2d832c1e9061c 
Number of updated asset objects reloaded before import = 0Number of asset objects unloaded after import = 2

========================================================================
Received Import Request.
  Time since last request: 0.000015 seconds.
  path: Assets/Modern tiles_Free/Interiors_free/32x32/Interiors_free_32x32_675.asset
  importAddress: Guid(3a4c35c31916b8a48aac3dba313322f9) Importer(2089858483,b0f066a214c2f5e87bad3c948f4d605d)
Start importing Assets/Modern tiles_Free/Interiors_free/32x32/Interiors_free_32x32_675.asset using Guid(3a4c35c31916b8a48aac3dba313322f9) Importer(2089858483,b0f066a214c2f5e87bad3c948f4d605d) (ScriptedImporter) -> (Import Result ID: 'e7653e19f76b6deac716576c2a25b393') in 0.0090244 seconds [static and dynamic dependencies]. Details - ImportResultOutputID=1d7bd8d99700ff7d37e8789b8ccaf6bf DependenciesID=7b846c45403447cb531aa7e82e53ce57 StaticDependenciesID=399b19d88a5ca371f23d46581abc81ba 
Number of updated asset objects reloaded before import = 0Number of asset objects unloaded after import = 2

========================================================================
Received Import Request.
  Time since last request: 0.000015 seconds.
  path: Assets/Modern tiles_Free/Interiors_free/32x32/Interiors_free_32x32_532.asset
  importAddress: Guid(5df5023a1b221d943996429dc4456364) Importer(2089858483,b0f066a214c2f5e87bad3c948f4d605d)
Start importing Assets/Modern tiles_Free/Interiors_free/32x32/Interiors_free_32x32_532.asset using Guid(5df5023a1b221d943996429dc4456364) Importer(2089858483,b0f066a214c2f5e87bad3c948f4d605d) (ScriptedImporter) -> (Import Result ID: '9753c74c0d1c0f281e423455abd0b4b6') in 0.022121 seconds [static and dynamic dependencies]. Details - ImportResultOutputID=7c936dba2a0e1e46867345a99d3417b1 DependenciesID=f4daeed2ce165db5a0988c47ee4d4cc1 StaticDependenciesID=6deb246c34c00868415653b623a453da 
Number of updated asset objects reloaded before import = 0Number of asset objects unloaded after import = 2

========================================================================
Received Import Request.
  Time since last request: 0.000015 seconds.
  path: Assets/Modern tiles_Free/Interiors_free/32x32/Interiors_free_32x32_1216.asset
  importAddress: Guid(c495dfa2595f7ba42bd8a188c09ba278) Importer(2089858483,b0f066a214c2f5e87bad3c948f4d605d)
Start importing Assets/Modern tiles_Free/Interiors_free/32x32/Interiors_free_32x32_1216.asset using Guid(c495dfa2595f7ba42bd8a188c09ba278) Importer(2089858483,b0f066a214c2f5e87bad3c948f4d605d) (ScriptedImporter) -> (Import Result ID: '50467574d6c10cc021054fc33b53b659') in 0.0088723 seconds [static and dynamic dependencies]. Details - ImportResultOutputID=63414c547193d34c3e7859f17afa1c93 DependenciesID=161096699c48fec626f360cf3cddcf49 StaticDependenciesID=27a4686e2bbe5e76bcdbf7712d411a87 
Number of updated asset objects reloaded before import = 0Number of asset objects unloaded after import = 2

========================================================================
Received Import Request.
  Time since last request: 0.000018 seconds.
  path: Assets/Modern tiles_Free/Interiors_free/32x32/Interiors_free_32x32_61.asset
  importAddress: Guid(5d4f2e494d3d2114e865f64fe620ae31) Importer(2089858483,b0f066a214c2f5e87bad3c948f4d605d)
Start importing Assets/Modern tiles_Free/Interiors_free/32x32/Interiors_free_32x32_61.asset using Guid(5d4f2e494d3d2114e865f64fe620ae31) Importer(2089858483,b0f066a214c2f5e87bad3c948f4d605d) (ScriptedImporter) -> (Import Result ID: '3bbce8db055389ac66e6cbefe4eb9a6a') in 0.009209 seconds [static and dynamic dependencies]. Details - ImportResultOutputID=75bf6f0496d6e9d6b2c0dd1bd47b67b3 DependenciesID=4e4b33d06500d8509cbd0af35baa974c StaticDependenciesID=b3d2d5a96e3dffde094a119d224d7049 
Number of updated asset objects reloaded before import = 0Number of asset objects unloaded after import = 2

========================================================================
Received Import Request.
  Time since last request: 0.000013 seconds.
  path: Assets/Modern tiles_Free/Interiors_free/32x32/Interiors_free_32x32_126.asset
  importAddress: Guid(7c50ff4b904121a49b5bc949f074c9cb) Importer(2089858483,b0f066a214c2f5e87bad3c948f4d605d)
Start importing Assets/Modern tiles_Free/Interiors_free/32x32/Interiors_free_32x32_126.asset using Guid(7c50ff4b904121a49b5bc949f074c9cb) Importer(2089858483,b0f066a214c2f5e87bad3c948f4d605d) (ScriptedImporter) -> (Import Result ID: '3a35c713c4021f35d28580f1bde242cd') in 0.0085226 seconds [static and dynamic dependencies]. Details - ImportResultOutputID=57b4cf0e9d30d3c2a91e9e118c1d358a DependenciesID=c834015d4a400d05ce73b2833cedd16d StaticDependenciesID=d65683469b8f7c3af2252be278782c63 
Number of updated asset objects reloaded before import = 0Number of asset objects unloaded after import = 2

========================================================================
Received Import Request.
  Time since last request: 0.000024 seconds.
  path: Assets/Modern tiles_Free/Interiors_free/32x32/Interiors_free_32x32_885.asset
  importAddress: Guid(b22425d4374dd424c96d6629fe90b3da) Importer(2089858483,b0f066a214c2f5e87bad3c948f4d605d)
Start importing Assets/Modern tiles_Free/Interiors_free/32x32/Interiors_free_32x32_885.asset using Guid(b22425d4374dd424c96d6629fe90b3da) Importer(2089858483,b0f066a214c2f5e87bad3c948f4d605d) (ScriptedImporter) -> (Import Result ID: '7163dc5805d629cb27c14a01aec1ab0f') in 0.0092432 seconds [static and dynamic dependencies]. Details - ImportResultOutputID=d6ecd6e05726b33f98d06a4e35722a51 DependenciesID=e0865d910b59ba02d3ef8c1608a30d48 StaticDependenciesID=0c4f09fb4df84716d1c5d55e1ca7412c 
Number of updated asset objects reloaded before import = 0Number of asset objects unloaded after import = 2

========================================================================
Received Import Request.
  Time since last request: 0.000015 seconds.
  path: Assets/Modern tiles_Free/Interiors_free/32x32/Interiors_free_32x32_1162.asset
  importAddress: Guid(7acaea7059f3582468668485860427e9) Importer(2089858483,b0f066a214c2f5e87bad3c948f4d605d)
Start importing Assets/Modern tiles_Free/Interiors_free/32x32/Interiors_free_32x32_1162.asset using Guid(7acaea7059f3582468668485860427e9) Importer(2089858483,b0f066a214c2f5e87bad3c948f4d605d) (ScriptedImporter) -> (Import Result ID: 'f5f9a2b658c231500aff4716e1c41959') in 0.0085615 seconds [static and dynamic dependencies]. Details - ImportResultOutputID=409c99cb593c8e58907bce55bfc05114 DependenciesID=d9f3b835c99289ba2fb0613e44e3c04a StaticDependenciesID=a829a27f6933ffafc0e3b0b58fdb9f20 
Number of updated asset objects reloaded before import = 0Number of asset objects unloaded after import = 2

========================================================================
Received Import Request.
  Time since last request: 0.000014 seconds.
  path: Assets/Modern tiles_Free/Interiors_free/32x32/Interiors_free_32x32_349.asset
  importAddress: Guid(89bfd22e49fd85f4ea4fb2088d495ba6) Importer(2089858483,b0f066a214c2f5e87bad3c948f4d605d)
Start importing Assets/Modern tiles_Free/Interiors_free/32x32/Interiors_free_32x32_349.asset using Guid(89bfd22e49fd85f4ea4fb2088d495ba6) Importer(2089858483,b0f066a214c2f5e87bad3c948f4d605d) (ScriptedImporter) -> (Import Result ID: '833cbf136ae214008e3bbb6704b248c1') in 0.0088143 seconds [static and dynamic dependencies]. Details - ImportResultOutputID=b30fb2d998536f9cee2ab5f6f915458c DependenciesID=8bfe5450854d9c42edd4a85cb167e1f9 StaticDependenciesID=62c0b3cb95418978a9e8cba5998f4b46 
Number of updated asset objects reloaded before import = 0Number of asset objects unloaded after import = 2

========================================================================
Received Import Request.
  Time since last request: 0.000022 seconds.
  path: Assets/Modern tiles_Free/Interiors_free/32x32/Interiors_free_32x32_952.asset
  importAddress: Guid(ebef06b643fd58242b27d49b28573c90) Importer(2089858483,b0f066a214c2f5e87bad3c948f4d605d)
Start importing Assets/Modern tiles_Free/Interiors_free/32x32/Interiors_free_32x32_952.asset using Guid(ebef06b643fd58242b27d49b28573c90) Importer(2089858483,b0f066a214c2f5e87bad3c948f4d605d) (ScriptedImporter) -> (Import Result ID: '6fca20b3e23ea94bdbf6f34119a40338') in 0.0090447 seconds [static and dynamic dependencies]. Details - ImportResultOutputID=a155c4a93220b9154987bf42fccfff48 DependenciesID=1ecf676fcfe9181b86525875eeb4a02e StaticDependenciesID=a77a3eeb5afd833e9865651f15323c66 
Number of updated asset objects reloaded before import = 0Number of asset objects unloaded after import = 2

========================================================================
Received Import Request.
  Time since last request: 0.000020 seconds.
  path: Assets/Modern tiles_Free/Interiors_free/32x32/Interiors_free_32x32_992.asset
  importAddress: Guid(0b16ffe483e035a43ad7987a1c09ff77) Importer(2089858483,b0f066a214c2f5e87bad3c948f4d605d)
Start importing Assets/Modern tiles_Free/Interiors_free/32x32/Interiors_free_32x32_992.asset using Guid(0b16ffe483e035a43ad7987a1c09ff77) Importer(2089858483,b0f066a214c2f5e87bad3c948f4d605d) (ScriptedImporter) -> (Import Result ID: '79b2d498abd813d28f3dfff9af5b9d23') in 0.0094996 seconds [static and dynamic dependencies]. Details - ImportResultOutputID=70f0ef05a9a3203bf7ee16c4af8ba2c6 DependenciesID=54ebb795e5c587851b240f424eb5f5e7 StaticDependenciesID=65279ef9d90ef22aac6d582b3a89e653 
Number of updated asset objects reloaded before import = 0Number of asset objects unloaded after import = 2

Editor requested this worker to shutdown with reason: Scaling down because of idle timeout
AssetImportWorker is now disconnected from the server
Process exiting
Exiting without the bug reporter. Application will terminate with return code 0