[Licensing::Module] Trying to connect to existing licensing client channel...
Built from '6000.4/staging' branch; Version is '6000.4.6f1 (0b051c2e5d54) revision 722204'; Using compiler version '194234433'; Build Type 'Release'
OS: 'Windows 10  (10.0.19045) 64bit Professional' Language: 'tr' Physical Memory: 31913 MB
[Licensing::IpcConnector] Successfully connected to: "LicenseClient-Kau" at "2026-05-09T00:20:07.7772043Z"
BatchMode: 1, IsHumanControllingUs: 0, StartBugReporterOnCrash: 0, Is64bit: 1
System  architecture: x64
Process architecture: x64
Date: 2026-05-09T00:20:07Z

COMMAND LINE ARGUMENTS:
C:\Program Files\Unity\Hub\Editor\6000.4.6f1\Editor\Unity.exe
-adb2
-batchMode
-noUpm
-name
AssetImportWorker1
-projectPath
C:/Users/Kau/Documents/Purr
-logFile
Logs/AssetImportWorker1.log
-srvPort
53235
-licensingIpc
LicenseClient-Kau
-force-d3d12
-job-worker-count
7
-background-job-worker-count
8
-gc-helper-count
1
-name
AssetImport
Successfully changed project path to: C:/Users/Kau/Documents/Purr
C:/Users/Kau/Documents/Purr
[UnityMemory] Configuration Parameters - Can be set up in boot.config
    "memorysetup-temp-allocator-size-gi-baking-worker=262144"
    "memorysetup-temp-allocator-size-gi-baking-worker=262144"
    "memorysetup-temp-allocator-size-gi-baking-worker=262144"
    "memorysetup-temp-allocator-size-gi-baking-worker=262144"
    "memorysetup-temp-allocator-size-gi-baking-worker=262144"
    "memorysetup-temp-allocator-size-nav-mesh-worker=65536"
    "memorysetup-temp-allocator-size-audio-worker=65536"
    "memorysetup-temp-allocator-size-cloud-worker=32768"
    "memorysetup-temp-allocator-size-gfx=262144"
    "memorysetup-temp-allocator-size-preload-manager=33554432"
    "memorysetup-temp-allocator-size-job-worker=262144"
    "memorysetup-temp-allocator-size-background-worker=32768"
    "memorysetup-allocator-temp-initial-block-size-main=262144"
    "memorysetup-allocator-temp-initial-block-size-worker=262144"
    "memorysetup-bucket-allocator-granularity=16"
    "memorysetup-bucket-allocator-bucket-count=8"
    "memorysetup-bucket-allocator-block-size=33554432"
    "memorysetup-bucket-allocator-block-count=8"
    "memorysetup-main-allocator-block-size=16777216"
    "memorysetup-thread-allocator-block-size=16777216"
    "memorysetup-gfx-main-allocator-block-size=16777216"
    "memorysetup-gfx-thread-allocator-block-size=16777216"
    "memorysetup-cache-allocator-block-size=4194304"
    "memorysetup-typetree-allocator-block-size=2097152"
    "memorysetup-profiler-bucket-allocator-granularity=16"
    "memorysetup-profiler-bucket-allocator-bucket-count=8"
    "memorysetup-profiler-bucket-allocator-block-size=33554432"
    "memorysetup-profiler-bucket-allocator-block-count=8"
    "memorysetup-profiler-allocator-block-size=16777216"
    "memorysetup-profiler-editor-allocator-block-size=1048576"
    "memorysetup-temp-allocator-size-main=16777216"
    "memorysetup-job-temp-allocator-block-size=2097152"
    "memorysetup-job-temp-allocator-block-size-background=1048576"
    "memorysetup-job-temp-allocator-reduction-small-platforms=262144"
Player connection [28480]  Target information:

Player connection [28480]  * "[IP] 192.168.1.112 [Port] 0 [Flags] 2 [Guid] 2276626884 [EditorId] 2276626884 [Version] 1048832 [Id] WindowsEditor(7,DESKTOP-1LDONTU) [Debug] 1 [PackageName] WindowsEditor [ProjectName] Editor" 

Player connection [28480] Host joined multi-casting on [225.0.0.222:54997]...
Player connection [28480] Host joined alternative multi-casting on [225.0.0.222:34997]...
JobSystem: Creating JobQueue using job-worker-count value 7
Input System module state changed to: Initialized.
[Physics::Module] Initialized fallback backend.
[Physics::Module] Id: 0xdecafbad
Library Redirect Path: Library/
[Physics::Module] Selected backend.
[Physics::Module] Name: PhysX
[Physics::Module] Id: 0xf2b8ea05
[Physics::Module] SDK Version: 4.1.2
[Physics::Module] Integration Version: 1.0.0
[Physics::Module] Threading Mode: Multi-Threaded
Initialize engine version: 6000.4.6f1 (0b051c2e5d54)
[Subsystems] Discovering subsystems at path C:/Program Files/Unity/Hub/Editor/6000.4.6f1/Editor/Data/Resources/UnitySubsystems
[Subsystems] Discovering subsystems at path C:/Users/Kau/Documents/Purr/Assets
Forcing GfxDevice: Direct3D 12
GfxDevice: creating device client; kGfxThreadingModeNonThreaded
d3d12: failed to query info queue interface (0x80004002).
Direct3D:
    Version:         Direct3D 12 [level 12.2]
    Renderer:        AMD Radeon RX 7900 XT (ID=0x744c)
    Vendor:          ATI
    VRAM:            20420 MB
    App VRAM Budget: 19652 MB
    Driver:          32.0.23033.1002
Initialize mono
Mono path[0] = 'C:/Program Files/Unity/Hub/Editor/6000.4.6f1/Editor/Data/Managed'
Mono path[1] = 'C:/Program Files/Unity/Hub/Editor/6000.4.6f1/Editor/Data/MonoBleedingEdge/lib/mono/unityjit-win32'
Mono config path = 'C:/Program Files/Unity/Hub/Editor/6000.4.6f1/Editor/Data/MonoBleedingEdge/etc'
Using monoOptions --debugger-agent=transport=dt_socket,embedding=1,server=y,suspend=n,address=127.0.0.1:56840
CodeReloadManager initialized
Begin MonoManager ReloadAssembly
Registering precompiled unity dll's ...
Register platform support module: C:/Program Files/Unity/Hub/Editor/6000.4.6f1/Editor/Data/PlaybackEngines/WindowsStandaloneSupport/UnityEditor.WindowsStandalone.Extensions.dll
Registered in 0.002526 seconds.
[Licensing::Client] Error: HandshakeResponse reported an error:
	ResponseCode: 505
	ResponseStatus: Unsupported protocol version '1.18.1'.
[Licensing::Module] Error: Failed to handshake to channel: "LicenseClient-Kau"
[Licensing::IpcConnector] LicenseClient-Kau channel disconnected successfully.
[Licensing::IpcConnector] Successfully connected to: "LicenseClient-Kau-6000.4.6" at "2026-05-09T00:20:08.4920671Z"
[Licensing::Client] Code 10 while verifying Licensing Client signature (process Id: 24892, path: "C:/Program Files/Unity/Hub/Editor/6000.4.6f1/Editor/Data/Resources/Licensing/Client/Unity.Licensing.Client.exe")
[Licensing::Module] LicensingClient has failed validation; ignoring
[Licensing::Client] Handshaking with LicensingClient:
  Version:                 1.18.1+9fbee8e
  Session Id:              943ac05d216343358387507b41f363c5
  Correlation Id:          4882ad27388a41b2aed1335a189fdeba
  External correlation Id: 7498324095939501159
  Machine Id:              2DUGQgDOeg77MMAPeNxxI6bm/Cg=
[Licensing::Module] Successfully connected to LicensingClient on channel: "LicenseClient-Kau-6000.4.6" (connect: 0.00s, validation: 0.00s, handshake: 0.00s)
[Licensing::IpcConnector] Successfully connected to: "LicenseClient-Kau-6000.4.6-notifications" at "2026-05-09T00:20:08.5035719Z"
[Licensing::Module] Licensing Background thread has ended after 0.73s
Native extension for WindowsStandalone target not found
Package Manager log level set to [2]
[Package Manager] Failed to launch server process. Reason: Unity was launched with the -noUpm command-line argument
[Package Manager] Unable to send message (not connected to server process).
[Package Manager] Cannot connect to Unity Package Manager local server
ScheduleIndexationOnStartup MainProcess:False IndexOnStartup:True
Mono: successfully reloaded assembly
- Finished resetting the current domain, in  0.341 seconds
Domain Reload Profiling: 738ms
	BeginReloadAssembly (118ms)
	RebuildCommonClasses (34ms)
	RebuildNativeTypeToScriptingClass (12ms)
	initialDomainReloadingComplete (61ms)
	LoadAllAssembliesAndSetupDomain (173ms)
		LoadAssemblies (114ms)
		AnalyzeDomain (165ms)
			TypeCache.Refresh (164ms)
				TypeCache.ScanAssembly (152ms)
	FinalizeReload (342ms)
		SetupLoadedEditorAssemblies (0ms)
			InitializePlatformSupportModulesInManaged (33ms)
			BeforeProcessingInitializeOnLoad (75ms)
			ProcessInitializeOnLoadAttributes (104ms)
			ProcessInitializeOnLoadMethodAttributes (78ms)
========================================================================
Worker process is ready to serve import requests
Import Worker Mode flag is 0x00
Begin MonoManager ReloadAssembly
[Licensing::Client] Successfully resolved entitlement details
[Licensing::Module] License group:
  Id: 18968224920260-UnityPersXXXX
  Product: Unity Personal
  Type: Assigned
  Expiration: Unlimited
Assembly Assembly-CSharp-Editor-firstpass.dll at Library/ScriptAssemblies/Assembly-CSharp-Editor-firstpass.dll not valid. Loading of assembly skipped.
Assembly Assembly-CSharp-Editor.dll at Library/ScriptAssemblies/Assembly-CSharp-Editor.dll not valid. Loading of assembly skipped.
Assembly Assembly-CSharp-firstpass.dll at Library/ScriptAssemblies/Assembly-CSharp-firstpass.dll not valid. Loading of assembly skipped.
Assembly Assembly-CSharp.dll at Library/ScriptAssemblies/Assembly-CSharp.dll not valid. Loading of assembly skipped.
Assembly Unity.2D.PixelPerfect.Editor.Tests.dll at Library/ScriptAssemblies/Unity.2D.PixelPerfect.Editor.Tests.dll not valid. Loading of assembly skipped.
Assembly Unity.2D.Sprite.Package.EditorTests.dll at Library/ScriptAssemblies/Unity.2D.Sprite.Package.EditorTests.dll not valid. Loading of assembly skipped.
Assembly Unity.2D.Tilemap.Package.EditorTests.dll at Library/ScriptAssemblies/Unity.2D.Tilemap.Package.EditorTests.dll not valid. Loading of assembly skipped.
Assembly Unity.Multiplayer.Center.Editor.Tests.dll at Library/ScriptAssemblies/Unity.Multiplayer.Center.Editor.Tests.dll not valid. Loading of assembly skipped.
Assembly Unity.Multiplayer.Center.Tests.dll at Library/ScriptAssemblies/Unity.Multiplayer.Center.Tests.dll not valid. Loading of assembly skipped.
Native extension for WindowsStandalone target not found
[Package Manager] Failed to launch server process. Reason: Unity was launched with the -noUpm command-line argument
[Package Manager] Unable to send message (not connected to server process).
[Package Manager] Cannot connect to Unity Package Manager local server
ScheduleIndexationOnStartup MainProcess:False IndexOnStartup:True
Mono: successfully reloaded assembly
- Finished resetting the current domain, in  0.319 seconds
Domain Reload Profiling: 620ms
	BeginReloadAssembly (179ms)
		DisableScriptedObjects (6ms)
		CreateAndSetChildDomain (35ms)
	RebuildCommonClasses (38ms)
	RebuildNativeTypeToScriptingClass (13ms)
	initialDomainReloadingComplete (43ms)
	LoadAllAssembliesAndSetupDomain (25ms)
		LoadAssemblies (95ms)
		AnalyzeDomain (16ms)
			TypeCache.Refresh (12ms)
				TypeCache.ScanAssembly (7ms)
	FinalizeReload (320ms)
		SetupLoadedEditorAssemblies (0ms)
			BeforeProcessingInitializeOnLoad (85ms)
			ProcessInitializeOnLoadAttributes (76ms)
			ProcessInitializeOnLoadMethodAttributes (42ms)
			AfterProcessingInitializeOnLoad (8ms)
		AwakeInstancesAfterBackupRestoration (7ms)
Launched and connected shader compiler UnityShaderCompiler.exe after 0.01 seconds
Unloading 0 Unused Serialized files (Serialized files now loaded: 0)
Unloading 244 unused Assets / (36.5 KB). Loaded Objects now: 849.
Memory consumption went from 68.0 MB to 68.0 MB.
Total: 3.321400 ms (FindLiveObjects: 0.092600 ms CreateObjectMapping: 0.010700 ms MarkObjects: 3.095200 ms  DeleteObjects: 0.121000 ms)

========================================================================
Received Import Request.
  Time since last request: 448199.025351 seconds.
  path: Assets/interior free/interior free.png
  importAddress: Guid(1c61ccd1b0f46614f9313580088000de) Importer(2089858483,b0f066a214c2f5e87bad3c948f4d605d)
Start importing Assets/interior free/interior free.png using Guid(1c61ccd1b0f46614f9313580088000de) Importer(2089858483,b0f066a214c2f5e87bad3c948f4d605d) (ScriptedImporter) -> (Import Result ID: '5472b0bf2344c0cf1fc9e259a19e0a38') in 0.1224202 seconds [static and dynamic dependencies]. Details - ImportResultOutputID=271f193c4a56f956ba57f6dbacf95864 DependenciesID=e215d19cdeef70f36a289a0e3d1dd096 StaticDependenciesID=085919b58d867c6e8b4998866a564840 
Number of updated asset objects reloaded before import = 0Number of asset objects unloaded after import = 12

========================================================================
Received Import Request.
  Time since last request: 0.000021 seconds.
  path: Assets/CatMaterialsDEMO/Mouse-Sheet_0.controller
  importAddress: Guid(f1b14175d27d5ea4190dcd545fd034ae) Importer(2089858483,b0f066a214c2f5e87bad3c948f4d605d)
Start importing Assets/CatMaterialsDEMO/Mouse-Sheet_0.controller using Guid(f1b14175d27d5ea4190dcd545fd034ae) Importer(2089858483,b0f066a214c2f5e87bad3c948f4d605d) (ScriptedImporter) -> (Import Result ID: '077fb32df17dda3ac82a558ab34d4117') in 0.0103597 seconds [static and dynamic dependencies]. Details - ImportResultOutputID=4bc8adc81f96077079556f32bfa5c194 DependenciesID=4294a49a3fc3ae1029f3b8f558baa899 StaticDependenciesID=4212a6d7b4045e112800ca6410605d4c 
Number of updated asset objects reloaded before import = 0Number of asset objects unloaded after import = 3

========================================================================
Received Import Request.
  Time since last request: 0.000018 seconds.
  path: Assets/AllCatsDemo/ThreeColorFree/IdleCatt.png
  importAddress: Guid(6f5b90afc0553614ab39d86092b84d11) Importer(2089858483,b0f066a214c2f5e87bad3c948f4d605d)
Start importing Assets/AllCatsDemo/ThreeColorFree/IdleCatt.png using Guid(6f5b90afc0553614ab39d86092b84d11) Importer(2089858483,b0f066a214c2f5e87bad3c948f4d605d) (ScriptedImporter) -> (Import Result ID: '3de5fabc2ba9bc6c1d4a2575a3335e5a') in 0.0161303 seconds [static and dynamic dependencies]. Details - ImportResultOutputID=a4d864cc9ac689c3646b57c264a4584e DependenciesID=5845ef6f18eb912b7de44cdf93b85002 StaticDependenciesID=8c940655dc2404c96e5981fcdb15ba2d 
Number of updated asset objects reloaded before import = 0Number of asset objects unloaded after import = 9

========================================================================
Received Import Request.
  Time since last request: 0.000016 seconds.
  path: Assets/AllCatsDemo/ThreeColorFree/Materials
  importAddress: Guid(5a66d4560330dff4795a8449c3472627) Importer(2089858483,b0f066a214c2f5e87bad3c948f4d605d)
Start importing Assets/AllCatsDemo/ThreeColorFree/Materials using Guid(5a66d4560330dff4795a8449c3472627) Importer(2089858483,b0f066a214c2f5e87bad3c948f4d605d) (ScriptedImporter) -> (Import Result ID: '2958c84b74017d4f73968271de38155d') in 0.0089549 seconds [static and dynamic dependencies]. Details - ImportResultOutputID=2f0a36f7c5847bb30c8c8076921a790a DependenciesID=2d3eed04fb9d0142c2ad98bd61072453 StaticDependenciesID=0e2ebc1ca3039e7ee17d095069d81706 
Number of updated asset objects reloaded before import = 0Number of asset objects unloaded after import = 1

========================================================================
Received Import Request.
  Time since last request: 0.000018 seconds.
  path: Assets/CatMaterialsDEMO/Materials/CatBedBlue.mat
  importAddress: Guid(d2320c1626f0abe458e458d83f400231) Importer(2089858483,b0f066a214c2f5e87bad3c948f4d605d)
Start importing Assets/CatMaterialsDEMO/Materials/CatBedBlue.mat using Guid(d2320c1626f0abe458e458d83f400231) Importer(2089858483,b0f066a214c2f5e87bad3c948f4d605d) (ScriptedImporter) -> (Import Result ID: 'd502b658b36ffc38badc20e6b925df62') in 0.0203821 seconds [static and dynamic dependencies]. Details - ImportResultOutputID=df1d4df671243e52d1cb4619d81fc644 DependenciesID=88dbf3ad5c301b1cf9abcac009512316 StaticDependenciesID=0a1e09ef6cc8d7ea44ebd2271e287d0b 
Number of updated asset objects reloaded before import = 0Number of asset objects unloaded after import = 2

========================================================================
Received Import Request.
  Time since last request: 0.000016 seconds.
  path: Assets/purrfect.unity
  importAddress: Guid(f945f610ae3f98d46ac22a2f3aecc8f6) Importer(2089858483,b0f066a214c2f5e87bad3c948f4d605d)
Start importing Assets/purrfect.unity using Guid(f945f610ae3f98d46ac22a2f3aecc8f6) Importer(2089858483,b0f066a214c2f5e87bad3c948f4d605d) (ScriptedImporter) -> (Import Result ID: '2e475d9cf79c2c876d710774e873c5f8') in 0.0125718 seconds [static and dynamic dependencies]. Details - ImportResultOutputID=2a35c399d60134a32b5e74abf07545e2 DependenciesID=09973c845c3feef45927f0cc28be8f93 StaticDependenciesID=23e8a747d5939ff5192bc2bee400ec22 
Number of updated asset objects reloaded before import = 0Number of asset objects unloaded after import = 1

========================================================================
Received Import Request.
  Time since last request: 0.000035 seconds.
  path: Assets/AllCatsDemo/BlackCat/New Animation.anim
  importAddress: Guid(313f8126a3f7f5e4387743991212216a) Importer(2089858483,b0f066a214c2f5e87bad3c948f4d605d)
Start importing Assets/AllCatsDemo/BlackCat/New Animation.anim using Guid(313f8126a3f7f5e4387743991212216a) Importer(2089858483,b0f066a214c2f5e87bad3c948f4d605d) (ScriptedImporter) -> (Import Result ID: 'fbf6ff39301c735cfad42e123b674982') in 0.0113915 seconds [static and dynamic dependencies]. Details - ImportResultOutputID=4c34852d162b7106cd99715d19af7f70 DependenciesID=f7389da96a05497b52dbfefa165eb925 StaticDependenciesID=0831a922a88672f932eb7d484f3ee166 
Number of updated asset objects reloaded before import = 0Number of asset objects unloaded after import = 1

========================================================================
Received Import Request.
  Time since last request: 0.000019 seconds.
  path: Assets/AllCatsDemo/BlackCat/IdleCatb.png
  importAddress: Guid(179cdaf1ebcd9714faf1e87fdd14c3eb) Importer(2089858483,b0f066a214c2f5e87bad3c948f4d605d)
Start importing Assets/AllCatsDemo/BlackCat/IdleCatb.png using Guid(179cdaf1ebcd9714faf1e87fdd14c3eb) Importer(2089858483,b0f066a214c2f5e87bad3c948f4d605d) (ScriptedImporter) -> (Import Result ID: 'c9c6a676e3beca513d4fb1d1b7a5c8e5') in 0.0144849 seconds [static and dynamic dependencies]. Details - ImportResultOutputID=d6414daaee53814bc3931bb27aaef85f DependenciesID=75a819987119fa37b2590765067fea8c StaticDependenciesID=cffa8281b7c9a79549b26c15afa48965 
Number of updated asset objects reloaded before import = 0Number of asset objects unloaded after import = 9

========================================================================
Received Import Request.
  Time since last request: 0.000024 seconds.
  path: Assets/Modern tiles_Free/Interiors_free/32x32/Interiors_free_32x32.png
  importAddress: Guid(b0e4a21ee247fd14faa7d1fd8370bbf8) Importer(815301076,1909f56bfc062723c751e8b465ee728b)
Start importing Assets/Modern tiles_Free/Interiors_free/32x32/Interiors_free_32x32.png using Guid(b0e4a21ee247fd14faa7d1fd8370bbf8) Importer(815301076,1909f56bfc062723c751e8b465ee728b) (PreviewImporter) -> (Import Result ID: '06ade055dd3d013849ca57cce07f0956') in 1.0662786 seconds [static and dynamic dependencies]. Details - ImportResultOutputID=dc2440ff790caec5af13aaf7fe2c672a DependenciesID=4cc476c5cc3a1e680c3a053735a734d8 StaticDependenciesID=2814fa0d4ecc26c778ffeb3071b35a36 
Number of updated asset objects reloaded before import = 0Number of asset objects unloaded after import = 1232

========================================================================
Received Import Request.
  Time since last request: 83.654461 seconds.
  path: Assets/Modern tiles_Free/Interiors_free/32x32/Interiors_free_32x32_1.asset
  importAddress: Guid(718b71b9631ebeb4cbe0b6e185a467a0) Importer(815301076,1909f56bfc062723c751e8b465ee728b)
Start importing Assets/Modern tiles_Free/Interiors_free/32x32/Interiors_free_32x32_1.asset using Guid(718b71b9631ebeb4cbe0b6e185a467a0) Importer(815301076,1909f56bfc062723c751e8b465ee728b) (PreviewImporter) -> (Import Result ID: 'f455d940c417e67b5ddf305ec0fea79e') in 0.0135147 seconds [static and dynamic dependencies]. Details - ImportResultOutputID=44bb07bfa3505075251b22b105ffbf46 DependenciesID=bed093a6b0e430299955d343684b2946 StaticDependenciesID=f6d60f239e0d18319d4d2ce613abb8cf 
Number of updated asset objects reloaded before import = 0Number of asset objects unloaded after import = 3

========================================================================
Received Import Request.
  Time since last request: 0.000020 seconds.
  path: Assets/Modern tiles_Free/Interiors_free/32x32/Interiors_free_32x32_5.asset
  importAddress: Guid(ef89dfa62e03abc4f9650dbecf70a6f2) Importer(815301076,1909f56bfc062723c751e8b465ee728b)
Start importing Assets/Modern tiles_Free/Interiors_free/32x32/Interiors_free_32x32_5.asset using Guid(ef89dfa62e03abc4f9650dbecf70a6f2) Importer(815301076,1909f56bfc062723c751e8b465ee728b) (PreviewImporter) -> (Import Result ID: '8153fa4147a4ca6222e4a441881dd9d2') in 0.0096724 seconds [static and dynamic dependencies]. Details - ImportResultOutputID=99d7045869d126f00b1d928e488efa80 DependenciesID=cb4365208b198420edfedeab71c00e4d StaticDependenciesID=b9ba159a474ff79534cca8987d1f8fb5 
Number of updated asset objects reloaded before import = 0Number of asset objects unloaded after import = 3

========================================================================
Received Import Request.
  Time since last request: 0.000019 seconds.
  path: Assets/Modern tiles_Free/Interiors_free/32x32/Interiors_free_32x32_19.asset
  importAddress: Guid(65782a50ffc764c45a574a0b70f71843) Importer(815301076,1909f56bfc062723c751e8b465ee728b)
Start importing Assets/Modern tiles_Free/Interiors_free/32x32/Interiors_free_32x32_19.asset using Guid(65782a50ffc764c45a574a0b70f71843) Importer(815301076,1909f56bfc062723c751e8b465ee728b) (PreviewImporter) -> (Import Result ID: 'cd171591fe4b6af7ae6b0e78973a5f6b') in 0.0097344 seconds [static and dynamic dependencies]. Details - ImportResultOutputID=d5fd46d70b51aaf966565ad3f7f87a0b DependenciesID=6fc0b6988d83f8f24c2e751e74d213be StaticDependenciesID=e8edcdabbd81d4985f0ea3970fa16509 
Number of updated asset objects reloaded before import = 0Number of asset objects unloaded after import = 3

========================================================================
Received Import Request.
  Time since last request: 0.000021 seconds.
  path: Assets/Modern tiles_Free/Interiors_free/32x32/Interiors_free_32x32_53.asset
  importAddress: Guid(9f5bdab628b19b94299f3df9db4a9f3d) Importer(815301076,1909f56bfc062723c751e8b465ee728b)
Start importing Assets/Modern tiles_Free/Interiors_free/32x32/Interiors_free_32x32_53.asset using Guid(9f5bdab628b19b94299f3df9db4a9f3d) Importer(815301076,1909f56bfc062723c751e8b465ee728b) (PreviewImporter) -> (Import Result ID: '63f88e38b4f7b7913368deb3140be6a0') in 0.0110305 seconds [static and dynamic dependencies]. Details - ImportResultOutputID=7f697b44cd557bb5048f5e5026b92e08 DependenciesID=a34eba81ff43a65abe7e31d7dc0b279d StaticDependenciesID=3c13beecb6f3bce7b030e92337ff4d97 
Number of updated asset objects reloaded before import = 0Number of asset objects unloaded after import = 3

========================================================================
Received Import Request.
  Time since last request: 0.000026 seconds.
  path: Assets/Modern tiles_Free/Interiors_free/32x32/Interiors_free_32x32_78.asset
  importAddress: Guid(e89425dd910613142965fcc80a8233de) Importer(815301076,1909f56bfc062723c751e8b465ee728b)
Start importing Assets/Modern tiles_Free/Interiors_free/32x32/Interiors_free_32x32_78.asset using Guid(e89425dd910613142965fcc80a8233de) Importer(815301076,1909f56bfc062723c751e8b465ee728b) (PreviewImporter) -> (Import Result ID: '7172cf52ad050b523aebf519702b8446') in 0.0106906 seconds [static and dynamic dependencies]. Details - ImportResultOutputID=8037ecc6a19958fca3fd4a32b95a0a04 DependenciesID=18a40de4a971a7303e0a6cdcd21d7dcb StaticDependenciesID=7b36768c4bbedb7e53d917729631c59e 
Number of updated asset objects reloaded before import = 0Number of asset objects unloaded after import = 3

========================================================================
Received Import Request.
  Time since last request: 0.000019 seconds.
  path: Assets/Modern tiles_Free/Interiors_free/32x32/Interiors_free_32x32_66.asset
  importAddress: Guid(a22202d86db329c4a9a782939c41154c) Importer(815301076,1909f56bfc062723c751e8b465ee728b)
Start importing Assets/Modern tiles_Free/Interiors_free/32x32/Interiors_free_32x32_66.asset using Guid(a22202d86db329c4a9a782939c41154c) Importer(815301076,1909f56bfc062723c751e8b465ee728b) (PreviewImporter) -> (Import Result ID: 'fb424458577a04e25ba0134145be64b4') in 0.0106428 seconds [static and dynamic dependencies]. Details - ImportResultOutputID=bfc1e2a64b9efbc30043cfb914ac73e8 DependenciesID=5cebd60ac878490581a0f7e5f01afb2b StaticDependenciesID=dfbdfb73cb688bbfe895511cefde1369 
Number of updated asset objects reloaded before import = 0Number of asset objects unloaded after import = 3

========================================================================
Received Import Request.
  Time since last request: 0.000021 seconds.
  path: Assets/Modern tiles_Free/Interiors_free/32x32/Interiors_free_32x32_36.asset
  importAddress: Guid(41160dfbc41e6e8499cf0476ad9beea3) Importer(815301076,1909f56bfc062723c751e8b465ee728b)
Start importing Assets/Modern tiles_Free/Interiors_free/32x32/Interiors_free_32x32_36.asset using Guid(41160dfbc41e6e8499cf0476ad9beea3) Importer(815301076,1909f56bfc062723c751e8b465ee728b) (PreviewImporter) -> (Import Result ID: 'e5605ecd4e3e171d3bc150895f754c77') in 0.0096473 seconds [static and dynamic dependencies]. Details - ImportResultOutputID=637c30ab2d2ba7d230721a4686acc0d5 DependenciesID=ac8144b6d1f232480fbaf33831310309 StaticDependenciesID=78a6b66f7429b71f00db4078f214688c 
Number of updated asset objects reloaded before import = 0Number of asset objects unloaded after import = 3

========================================================================
Received Import Request.
  Time since last request: 0.000026 seconds.
  path: Assets/Modern tiles_Free/Interiors_free/32x32/Interiors_free_32x32_26.asset
  importAddress: Guid(4b43b13ccc46424499ec4a403560a961) Importer(815301076,1909f56bfc062723c751e8b465ee728b)
Start importing Assets/Modern tiles_Free/Interiors_free/32x32/Interiors_free_32x32_26.asset using Guid(4b43b13ccc46424499ec4a403560a961) Importer(815301076,1909f56bfc062723c751e8b465ee728b) (PreviewImporter) -> (Import Result ID: '2d9e8611d830118703d7bac77a5ea681') in 0.0099423 seconds [static and dynamic dependencies]. Details - ImportResultOutputID=787db177abb40a1f18650df3a4896c7c DependenciesID=53fc3c5797d4a68f0f4994868eef6197 StaticDependenciesID=5ead7a5cc03b251ad590573ee6c7fdca 
Number of updated asset objects reloaded before import = 0Number of asset objects unloaded after import = 3

========================================================================
Received Import Request.
  Time since last request: 0.000020 seconds.
  path: Assets/Modern tiles_Free/Interiors_free/32x32/Interiors_free_32x32_45.asset
  importAddress: Guid(83465e76cfbcc794fb915ad7c9ad9b81) Importer(815301076,1909f56bfc062723c751e8b465ee728b)
Start importing Assets/Modern tiles_Free/Interiors_free/32x32/Interiors_free_32x32_45.asset using Guid(83465e76cfbcc794fb915ad7c9ad9b81) Importer(815301076,1909f56bfc062723c751e8b465ee728b) (PreviewImporter) -> (Import Result ID: 'b6cb058177688f6a4f611d220d34a6ac') in 0.0113944 seconds [static and dynamic dependencies]. Details - ImportResultOutputID=bbb65ff75637dfbf8ce1335c367c3377 DependenciesID=171ab11b5e25d7a3daa3dc0be5d19fd4 StaticDependenciesID=2d04c650b17b76a027661a33b68aabfa 
Number of updated asset objects reloaded before import = 0Number of asset objects unloaded after import = 3

========================================================================
Received Import Request.
  Time since last request: 0.000020 seconds.
  path: Assets/Modern tiles_Free/Interiors_free/32x32/Interiors_free_32x32_79.asset
  importAddress: Guid(2cc320424d4cf934e87443f4c33020db) Importer(815301076,1909f56bfc062723c751e8b465ee728b)
Start importing Assets/Modern tiles_Free/Interiors_free/32x32/Interiors_free_32x32_79.asset using Guid(2cc320424d4cf934e87443f4c33020db) Importer(815301076,1909f56bfc062723c751e8b465ee728b) (PreviewImporter) -> (Import Result ID: '2936e15a3b5008f971472cf33e071686') in 0.0113614 seconds [static and dynamic dependencies]. Details - ImportResultOutputID=cc94af708d47d3dfffd66cbc4ae43436 DependenciesID=aacc3315f4c455dde2fa290fe61a10c6 StaticDependenciesID=269b6d346c276559749723c755ade590 
Number of updated asset objects reloaded before import = 0Number of asset objects unloaded after import = 3

========================================================================
Received Import Request.
  Time since last request: 0.000022 seconds.
  path: Assets/Modern tiles_Free/Interiors_free/32x32/Interiors_free_32x32_9.asset
  importAddress: Guid(bff4e48d1b0ef0f4f8218620df98ceb6) Importer(815301076,1909f56bfc062723c751e8b465ee728b)
Start importing Assets/Modern tiles_Free/Interiors_free/32x32/Interiors_free_32x32_9.asset using Guid(bff4e48d1b0ef0f4f8218620df98ceb6) Importer(815301076,1909f56bfc062723c751e8b465ee728b) (PreviewImporter) -> (Import Result ID: '4b70092b3063d16cd9c5210c578bbcf9') in 0.0112373 seconds [static and dynamic dependencies]. Details - ImportResultOutputID=18973c2a0477bdee58d9e49d3fa67648 DependenciesID=ef9abf8b1a012746ca944c8827d3b368 StaticDependenciesID=1710b85dff50332459269a4087eacbce 
Number of updated asset objects reloaded before import = 0Number of asset objects unloaded after import = 3

========================================================================
Received Import Request.
  Time since last request: 0.000022 seconds.
  path: Assets/Modern tiles_Free/Interiors_free/32x32/Interiors_free_32x32_22.asset
  importAddress: Guid(91f2aa6e5d8d5434287a12731ab39fd0) Importer(815301076,1909f56bfc062723c751e8b465ee728b)
Start importing Assets/Modern tiles_Free/Interiors_free/32x32/Interiors_free_32x32_22.asset using Guid(91f2aa6e5d8d5434287a12731ab39fd0) Importer(815301076,1909f56bfc062723c751e8b465ee728b) (PreviewImporter) -> (Import Result ID: '3fdecb8ea9dac7defb9ffa04cd273265') in 0.0114737 seconds [static and dynamic dependencies]. Details - ImportResultOutputID=1cd5eac441e767b36cfb5b712a44277a DependenciesID=f39599521d9821a8957d2730034c099c StaticDependenciesID=add84110c2bbba022bc8e2d7767d659b 
Number of updated asset objects reloaded before import = 0Number of asset objects unloaded after import = 3

========================================================================
Received Import Request.
  Time since last request: 0.000019 seconds.
  path: Assets/Modern tiles_Free/Interiors_free/32x32/Interiors_free_32x32_3.asset
  importAddress: Guid(1293ee7be42e679488b54fb9bd223121) Importer(815301076,1909f56bfc062723c751e8b465ee728b)
Start importing Assets/Modern tiles_Free/Interiors_free/32x32/Interiors_free_32x32_3.asset using Guid(1293ee7be42e679488b54fb9bd223121) Importer(815301076,1909f56bfc062723c751e8b465ee728b) (PreviewImporter) -> (Import Result ID: '0bac94a73c08e80f8c5b4fd680e4ffc3') in 0.0112853 seconds [static and dynamic dependencies]. Details - ImportResultOutputID=8e4ad0a8860fc5803bbc16ce70f44d2d DependenciesID=0e654c7db4c914011e1abf6803bcb623 StaticDependenciesID=747bced8f1288aa1d8eabbab935b68f2 
Number of updated asset objects reloaded before import = 0Number of asset objects unloaded after import = 3

========================================================================
Received Import Request.
  Time since last request: 0.000019 seconds.
  path: Assets/Modern tiles_Free/Interiors_free/32x32/Interiors_free_32x32_49.asset
  importAddress: Guid(de0183e80cb86b04f8379962858f7e80) Importer(815301076,1909f56bfc062723c751e8b465ee728b)
Start importing Assets/Modern tiles_Free/Interiors_free/32x32/Interiors_free_32x32_49.asset using Guid(de0183e80cb86b04f8379962858f7e80) Importer(815301076,1909f56bfc062723c751e8b465ee728b) (PreviewImporter) -> (Import Result ID: 'f041b6385d1da5c35d9a599d2857540e') in 0.0109124 seconds [static and dynamic dependencies]. Details - ImportResultOutputID=643b2bc9c58df17cd5daa4314d4af221 DependenciesID=d026f3917ebe3a6c595745e334494914 StaticDependenciesID=e846f6db7e3f203f6db98884545b2db6 
Number of updated asset objects reloaded before import = 0Number of asset objects unloaded after import = 3

========================================================================
Received Import Request.
  Time since last request: 0.000024 seconds.
  path: Assets/Modern tiles_Free/Interiors_free/32x32/Interiors_free_32x32_62.asset
  importAddress: Guid(624c2b664713f5242b325b5f40382a0b) Importer(815301076,1909f56bfc062723c751e8b465ee728b)
Start importing Assets/Modern tiles_Free/Interiors_free/32x32/Interiors_free_32x32_62.asset using Guid(624c2b664713f5242b325b5f40382a0b) Importer(815301076,1909f56bfc062723c751e8b465ee728b) (PreviewImporter) -> (Import Result ID: '9fce0a2714ebd898ca21054680a04a34') in 0.010378 seconds [static and dynamic dependencies]. Details - ImportResultOutputID=3a3919a95276af77fc23c4fa5e28cb4c DependenciesID=55f0d07538938f6d1736f8db49de5d01 StaticDependenciesID=b94ad3ddd94d05c155a12aebfbc18227 
Number of updated asset objects reloaded before import = 0Number of asset objects unloaded after import = 3

========================================================================
Received Import Request.
  Time since last request: 0.000017 seconds.
  path: Assets/Modern tiles_Free/Interiors_free/32x32/Interiors_free_32x32_64.asset
  importAddress: Guid(73e0d46f042f1cf41afc1f02b00662d7) Importer(815301076,1909f56bfc062723c751e8b465ee728b)
Start importing Assets/Modern tiles_Free/Interiors_free/32x32/Interiors_free_32x32_64.asset using Guid(73e0d46f042f1cf41afc1f02b00662d7) Importer(815301076,1909f56bfc062723c751e8b465ee728b) (PreviewImporter) -> (Import Result ID: 'f7496215fe5a8a5641f70adf6718281f') in 0.0107607 seconds [static and dynamic dependencies]. Details - ImportResultOutputID=1cf1c9d9524dca800cd9be713655c988 DependenciesID=26bf014cb4885e9880f9d3f8df6b7346 StaticDependenciesID=ae89e45df0c7e6fb0faf1ca10e21777d 
Number of updated asset objects reloaded before import = 0Number of asset objects unloaded after import = 3

========================================================================
Received Import Request.
  Time since last request: 0.000018 seconds.
  path: Assets/Modern tiles_Free/Interiors_free/32x32/Interiors_free_32x32_48.asset
  importAddress: Guid(724c020c7dc81524295540267013a5ce) Importer(815301076,1909f56bfc062723c751e8b465ee728b)
Start importing Assets/Modern tiles_Free/Interiors_free/32x32/Interiors_free_32x32_48.asset using Guid(724c020c7dc81524295540267013a5ce) Importer(815301076,1909f56bfc062723c751e8b465ee728b) (PreviewImporter) -> (Import Result ID: '46f8b8a774c436e95a5929451b62da47') in 0.0108341 seconds [static and dynamic dependencies]. Details - ImportResultOutputID=33276f544a80c461d58ed20b1beaca93 DependenciesID=6f554f568a9ecf75414bc47d365596b1 StaticDependenciesID=ec2922b586c9d0d3d1458f306f11ae77 
Number of updated asset objects reloaded before import = 0Number of asset objects unloaded after import = 3

========================================================================
Received Import Request.
  Time since last request: 0.000024 seconds.
  path: Assets/Modern tiles_Free/Interiors_free/32x32/Interiors_free_32x32_72.asset
  importAddress: Guid(0cb044d08817e394da454b3ae9b967b6) Importer(815301076,1909f56bfc062723c751e8b465ee728b)
Start importing Assets/Modern tiles_Free/Interiors_free/32x32/Interiors_free_32x32_72.asset using Guid(0cb044d08817e394da454b3ae9b967b6) Importer(815301076,1909f56bfc062723c751e8b465ee728b) (PreviewImporter) -> (Import Result ID: '78e6637630f9ff167065b97573ba2345') in 0.0107887 seconds [static and dynamic dependencies]. Details - ImportResultOutputID=85d7693c685b03752579fbcee41ec8df DependenciesID=7bab39bf93cedb8631682f7f70c4a6a1 StaticDependenciesID=f9911b69118e95d2a7441978d41b37c3 
Number of updated asset objects reloaded before import = 0Number of asset objects unloaded after import = 3

========================================================================
Received Import Request.
  Time since last request: 0.000021 seconds.
  path: Assets/Modern tiles_Free/Interiors_free/32x32/Interiors_free_32x32_21.asset
  importAddress: Guid(b2398094cefe91b488bf26c8dff2165e) Importer(815301076,1909f56bfc062723c751e8b465ee728b)
Start importing Assets/Modern tiles_Free/Interiors_free/32x32/Interiors_free_32x32_21.asset using Guid(b2398094cefe91b488bf26c8dff2165e) Importer(815301076,1909f56bfc062723c751e8b465ee728b) (PreviewImporter) -> (Import Result ID: '1fa6eaed8fdd5d4d1c5e8ba1b4613bd6') in 0.0104349 seconds [static and dynamic dependencies]. Details - ImportResultOutputID=5f520021a514654f45884f5f464ef792 DependenciesID=02826c2b74f63e64a689cd16366a7d66 StaticDependenciesID=fa19cb08d34bdf13b7375308bbcc4942 
Number of updated asset objects reloaded before import = 0Number of asset objects unloaded after import = 3

========================================================================
Received Import Request.
  Time since last request: 0.000020 seconds.
  path: Assets/Modern tiles_Free/Interiors_free/32x32/Interiors_free_32x32_6.asset
  importAddress: Guid(1b0b89a8e9b79334a8d3bfcbcda51cab) Importer(815301076,1909f56bfc062723c751e8b465ee728b)
Start importing Assets/Modern tiles_Free/Interiors_free/32x32/Interiors_free_32x32_6.asset using Guid(1b0b89a8e9b79334a8d3bfcbcda51cab) Importer(815301076,1909f56bfc062723c751e8b465ee728b) (PreviewImporter) -> (Import Result ID: '30436c0f1b2cd891372e8f0036fce0d8') in 0.0103463 seconds [static and dynamic dependencies]. Details - ImportResultOutputID=cf5db563be4e0fbfd812b1a0eb770259 DependenciesID=426118a9d05f28b5e61e8eace5314297 StaticDependenciesID=6f4d2b6eda6dcd84ea50bc689b501382 
Number of updated asset objects reloaded before import = 0Number of asset objects unloaded after import = 3

========================================================================
Received Import Request.
  Time since last request: 0.000027 seconds.
  path: Assets/Modern tiles_Free/Interiors_free/32x32/Interiors_free_32x32_73.asset
  importAddress: Guid(896bfa3651e852e42a5f479f333a1270) Importer(815301076,1909f56bfc062723c751e8b465ee728b)
Start importing Assets/Modern tiles_Free/Interiors_free/32x32/Interiors_free_32x32_73.asset using Guid(896bfa3651e852e42a5f479f333a1270) Importer(815301076,1909f56bfc062723c751e8b465ee728b) (PreviewImporter) -> (Import Result ID: '2f499471d39aa04b99949b489cfb6ac4') in 0.0112054 seconds [static and dynamic dependencies]. Details - ImportResultOutputID=d5f7e89f28030d1b7f770d782bafc63b DependenciesID=01a6ab49002f7c55668f4ad2563ae55b StaticDependenciesID=1867043a8ddc798f21e820c275f80921 
Number of updated asset objects reloaded before import = 0Number of asset objects unloaded after import = 3

========================================================================
Received Import Request.
  Time since last request: 0.000019 seconds.
  path: Assets/Modern tiles_Free/Interiors_free/32x32/Interiors_free_32x32_58.asset
  importAddress: Guid(72c2da96a35338c478a931469117683f) Importer(815301076,1909f56bfc062723c751e8b465ee728b)
Start importing Assets/Modern tiles_Free/Interiors_free/32x32/Interiors_free_32x32_58.asset using Guid(72c2da96a35338c478a931469117683f) Importer(815301076,1909f56bfc062723c751e8b465ee728b) (PreviewImporter) -> (Import Result ID: 'fe827b3c5e8decab3599d0768579f544') in 0.0099218 seconds [static and dynamic dependencies]. Details - ImportResultOutputID=069f9c14a5a77d7e99c50227da8713ed DependenciesID=e3e8e7c7714887c43a4bd19f393de0c6 StaticDependenciesID=3746230b649898b184602b01724dc82a 
Number of updated asset objects reloaded before import = 0Number of asset objects unloaded after import = 3

========================================================================
Received Import Request.
  Time since last request: 0.000023 seconds.
  path: Assets/Modern tiles_Free/Interiors_free/32x32/Interiors_free_32x32_41.asset
  importAddress: Guid(bc66eaef654e17e4e8d7b99e39db0ec2) Importer(815301076,1909f56bfc062723c751e8b465ee728b)
Start importing Assets/Modern tiles_Free/Interiors_free/32x32/Interiors_free_32x32_41.asset using Guid(bc66eaef654e17e4e8d7b99e39db0ec2) Importer(815301076,1909f56bfc062723c751e8b465ee728b) (PreviewImporter) -> (Import Result ID: 'e8169fa11eb57f84d15a3aeea7a0bea7') in 0.0108182 seconds [static and dynamic dependencies]. Details - ImportResultOutputID=5a09a65666f2735986683d61c66d01ea DependenciesID=34638ecf52063bb081eb50c7875d36ad StaticDependenciesID=dea7d3607c9f90f17ddf70feaf08a5ec 
Number of updated asset objects reloaded before import = 0Number of asset objects unloaded after import = 3

========================================================================
Received Import Request.
  Time since last request: 0.000019 seconds.
  path: Assets/Modern tiles_Free/Interiors_free/32x32/Interiors_free_32x32_17.asset
  importAddress: Guid(e902af19c36573b4d9440c90a63881a4) Importer(815301076,1909f56bfc062723c751e8b465ee728b)
Start importing Assets/Modern tiles_Free/Interiors_free/32x32/Interiors_free_32x32_17.asset using Guid(e902af19c36573b4d9440c90a63881a4) Importer(815301076,1909f56bfc062723c751e8b465ee728b) (PreviewImporter) -> (Import Result ID: 'd69502228448e255a94765dc66714baf') in 0.0106867 seconds [static and dynamic dependencies]. Details - ImportResultOutputID=9d38917ba9c1f6773fb4144b4f0b5493 DependenciesID=f64d0042eb2484fb7510eb48a4955ebd StaticDependenciesID=4ebcae53831b8448065b74e1bf620f91 
Number of updated asset objects reloaded before import = 0Number of asset objects unloaded after import = 3

========================================================================
Received Import Request.
  Time since last request: 0.000023 seconds.
  path: Assets/Modern tiles_Free/Interiors_free/32x32/Interiors_free_32x32_54.asset
  importAddress: Guid(9e91b94fe045cab4cae934f4c5d13f12) Importer(815301076,1909f56bfc062723c751e8b465ee728b)
Start importing Assets/Modern tiles_Free/Interiors_free/32x32/Interiors_free_32x32_54.asset using Guid(9e91b94fe045cab4cae934f4c5d13f12) Importer(815301076,1909f56bfc062723c751e8b465ee728b) (PreviewImporter) -> (Import Result ID: '4b0969b84f798da86394fb992025fa63') in 0.0110926 seconds [static and dynamic dependencies]. Details - ImportResultOutputID=7c5af2f11bfa49530585c4457182019c DependenciesID=7c0e678d3796de4332fd5b8c447c8ce9 StaticDependenciesID=89445c09675669eda5537bb7e2c6bf62 
Number of updated asset objects reloaded before import = 0Number of asset objects unloaded after import = 3

========================================================================
Received Import Request.
  Time since last request: 0.000016 seconds.
  path: Assets/Modern tiles_Free/Interiors_free/32x32/Interiors_free_32x32_13.asset
  importAddress: Guid(bf1d8fc1244586a4c9f1c35a7f060018) Importer(815301076,1909f56bfc062723c751e8b465ee728b)
Start importing Assets/Modern tiles_Free/Interiors_free/32x32/Interiors_free_32x32_13.asset using Guid(bf1d8fc1244586a4c9f1c35a7f060018) Importer(815301076,1909f56bfc062723c751e8b465ee728b) (PreviewImporter) -> (Import Result ID: '2b9aa103561c9f435d364e6c3106d064') in 0.0107241 seconds [static and dynamic dependencies]. Details - ImportResultOutputID=598d39ae9352ba9ccb6c230297fd0792 DependenciesID=ea98251e290e2b0e1c429434992bc7ea StaticDependenciesID=2d105e2b943ac7fe89d3479da785fd42 
Number of updated asset objects reloaded before import = 0Number of asset objects unloaded after import = 3

========================================================================
Received Import Request.
  Time since last request: 0.000023 seconds.
  path: Assets/Modern tiles_Free/Interiors_free/32x32/Interiors_free_32x32_42.asset
  importAddress: Guid(ed8c3529908594040be4c96adaf24cbd) Importer(815301076,1909f56bfc062723c751e8b465ee728b)
Start importing Assets/Modern tiles_Free/Interiors_free/32x32/Interiors_free_32x32_42.asset using Guid(ed8c3529908594040be4c96adaf24cbd) Importer(815301076,1909f56bfc062723c751e8b465ee728b) (PreviewImporter) -> (Import Result ID: '3ef251569002a2c9848f94ed58d80ca0') in 0.0109238 seconds [static and dynamic dependencies]. Details - ImportResultOutputID=3cdd3f8fe0dfaf6d78c8866c0ae54573 DependenciesID=76786b53c54700c7c0f4cf6cd17921f9 StaticDependenciesID=0eb6748505e0a1baf07130c4f0d37733 
Number of updated asset objects reloaded before import = 0Number of asset objects unloaded after import = 3

========================================================================
Received Import Request.
  Time since last request: 0.000026 seconds.
  path: Assets/Modern tiles_Free/Interiors_free/32x32/Interiors_free_32x32_71.asset
  importAddress: Guid(93f428bf4aa4bba459fc9eaea91ae86b) Importer(815301076,1909f56bfc062723c751e8b465ee728b)
Start importing Assets/Modern tiles_Free/Interiors_free/32x32/Interiors_free_32x32_71.asset using Guid(93f428bf4aa4bba459fc9eaea91ae86b) Importer(815301076,1909f56bfc062723c751e8b465ee728b) (PreviewImporter) -> (Import Result ID: '2120cd71f451ecf9908d9bf094f771c0') in 0.0097945 seconds [static and dynamic dependencies]. Details - ImportResultOutputID=70784b5d000f698389cebb8eaab796be DependenciesID=c0653adb9246b8dc76d749fb9e529663 StaticDependenciesID=2dd37a3eb5b57625882b4627181753ea 
Number of updated asset objects reloaded before import = 0Number of asset objects unloaded after import = 3

========================================================================
Received Import Request.
  Time since last request: 0.000018 seconds.
  path: Assets/Modern tiles_Free/Interiors_free/32x32/Interiors_free_32x32_76.asset
  importAddress: Guid(13c54b95742185a409830ea2aa7ea234) Importer(815301076,1909f56bfc062723c751e8b465ee728b)
Start importing Assets/Modern tiles_Free/Interiors_free/32x32/Interiors_free_32x32_76.asset using Guid(13c54b95742185a409830ea2aa7ea234) Importer(815301076,1909f56bfc062723c751e8b465ee728b) (PreviewImporter) -> (Import Result ID: '9be6c3db1e5005bbbed128627b1637f4') in 0.0113757 seconds [static and dynamic dependencies]. Details - ImportResultOutputID=07b95cb54d7680a0aa47b6e662f60ad9 DependenciesID=034a01d3a2cacd2f862ad025b9204c70 StaticDependenciesID=8fe41b58f177c26728b3dd065527e0c9 
Number of updated asset objects reloaded before import = 0Number of asset objects unloaded after import = 3

========================================================================
Received Import Request.
  Time since last request: 0.000021 seconds.
  path: Assets/Modern tiles_Free/Interiors_free/32x32/Interiors_free_32x32_10.asset
  importAddress: Guid(4a4be90c4406c8f42a5b3d286d46ddc9) Importer(815301076,1909f56bfc062723c751e8b465ee728b)
Start importing Assets/Modern tiles_Free/Interiors_free/32x32/Interiors_free_32x32_10.asset using Guid(4a4be90c4406c8f42a5b3d286d46ddc9) Importer(815301076,1909f56bfc062723c751e8b465ee728b) (PreviewImporter) -> (Import Result ID: '0dede2fb3885b21e8c38b0df30e35dbc') in 0.0104181 seconds [static and dynamic dependencies]. Details - ImportResultOutputID=e26b4607cdd76488f539680c5d735e55 DependenciesID=f084a32424771d8aa058cc9c83ff44a5 StaticDependenciesID=153af424e11c5c2f32eb3997277636f7 
Number of updated asset objects reloaded before import = 0Number of asset objects unloaded after import = 3

========================================================================
Received Import Request.
  Time since last request: 0.000019 seconds.
  path: Assets/Modern tiles_Free/Interiors_free/32x32/Interiors_free_32x32_11.asset
  importAddress: Guid(d81a854b0d26417478b275c0527d3c6c) Importer(815301076,1909f56bfc062723c751e8b465ee728b)
Start importing Assets/Modern tiles_Free/Interiors_free/32x32/Interiors_free_32x32_11.asset using Guid(d81a854b0d26417478b275c0527d3c6c) Importer(815301076,1909f56bfc062723c751e8b465ee728b) (PreviewImporter) -> (Import Result ID: 'c6dcdfbf3e7cdf8792542857e418565f') in 0.0103794 seconds [static and dynamic dependencies]. Details - ImportResultOutputID=455f7be5bfa964661074cc07b6ed57fc DependenciesID=3fe020a5cbf65fc2877a3343b3e10458 StaticDependenciesID=011e60a7cd23a84b6d627ec4af08168c 
Number of updated asset objects reloaded before import = 0Number of asset objects unloaded after import = 3

========================================================================
Received Import Request.
  Time since last request: 0.000015 seconds.
  path: Assets/Modern tiles_Free/Interiors_free/32x32/Interiors_free_32x32_20.asset
  importAddress: Guid(a3834e5e1d272224089006a79c96db9a) Importer(815301076,1909f56bfc062723c751e8b465ee728b)
Start importing Assets/Modern tiles_Free/Interiors_free/32x32/Interiors_free_32x32_20.asset using Guid(a3834e5e1d272224089006a79c96db9a) Importer(815301076,1909f56bfc062723c751e8b465ee728b) (PreviewImporter) -> (Import Result ID: '7b747a7199438180696f1a308c911e97') in 0.0108345 seconds [static and dynamic dependencies]. Details - ImportResultOutputID=f7614e38647ede8c4ed758666183d873 DependenciesID=3fde8934e1f2ddb9d619c706418a40b3 StaticDependenciesID=98bb7e19086515d36b4a02aed0d0b2ad 
Number of updated asset objects reloaded before import = 0Number of asset objects unloaded after import = 3

========================================================================
Received Import Request.
  Time since last request: 0.000024 seconds.
  path: Assets/Modern tiles_Free/Interiors_free/32x32/Interiors_free_32x32_23.asset
  importAddress: Guid(8737e8689ccb41d479f7c3e530dd7d2c) Importer(815301076,1909f56bfc062723c751e8b465ee728b)
Start importing Assets/Modern tiles_Free/Interiors_free/32x32/Interiors_free_32x32_23.asset using Guid(8737e8689ccb41d479f7c3e530dd7d2c) Importer(815301076,1909f56bfc062723c751e8b465ee728b) (PreviewImporter) -> (Import Result ID: '84eef84d9a6cf9f1c2b3cb3bc6448dbf') in 0.011285 seconds [static and dynamic dependencies]. Details - ImportResultOutputID=f659568637d0c1146e941bf5c9accd52 DependenciesID=221b85787054d252a121444ec07b1842 StaticDependenciesID=3d9f493626eb3b1993730ac8a87dd49d 
Number of updated asset objects reloaded before import = 0Number of asset objects unloaded after import = 3

========================================================================
Received Import Request.
  Time since last request: 0.000018 seconds.
  path: Assets/Modern tiles_Free/Interiors_free/32x32/Interiors_free_32x32_30.asset
  importAddress: Guid(10a66bac34e3d1d4f87182cffbdc1018) Importer(815301076,1909f56bfc062723c751e8b465ee728b)
Start importing Assets/Modern tiles_Free/Interiors_free/32x32/Interiors_free_32x32_30.asset using Guid(10a66bac34e3d1d4f87182cffbdc1018) Importer(815301076,1909f56bfc062723c751e8b465ee728b) (PreviewImporter) -> (Import Result ID: '840a084fe9a8c4a3f27f4e5fd0c67645') in 0.00772 seconds [static and dynamic dependencies]. Details - ImportResultOutputID=66857dc6e27835e4778d0644918c4a1a DependenciesID=e4725e84c28e770b8a9d14f80b056645 StaticDependenciesID=0117f0a797cc104f152fd0aa2a6ae79a 
Number of updated asset objects reloaded before import = 0Number of asset objects unloaded after import = 3

========================================================================
Received Import Request.
  Time since last request: 0.000019 seconds.
  path: Assets/Modern tiles_Free/Interiors_free/32x32/Interiors_free_32x32_59.asset
  importAddress: Guid(ee84873da6f4294458c4401dba2f1bb8) Importer(815301076,1909f56bfc062723c751e8b465ee728b)
Start importing Assets/Modern tiles_Free/Interiors_free/32x32/Interiors_free_32x32_59.asset using Guid(ee84873da6f4294458c4401dba2f1bb8) Importer(815301076,1909f56bfc062723c751e8b465ee728b) (PreviewImporter) -> (Import Result ID: '96881d81dcb66c75fa5760468f775847') in 0.010813 seconds [static and dynamic dependencies]. Details - ImportResultOutputID=3c6fc47bfa4773d508e5b46e988d3104 DependenciesID=6ab2ce170f1b984cabf9df79cfa4a54f StaticDependenciesID=c2476659403fe4c5dc603f97679a9e2a 
Number of updated asset objects reloaded before import = 0Number of asset objects unloaded after import = 3

========================================================================
Received Import Request.
  Time since last request: 0.000018 seconds.
  path: Assets/Modern tiles_Free/Interiors_free/32x32/Interiors_free_32x32_15.asset
  importAddress: Guid(212ebe1276293be4f91013427b18436b) Importer(815301076,1909f56bfc062723c751e8b465ee728b)
Start importing Assets/Modern tiles_Free/Interiors_free/32x32/Interiors_free_32x32_15.asset using Guid(212ebe1276293be4f91013427b18436b) Importer(815301076,1909f56bfc062723c751e8b465ee728b) (PreviewImporter) -> (Import Result ID: '83f83e38b25e79fe50fb66c188165a07') in 0.0157137 seconds [static and dynamic dependencies]. Details - ImportResultOutputID=0e92a71460fd888d65424beb8a439af8 DependenciesID=915a0ef58a9a16b9c67090e883924ca5 StaticDependenciesID=46981292430d6d7867867d41ff7b820f 
Number of updated asset objects reloaded before import = 0Number of asset objects unloaded after import = 3

========================================================================
Received Import Request.
  Time since last request: 0.000018 seconds.
  path: Assets/Modern tiles_Free/Interiors_free/32x32/Interiors_free_32x32_33.asset
  importAddress: Guid(4b686ce9e62e97b4d8d3f2d1bccbf90c) Importer(815301076,1909f56bfc062723c751e8b465ee728b)
Start importing Assets/Modern tiles_Free/Interiors_free/32x32/Interiors_free_32x32_33.asset using Guid(4b686ce9e62e97b4d8d3f2d1bccbf90c) Importer(815301076,1909f56bfc062723c751e8b465ee728b) (PreviewImporter) -> (Import Result ID: 'b7505249d749a4400eae2d6e25bd03a5') in 0.0117797 seconds [static and dynamic dependencies]. Details - ImportResultOutputID=a540c52f494073d22b823afa083dfaca DependenciesID=548813736717303f64cbf8d1c03de4ff StaticDependenciesID=a85f359cdc411020283ba42137c7076c 
Number of updated asset objects reloaded before import = 0Number of asset objects unloaded after import = 3

========================================================================
Received Import Request.
  Time since last request: 0.000021 seconds.
  path: Assets/Modern tiles_Free/Interiors_free/32x32/Interiors_free_32x32_31.asset
  importAddress: Guid(7bf728d6a1cfda14ea4d98d4f81a0ddc) Importer(815301076,1909f56bfc062723c751e8b465ee728b)
Start importing Assets/Modern tiles_Free/Interiors_free/32x32/Interiors_free_32x32_31.asset using Guid(7bf728d6a1cfda14ea4d98d4f81a0ddc) Importer(815301076,1909f56bfc062723c751e8b465ee728b) (PreviewImporter) -> (Import Result ID: 'c617c20e93228b6af622c329c72044dd') in 0.0122186 seconds [static and dynamic dependencies]. Details - ImportResultOutputID=95b83ab12bd60e2940f613bd5f81658b DependenciesID=646e60ea78df1f03445f780c8b0b6b07 StaticDependenciesID=4b7b2b158165387152773fe1a3c298f1 
Number of updated asset objects reloaded before import = 0Number of asset objects unloaded after import = 3

========================================================================
Received Import Request.
  Time since last request: 0.000021 seconds.
  path: Assets/Modern tiles_Free/Interiors_free/32x32/Interiors_free_32x32_27.asset
  importAddress: Guid(6ef67ee0e927f3d45b387069a6f5798b) Importer(815301076,1909f56bfc062723c751e8b465ee728b)
Start importing Assets/Modern tiles_Free/Interiors_free/32x32/Interiors_free_32x32_27.asset using Guid(6ef67ee0e927f3d45b387069a6f5798b) Importer(815301076,1909f56bfc062723c751e8b465ee728b) (PreviewImporter) -> (Import Result ID: '83174082951dbe575d4ed0f599f909cd') in 0.0129297 seconds [static and dynamic dependencies]. Details - ImportResultOutputID=dedd7e1682f2f92c372cc854c097400f DependenciesID=59bf2711e46cddf1f2c570f393223a55 StaticDependenciesID=127dd051d589ee6221c87106ee9fdfc8 
Number of updated asset objects reloaded before import = 0Number of asset objects unloaded after import = 3

========================================================================
Received Import Request.
  Time since last request: 0.000019 seconds.
  path: Assets/Modern tiles_Free/Interiors_free/32x32/Interiors_free_32x32_74.asset
  importAddress: Guid(20db5f8153e23c642aebb1490430e237) Importer(815301076,1909f56bfc062723c751e8b465ee728b)
Start importing Assets/Modern tiles_Free/Interiors_free/32x32/Interiors_free_32x32_74.asset using Guid(20db5f8153e23c642aebb1490430e237) Importer(815301076,1909f56bfc062723c751e8b465ee728b) (PreviewImporter) -> (Import Result ID: '8fbe89b9498ea352781ea35678abb150') in 0.0101726 seconds [static and dynamic dependencies]. Details - ImportResultOutputID=dbaf9c2b22dc59d479347c7a8a12f13a DependenciesID=ef9190eedcd28a887b06ae520740cef6 StaticDependenciesID=ff36d0145ed2c20b1089d8c924cff8b1 
Number of updated asset objects reloaded before import = 0Number of asset objects unloaded after import = 3

========================================================================
Received Import Request.
  Time since last request: 0.558909 seconds.
  path: Assets/Modern tiles_Free/Interiors_free/32x32/Interiors_free_32x32_604.asset
  importAddress: Guid(216600fc2b96b184b88321b60ef00802) Importer(2089858483,b0f066a214c2f5e87bad3c948f4d605d)
Start importing Assets/Modern tiles_Free/Interiors_free/32x32/Interiors_free_32x32_604.asset using Guid(216600fc2b96b184b88321b60ef00802) Importer(2089858483,b0f066a214c2f5e87bad3c948f4d605d) (ScriptedImporter) -> (Import Result ID: 'ba9791a678dd6c18e5db5443f75a8fe0') in 0.019002 seconds [static and dynamic dependencies]. Details - ImportResultOutputID=8928b88aa2f517e804bf66af91aa3126 DependenciesID=8e479fb585b73dc66472c049182c2d4a StaticDependenciesID=79991d59761b9f9a06b9ab41638b4126 
Number of updated asset objects reloaded before import = 0Number of asset objects unloaded after import = 2

========================================================================
Received Import Request.
  Time since last request: 0.000020 seconds.
  path: Assets/Modern tiles_Free/Interiors_free/32x32/Interiors_free_32x32_145.asset
  importAddress: Guid(adb091f3680613f45af8335de9791840) Importer(2089858483,b0f066a214c2f5e87bad3c948f4d605d)
Start importing Assets/Modern tiles_Free/Interiors_free/32x32/Interiors_free_32x32_145.asset using Guid(adb091f3680613f45af8335de9791840) Importer(2089858483,b0f066a214c2f5e87bad3c948f4d605d) (ScriptedImporter) -> (Import Result ID: 'ee461ff079ee41e11602578bfa7773cb') in 0.0094267 seconds [static and dynamic dependencies]. Details - ImportResultOutputID=ac4fb0bccff6f5ad22e9cc2a38b5e309 DependenciesID=ae9c152ae586bec1b657809f78bce8ba StaticDependenciesID=496d603d0e82ef662cca900a96963560 
Number of updated asset objects reloaded before import = 0Number of asset objects unloaded after import = 2

========================================================================
Received Import Request.
  Time since last request: 0.000042 seconds.
  path: Assets/Modern tiles_Free/Interiors_free/32x32/Interiors_free_32x32_973.asset
  importAddress: Guid(6c7f3ada60f6d774e8e5626c615a4f3e) Importer(2089858483,b0f066a214c2f5e87bad3c948f4d605d)
Start importing Assets/Modern tiles_Free/Interiors_free/32x32/Interiors_free_32x32_973.asset using Guid(6c7f3ada60f6d774e8e5626c615a4f3e) Importer(2089858483,b0f066a214c2f5e87bad3c948f4d605d) (ScriptedImporter) -> (Import Result ID: '6a0e6cf4e6eba55776a47bf78347a3ba') in 0.0092838 seconds [static and dynamic dependencies]. Details - ImportResultOutputID=1b215c2ebe6b388026e9657f740f555c DependenciesID=1ee7f040db06e8b3a8b540d42f3f1d51 StaticDependenciesID=bf4d797c0e863f7fdd6e4bce56aeec7c 
Number of updated asset objects reloaded before import = 0Number of asset objects unloaded after import = 2

========================================================================
Received Import Request.
  Time since last request: 0.000024 seconds.
  path: Assets/Modern tiles_Free/Interiors_free/32x32/Interiors_free_32x32_986.asset
  importAddress: Guid(51fb100d116354049b666cdb3b406b49) Importer(2089858483,b0f066a214c2f5e87bad3c948f4d605d)
Start importing Assets/Modern tiles_Free/Interiors_free/32x32/Interiors_free_32x32_986.asset using Guid(51fb100d116354049b666cdb3b406b49) Importer(2089858483,b0f066a214c2f5e87bad3c948f4d605d) (ScriptedImporter) -> (Import Result ID: 'dd3779035782fb975a138903829349cc') in 0.0099676 seconds [static and dynamic dependencies]. Details - ImportResultOutputID=6a127dde8138a748b265c01db8e2a282 DependenciesID=e3986bedbd6057484077001a6b3e64fe StaticDependenciesID=89a3d0d091a8f2ebfebac4aa77c6a1bc 
Number of updated asset objects reloaded before import = 0Number of asset objects unloaded after import = 2

========================================================================
Received Import Request.
  Time since last request: 0.000021 seconds.
  path: Assets/Modern tiles_Free/Interiors_free/32x32/Interiors_free_32x32_403.asset
  importAddress: Guid(810c42c7ab76f5447ab24bb73a2c9d6a) Importer(2089858483,b0f066a214c2f5e87bad3c948f4d605d)
Start importing Assets/Modern tiles_Free/Interiors_free/32x32/Interiors_free_32x32_403.asset using Guid(810c42c7ab76f5447ab24bb73a2c9d6a) Importer(2089858483,b0f066a214c2f5e87bad3c948f4d605d) (ScriptedImporter) -> (Import Result ID: '011b1cccaf5a2a9985e4962ca72e6753') in 0.0095804 seconds [static and dynamic dependencies]. Details - ImportResultOutputID=71fcc08b98adfbcc240c2efd9ab16900 DependenciesID=d130a1773e9709275c3cb4edcc612215 StaticDependenciesID=af9cefc60af032d159cbf727bb085414 
Number of updated asset objects reloaded before import = 0Number of asset objects unloaded after import = 2

========================================================================
Received Import Request.
  Time since last request: 0.000019 seconds.
  path: Assets/Modern tiles_Free/Interiors_free/32x32/Interiors_free_32x32_689.asset
  importAddress: Guid(ee5136c3a309e15499649592022c691f) Importer(2089858483,b0f066a214c2f5e87bad3c948f4d605d)
Start importing Assets/Modern tiles_Free/Interiors_free/32x32/Interiors_free_32x32_689.asset using Guid(ee5136c3a309e15499649592022c691f) Importer(2089858483,b0f066a214c2f5e87bad3c948f4d605d) (ScriptedImporter) -> (Import Result ID: '0644c0feeb7f871f7d8041c6431b1602') in 0.0087769 seconds [static and dynamic dependencies]. Details - ImportResultOutputID=1c9cc1263351f1239598a6fb9223a7e2 DependenciesID=e95a074ad723a324f055cc34777f3d19 StaticDependenciesID=84257309e282196721890b7ab699c102 
Number of updated asset objects reloaded before import = 0Number of asset objects unloaded after import = 2

========================================================================
Received Import Request.
  Time since last request: 0.000022 seconds.
  path: Assets/Modern tiles_Free/Interiors_free/32x32/Interiors_free_32x32_311.asset
  importAddress: Guid(56c44675d618fcc499ff6d9f98d29230) Importer(2089858483,b0f066a214c2f5e87bad3c948f4d605d)
Start importing Assets/Modern tiles_Free/Interiors_free/32x32/Interiors_free_32x32_311.asset using Guid(56c44675d618fcc499ff6d9f98d29230) Importer(2089858483,b0f066a214c2f5e87bad3c948f4d605d) (ScriptedImporter) -> (Import Result ID: '74fbe5dec6c8dc831f0d413e23d9faf9') in 0.0118461 seconds [static and dynamic dependencies]. Details - ImportResultOutputID=9adc047b6937d2e541657fdb50f29ba6 DependenciesID=1a20609967946df0cd3d0919884834c8 StaticDependenciesID=eae63147f1da1855c4b0ca82c29b0c20 
Number of updated asset objects reloaded before import = 0Number of asset objects unloaded after import = 2

========================================================================
Received Import Request.
  Time since last request: 0.000018 seconds.
  path: Assets/Modern tiles_Free/Interiors_free/32x32/Interiors_free_32x32_585.asset
  importAddress: Guid(b136b4b3872b84b449f2508b2b685c5a) Importer(2089858483,b0f066a214c2f5e87bad3c948f4d605d)
Start importing Assets/Modern tiles_Free/Interiors_free/32x32/Interiors_free_32x32_585.asset using Guid(b136b4b3872b84b449f2508b2b685c5a) Importer(2089858483,b0f066a214c2f5e87bad3c948f4d605d) (ScriptedImporter) -> (Import Result ID: 'b4311bd595bf021c5fa7d568eb5af58c') in 0.0094734 seconds [static and dynamic dependencies]. Details - ImportResultOutputID=0f6aa74d1ca94e6a5d6c2caec8652f18 DependenciesID=64bc94b3274e7a8877754e271f1b9a32 StaticDependenciesID=a6d77001cb9a530326c104e8806e5e79 
Number of updated asset objects reloaded before import = 0Number of asset objects unloaded after import = 2

========================================================================
Received Import Request.
  Time since last request: 0.000024 seconds.
  path: Assets/Modern tiles_Free/Interiors_free/32x32/Interiors_free_32x32_16.asset
  importAddress: Guid(9c0ece482ec82fd42ad1acfd0f72a259) Importer(2089858483,b0f066a214c2f5e87bad3c948f4d605d)
Start importing Assets/Modern tiles_Free/Interiors_free/32x32/Interiors_free_32x32_16.asset using Guid(9c0ece482ec82fd42ad1acfd0f72a259) Importer(2089858483,b0f066a214c2f5e87bad3c948f4d605d) (ScriptedImporter) -> (Import Result ID: 'e387424e3a473c13c4845019b4a75963') in 0.0085359 seconds [static and dynamic dependencies]. Details - ImportResultOutputID=5b781934886d07cbda974a712b222801 DependenciesID=f389174b8cef7f5891f47ba52c38058c StaticDependenciesID=720f5045451d819936dcb6d7ea90869c 
Number of updated asset objects reloaded before import = 0Number of asset objects unloaded after import = 2

========================================================================
Received Import Request.
  Time since last request: 0.000019 seconds.
  path: Assets/Modern tiles_Free/Interiors_free/32x32/Interiors_free_32x32_329.asset
  importAddress: Guid(d699800ea7fd7ea4ba37e25206745b4e) Importer(2089858483,b0f066a214c2f5e87bad3c948f4d605d)
Start importing Assets/Modern tiles_Free/Interiors_free/32x32/Interiors_free_32x32_329.asset using Guid(d699800ea7fd7ea4ba37e25206745b4e) Importer(2089858483,b0f066a214c2f5e87bad3c948f4d605d) (ScriptedImporter) -> (Import Result ID: 'a07870a4ae2956a23756fc24b938c8d6') in 0.00867 seconds [static and dynamic dependencies]. Details - ImportResultOutputID=43ef6bf542cada34b68b86f88e6b8c14 DependenciesID=d0a742877be874b79c38d29dd5687eab StaticDependenciesID=f43badc77e16a5dc5e5e0c8787bd479d 
Number of updated asset objects reloaded before import = 0Number of asset objects unloaded after import = 2

========================================================================
Received Import Request.
  Time since last request: 0.000031 seconds.
  path: Assets/Modern tiles_Free/Interiors_free/32x32/Interiors_free_32x32_606.asset
  importAddress: Guid(2df9fdab376beef4e817efd57c87db17) Importer(2089858483,b0f066a214c2f5e87bad3c948f4d605d)
Start importing Assets/Modern tiles_Free/Interiors_free/32x32/Interiors_free_32x32_606.asset using Guid(2df9fdab376beef4e817efd57c87db17) Importer(2089858483,b0f066a214c2f5e87bad3c948f4d605d) (ScriptedImporter) -> (Import Result ID: 'afbbddbe692e005792657997dc3a87a5') in 0.0085893 seconds [static and dynamic dependencies]. Details - ImportResultOutputID=c4a43ce3afee7ca4909f0fcf5cdcae36 DependenciesID=c21bb24eecf42af77c09ba346f0a288e StaticDependenciesID=49221f17e39b2bf6480444bdcff01b5f 
Number of updated asset objects reloaded before import = 0Number of asset objects unloaded after import = 2

========================================================================
Received Import Request.
  Time since last request: 0.000019 seconds.
  path: Assets/Modern tiles_Free/Interiors_free/32x32/Interiors_free_32x32_214.asset
  importAddress: Guid(2e90bec5d583fa74293a6fe6c2580767) Importer(2089858483,b0f066a214c2f5e87bad3c948f4d605d)
Start importing Assets/Modern tiles_Free/Interiors_free/32x32/Interiors_free_32x32_214.asset using Guid(2e90bec5d583fa74293a6fe6c2580767) Importer(2089858483,b0f066a214c2f5e87bad3c948f4d605d) (ScriptedImporter) -> (Import Result ID: 'a7c20eb44b3b51807eea24933b7983ac') in 0.0091129 seconds [static and dynamic dependencies]. Details - ImportResultOutputID=861deb040f9e51ab123d07843435aec1 DependenciesID=1997960037d50eda644121060de1019e StaticDependenciesID=6e3b5d1761e2c15cbd221425f24234c2 
Number of updated asset objects reloaded before import = 0Number of asset objects unloaded after import = 2

========================================================================
Received Import Request.
  Time since last request: 0.000018 seconds.
  path: Assets/Modern tiles_Free/Interiors_free/32x32/Interiors_free_32x32_622.asset
  importAddress: Guid(0ddf5644ffc50bc409c5c82f18811f44) Importer(2089858483,b0f066a214c2f5e87bad3c948f4d605d)
Start importing Assets/Modern tiles_Free/Interiors_free/32x32/Interiors_free_32x32_622.asset using Guid(0ddf5644ffc50bc409c5c82f18811f44) Importer(2089858483,b0f066a214c2f5e87bad3c948f4d605d) (ScriptedImporter) -> (Import Result ID: '077842106b305d3afa17279b2fbeaa9c') in 0.008926 seconds [static and dynamic dependencies]. Details - ImportResultOutputID=b5d048c0abbc61a8dcae0c4efc31c6bb DependenciesID=797004de6bb242bb78c88f2401aeab5c StaticDependenciesID=10e72aa6fc4b0ef540d68d83c21d4e32 
Number of updated asset objects reloaded before import = 0Number of asset objects unloaded after import = 2

========================================================================
Received Import Request.
  Time since last request: 0.000017 seconds.
  path: Assets/Modern tiles_Free/Interiors_free/32x32/Interiors_free_32x32_546.asset
  importAddress: Guid(3416a20d4342f3a47927fe5688cbbe12) Importer(2089858483,b0f066a214c2f5e87bad3c948f4d605d)
Start importing Assets/Modern tiles_Free/Interiors_free/32x32/Interiors_free_32x32_546.asset using Guid(3416a20d4342f3a47927fe5688cbbe12) Importer(2089858483,b0f066a214c2f5e87bad3c948f4d605d) (ScriptedImporter) -> (Import Result ID: '9d47b523a364089e46b114f9de967e61') in 0.0087587 seconds [static and dynamic dependencies]. Details - ImportResultOutputID=488eff7884979bfc8635e148d667666d DependenciesID=cfd717c61c0ce61c564f3cdc6a49f9fa StaticDependenciesID=aef6406cb7f83e1f5c4da432aca16165 
Number of updated asset objects reloaded before import = 0Number of asset objects unloaded after import = 2

========================================================================
Received Import Request.
  Time since last request: 0.000015 seconds.
  path: Assets/Modern tiles_Free/Interiors_free/32x32/Interiors_free_32x32_742.asset
  importAddress: Guid(4a6ce5ba1a39116458d28a6e5694356c) Importer(2089858483,b0f066a214c2f5e87bad3c948f4d605d)
Start importing Assets/Modern tiles_Free/Interiors_free/32x32/Interiors_free_32x32_742.asset using Guid(4a6ce5ba1a39116458d28a6e5694356c) Importer(2089858483,b0f066a214c2f5e87bad3c948f4d605d) (ScriptedImporter) -> (Import Result ID: '02fdc9f3d58c07d4919bc7a00aa1b08c') in 0.0087604 seconds [static and dynamic dependencies]. Details - ImportResultOutputID=168384db1065044f2fb3643d73744c9f DependenciesID=e1619e0aa1a42091a08f88df2446bfce StaticDependenciesID=4c6a2a902777348f0a070d944286795e 
Number of updated asset objects reloaded before import = 0Number of asset objects unloaded after import = 2

========================================================================
Received Import Request.
  Time since last request: 0.000019 seconds.
  path: Assets/Modern tiles_Free/Interiors_free/32x32/Interiors_free_32x32_50.asset
  importAddress: Guid(272bffa97c7ded3428c1625039d7ab2b) Importer(2089858483,b0f066a214c2f5e87bad3c948f4d605d)
Start importing Assets/Modern tiles_Free/Interiors_free/32x32/Interiors_free_32x32_50.asset using Guid(272bffa97c7ded3428c1625039d7ab2b) Importer(2089858483,b0f066a214c2f5e87bad3c948f4d605d) (ScriptedImporter) -> (Import Result ID: 'fe17c14a4d8f9e1d2380dca43ee21b53') in 0.0081388 seconds [static and dynamic dependencies]. Details - ImportResultOutputID=4eadb04a7650060b5f155c763b2e97dd DependenciesID=6c0bbf75dc5d3192d8ea872f818e00b1 StaticDependenciesID=dbeb5906784356a5ff0a5a959e8688a8 
Number of updated asset objects reloaded before import = 0Number of asset objects unloaded after import = 2

========================================================================
Received Import Request.
  Time since last request: 0.000017 seconds.
  path: Assets/Modern tiles_Free/Interiors_free/32x32/Interiors_free_32x32_1218.asset
  importAddress: Guid(20033a2f69ad612498cdcde3aad9538a) Importer(2089858483,b0f066a214c2f5e87bad3c948f4d605d)
Start importing Assets/Modern tiles_Free/Interiors_free/32x32/Interiors_free_32x32_1218.asset using Guid(20033a2f69ad612498cdcde3aad9538a) Importer(2089858483,b0f066a214c2f5e87bad3c948f4d605d) (ScriptedImporter) -> (Import Result ID: 'f2d268ab6fd83445aeeef679a7c5df1a') in 0.0090243 seconds [static and dynamic dependencies]. Details - ImportResultOutputID=fc0a7cfc1d0ea8ddc45d8611b4b77170 DependenciesID=ce9abd4404b0b21f668c26d046997bb9 StaticDependenciesID=30362e65478710e8422f35cf4ee66f1a 
Number of updated asset objects reloaded before import = 0Number of asset objects unloaded after import = 2

========================================================================
Received Import Request.
  Time since last request: 0.000015 seconds.
  path: Assets/Modern tiles_Free/Interiors_free/32x32/Interiors_free_32x32_1012.asset
  importAddress: Guid(b637f0dc68384114eae83ecf2380e557) Importer(2089858483,b0f066a214c2f5e87bad3c948f4d605d)
Start importing Assets/Modern tiles_Free/Interiors_free/32x32/Interiors_free_32x32_1012.asset using Guid(b637f0dc68384114eae83ecf2380e557) Importer(2089858483,b0f066a214c2f5e87bad3c948f4d605d) (ScriptedImporter) -> (Import Result ID: 'd6c4d9fcd08ed4be169e50784c4763a5') in 0.0083284 seconds [static and dynamic dependencies]. Details - ImportResultOutputID=e4c5c69c13d4704d246fa6427d229ecf DependenciesID=3722212c50265047ddefd1b14de0363e StaticDependenciesID=3f094d61bfe5d1bd531992da4c7a9925 
Number of updated asset objects reloaded before import = 0Number of asset objects unloaded after import = 2

========================================================================
Received Import Request.
  Time since last request: 0.000018 seconds.
  path: Assets/Modern tiles_Free/Interiors_free/32x32/Interiors_free_32x32_957.asset
  importAddress: Guid(3e7d31cbb119b744e8a0cd2386142bc4) Importer(2089858483,b0f066a214c2f5e87bad3c948f4d605d)
Start importing Assets/Modern tiles_Free/Interiors_free/32x32/Interiors_free_32x32_957.asset using Guid(3e7d31cbb119b744e8a0cd2386142bc4) Importer(2089858483,b0f066a214c2f5e87bad3c948f4d605d) (ScriptedImporter) -> (Import Result ID: 'c0d44514d64c2077a90ee210a1b978e7') in 0.0087038 seconds [static and dynamic dependencies]. Details - ImportResultOutputID=f8fef10e1c6872560b20a0102bf09a3a DependenciesID=7d01d0d9029fc3a37608f1ac50ecdae4 StaticDependenciesID=236b75cf8dd8c24e03b189878bbdc031 
Number of updated asset objects reloaded before import = 0Number of asset objects unloaded after import = 2

========================================================================
Received Import Request.
  Time since last request: 0.000021 seconds.
  path: Assets/Modern tiles_Free/Interiors_free/32x32/Interiors_free_32x32_681.asset
  importAddress: Guid(c57260110822d3748bd35adc16c58e62) Importer(2089858483,b0f066a214c2f5e87bad3c948f4d605d)
Start importing Assets/Modern tiles_Free/Interiors_free/32x32/Interiors_free_32x32_681.asset using Guid(c57260110822d3748bd35adc16c58e62) Importer(2089858483,b0f066a214c2f5e87bad3c948f4d605d) (ScriptedImporter) -> (Import Result ID: '72001ecc1b250ee9db54a16cb5f4fd57') in 0.0083151 seconds [static and dynamic dependencies]. Details - ImportResultOutputID=323ef05b2150c11c49c5737ae8567f66 DependenciesID=9377b52a5176da62cbb58e83911c9cae StaticDependenciesID=6dff7e2d13f1eff69648bfc12e0cb823 
Number of updated asset objects reloaded before import = 0Number of asset objects unloaded after import = 2

========================================================================
Received Import Request.
  Time since last request: 0.000019 seconds.
  path: Assets/Modern tiles_Free/Interiors_free/32x32/Interiors_free_32x32_35.asset
  importAddress: Guid(3342bb43ccd66a041bdb3c28f18fdbf8) Importer(2089858483,b0f066a214c2f5e87bad3c948f4d605d)
Start importing Assets/Modern tiles_Free/Interiors_free/32x32/Interiors_free_32x32_35.asset using Guid(3342bb43ccd66a041bdb3c28f18fdbf8) Importer(2089858483,b0f066a214c2f5e87bad3c948f4d605d) (ScriptedImporter) -> (Import Result ID: 'b145fed0c96a8af19b7bbec23e4471ee') in 0.0098504 seconds [static and dynamic dependencies]. Details - ImportResultOutputID=faf4ccd85ebed8ea70a256bccde9f079 DependenciesID=7b74cb58db5de899487a1b4066d57f3d StaticDependenciesID=a965dbdb7a66f25aae06a8b298e46130 
Number of updated asset objects reloaded before import = 0Number of asset objects unloaded after import = 2

========================================================================
Received Import Request.
  Time since last request: 0.000015 seconds.
  path: Assets/Modern tiles_Free/Interiors_free/32x32/Interiors_free_32x32_988.asset
  importAddress: Guid(fe9cd3e004a296a408e416a178a64b72) Importer(2089858483,b0f066a214c2f5e87bad3c948f4d605d)
Start importing Assets/Modern tiles_Free/Interiors_free/32x32/Interiors_free_32x32_988.asset using Guid(fe9cd3e004a296a408e416a178a64b72) Importer(2089858483,b0f066a214c2f5e87bad3c948f4d605d) (ScriptedImporter) -> (Import Result ID: '341531b5df41ca5f6f8afb480d1cc49a') in 0.0085283 seconds [static and dynamic dependencies]. Details - ImportResultOutputID=317700649f0c03a71f5bf0b8cd91fef6 DependenciesID=62c2f8e2a87864a002e0d0d247475f31 StaticDependenciesID=f899ae2730a97ae74778f190d79fea71 
Number of updated asset objects reloaded before import = 0Number of asset objects unloaded after import = 2

========================================================================
Received Import Request.
  Time since last request: 0.000017 seconds.
  path: Assets/Modern tiles_Free/Interiors_free/32x32/Interiors_free_32x32_74.asset
  importAddress: Guid(20db5f8153e23c642aebb1490430e237) Importer(2089858483,b0f066a214c2f5e87bad3c948f4d605d)
Start importing Assets/Modern tiles_Free/Interiors_free/32x32/Interiors_free_32x32_74.asset using Guid(20db5f8153e23c642aebb1490430e237) Importer(2089858483,b0f066a214c2f5e87bad3c948f4d605d) (ScriptedImporter) -> (Import Result ID: '0b8166ff72fe08bf262c3597bdb17a68') in 0.0088668 seconds [static and dynamic dependencies]. Details - ImportResultOutputID=81e612e8e6c94ac84bfc1642e48ed120 DependenciesID=4b84fdb13485c24ce5bb555111dde181 StaticDependenciesID=e9241a8a6a5a702c4f07fcb1feca10a5 
Number of updated asset objects reloaded before import = 0Number of asset objects unloaded after import = 2

========================================================================
Received Import Request.
  Time since last request: 0.007571 seconds.
  path: Assets/Modern tiles_Free/Interiors_free/32x32/Interiors_free_32x32_677.asset
  importAddress: Guid(85b801384f6dd244cb316098ae093236) Importer(2089858483,b0f066a214c2f5e87bad3c948f4d605d)
Start importing Assets/Modern tiles_Free/Interiors_free/32x32/Interiors_free_32x32_677.asset using Guid(85b801384f6dd244cb316098ae093236) Importer(2089858483,b0f066a214c2f5e87bad3c948f4d605d) (ScriptedImporter) -> (Import Result ID: '13cb0e0bbcc40c1077ab2cdfa73eb095') in 0.0086055 seconds [static and dynamic dependencies]. Details - ImportResultOutputID=c0c690a91494ba84029c0cc6e248ce75 DependenciesID=19724095e519276347473900a6a53a8f StaticDependenciesID=196917a8cb977efa0c83af654c24fade 
Number of updated asset objects reloaded before import = 0Number of asset objects unloaded after import = 2

========================================================================
Received Import Request.
  Time since last request: 0.000018 seconds.
  path: Assets/Modern tiles_Free/Interiors_free/32x32/Interiors_free_32x32_109.asset
  importAddress: Guid(dc15537cf200c3342b1c88a68eac562c) Importer(2089858483,b0f066a214c2f5e87bad3c948f4d605d)
Start importing Assets/Modern tiles_Free/Interiors_free/32x32/Interiors_free_32x32_109.asset using Guid(dc15537cf200c3342b1c88a68eac562c) Importer(2089858483,b0f066a214c2f5e87bad3c948f4d605d) (ScriptedImporter) -> (Import Result ID: '627ba5c9cf818abb8c1cbf8b9c963efe') in 0.0088164 seconds [static and dynamic dependencies]. Details - ImportResultOutputID=73159761a485ca1da5f28cefa1b5fb81 DependenciesID=8a456ae7908da11cab0618f86ef0ba83 StaticDependenciesID=786bef600544e8f9d1f4771844611d5c 
Number of updated asset objects reloaded before import = 0Number of asset objects unloaded after import = 2

========================================================================
Received Import Request.
  Time since last request: 0.000024 seconds.
  path: Assets/Modern tiles_Free/Interiors_free/32x32/Interiors_free_32x32_919.asset
  importAddress: Guid(2a81a86151300b741a0d1dd65ce07b60) Importer(2089858483,b0f066a214c2f5e87bad3c948f4d605d)
Start importing Assets/Modern tiles_Free/Interiors_free/32x32/Interiors_free_32x32_919.asset using Guid(2a81a86151300b741a0d1dd65ce07b60) Importer(2089858483,b0f066a214c2f5e87bad3c948f4d605d) (ScriptedImporter) -> (Import Result ID: '4938a4bf5a435b7cf4a93bd34b07d5cc') in 0.0083464 seconds [static and dynamic dependencies]. Details - ImportResultOutputID=223361fa666607b68211ca07101a4d1b DependenciesID=85b180d2c41e083698a62645b4ecf16a StaticDependenciesID=292401ff75a1aab4145e0e48e8e9f112 
Number of updated asset objects reloaded before import = 0Number of asset objects unloaded after import = 2

========================================================================
Received Import Request.
  Time since last request: 0.000018 seconds.
  path: Assets/Modern tiles_Free/Interiors_free/32x32/Interiors_free_32x32_975.asset
  importAddress: Guid(0532495fd1d0c2544bff6e467b43def2) Importer(2089858483,b0f066a214c2f5e87bad3c948f4d605d)
Start importing Assets/Modern tiles_Free/Interiors_free/32x32/Interiors_free_32x32_975.asset using Guid(0532495fd1d0c2544bff6e467b43def2) Importer(2089858483,b0f066a214c2f5e87bad3c948f4d605d) (ScriptedImporter) -> (Import Result ID: 'dc8b9e8b51edb14a2c1a8a97c74d093c') in 0.0094188 seconds [static and dynamic dependencies]. Details - ImportResultOutputID=e6704658b347bc64aedc5bd59dc1fc40 DependenciesID=4c62a299ff985a1726b1ab06a95db2b5 StaticDependenciesID=e16fbb682a0f50020a8b8e12292ddf3a 
Number of updated asset objects reloaded before import = 0Number of asset objects unloaded after import = 2

========================================================================
Received Import Request.
  Time since last request: 0.000020 seconds.
  path: Assets/Modern tiles_Free/Interiors_free/32x32/Interiors_free_32x32_947.asset
  importAddress: Guid(e7a57d718f7b6a842b1d652cd8269a2d) Importer(2089858483,b0f066a214c2f5e87bad3c948f4d605d)
Start importing Assets/Modern tiles_Free/Interiors_free/32x32/Interiors_free_32x32_947.asset using Guid(e7a57d718f7b6a842b1d652cd8269a2d) Importer(2089858483,b0f066a214c2f5e87bad3c948f4d605d) (ScriptedImporter) -> (Import Result ID: '5ab4a1dae446d47f51839bf1e2e45045') in 0.0092701 seconds [static and dynamic dependencies]. Details - ImportResultOutputID=cf7889aef104f36e1fea694dc35a15bb DependenciesID=3568981f0a6534d1a2ccd52fdf2fc82e StaticDependenciesID=8343c71d7d3be52cdfbc5be5021a8be5 
Number of updated asset objects reloaded before import = 0Number of asset objects unloaded after import = 2

========================================================================
Received Import Request.
  Time since last request: 0.000017 seconds.
  path: Assets/Modern tiles_Free/Interiors_free/32x32/Interiors_free_32x32_305.asset
  importAddress: Guid(540acd3326d83c948baaa16b2ba794be) Importer(2089858483,b0f066a214c2f5e87bad3c948f4d605d)
Start importing Assets/Modern tiles_Free/Interiors_free/32x32/Interiors_free_32x32_305.asset using Guid(540acd3326d83c948baaa16b2ba794be) Importer(2089858483,b0f066a214c2f5e87bad3c948f4d605d) (ScriptedImporter) -> (Import Result ID: '59c62ba09791d7a096e0f0e2c5527f96') in 0.0085432 seconds [static and dynamic dependencies]. Details - ImportResultOutputID=ffb01151aa5e76f441f4ea420a40018c DependenciesID=7e06b97f7bb8e708cf8578b582218f3d StaticDependenciesID=86d2586d263c429aebbf6c862e305259 
Number of updated asset objects reloaded before import = 0Number of asset objects unloaded after import = 2

========================================================================
Received Import Request.
  Time since last request: 0.000030 seconds.
  path: Assets/Modern tiles_Free/Interiors_free/32x32/Interiors_free_32x32_764.asset
  importAddress: Guid(fb176cf8a070e8f4d8b2142fdeb9d462) Importer(2089858483,b0f066a214c2f5e87bad3c948f4d605d)
Start importing Assets/Modern tiles_Free/Interiors_free/32x32/Interiors_free_32x32_764.asset using Guid(fb176cf8a070e8f4d8b2142fdeb9d462) Importer(2089858483,b0f066a214c2f5e87bad3c948f4d605d) (ScriptedImporter) -> (Import Result ID: 'f24f01c4101e9371e2933a86495648cc') in 0.0088795 seconds [static and dynamic dependencies]. Details - ImportResultOutputID=736a53b8795871ad9650ca8126a60170 DependenciesID=5d254bb0154344c1884b21c02747de17 StaticDependenciesID=04aa6e32f5db152a37a149aa484b014f 
Number of updated asset objects reloaded before import = 0Number of asset objects unloaded after import = 2

========================================================================
Received Import Request.
  Time since last request: 0.000016 seconds.
  path: Assets/Modern tiles_Free/Interiors_free/32x32/Interiors_free_32x32_1163.asset
  importAddress: Guid(aa140ec3022cda74a930ea1c12f954c5) Importer(2089858483,b0f066a214c2f5e87bad3c948f4d605d)
Start importing Assets/Modern tiles_Free/Interiors_free/32x32/Interiors_free_32x32_1163.asset using Guid(aa140ec3022cda74a930ea1c12f954c5) Importer(2089858483,b0f066a214c2f5e87bad3c948f4d605d) (ScriptedImporter) -> (Import Result ID: '118477078800aa6193eae0900bce9c56') in 0.0085337 seconds [static and dynamic dependencies]. Details - ImportResultOutputID=ba1fab192ced746e9809e0c3afc13dab DependenciesID=16eee2f3c01ba1bf99514e42d60cc448 StaticDependenciesID=803583b5e8951abe0288eca64fd21247 
Number of updated asset objects reloaded before import = 0Number of asset objects unloaded after import = 2

========================================================================
Received Import Request.
  Time since last request: 0.000023 seconds.
  path: Assets/Modern tiles_Free/Interiors_free/32x32/Interiors_free_32x32_978.asset
  importAddress: Guid(ce1d5018bc958434aa493fd7dcc2eba5) Importer(2089858483,b0f066a214c2f5e87bad3c948f4d605d)
Start importing Assets/Modern tiles_Free/Interiors_free/32x32/Interiors_free_32x32_978.asset using Guid(ce1d5018bc958434aa493fd7dcc2eba5) Importer(2089858483,b0f066a214c2f5e87bad3c948f4d605d) (ScriptedImporter) -> (Import Result ID: '3d89e11d1efb017da082a87273c7a59e') in 0.0089001 seconds [static and dynamic dependencies]. Details - ImportResultOutputID=206707ca599ddd5ea1e467f9ee65c6d1 DependenciesID=d12560cdb2a8fdce1700ee5c79d8903e StaticDependenciesID=28393b2c15d1632e0bf9d7e867a24e40 
Number of updated asset objects reloaded before import = 0Number of asset objects unloaded after import = 2

========================================================================
Received Import Request.
  Time since last request: 0.000021 seconds.
  path: Assets/Modern tiles_Free/Interiors_free/32x32/Interiors_free_32x32_720.asset
  importAddress: Guid(0294627ec1b093d4f829484176fbdc0c) Importer(2089858483,b0f066a214c2f5e87bad3c948f4d605d)
Start importing Assets/Modern tiles_Free/Interiors_free/32x32/Interiors_free_32x32_720.asset using Guid(0294627ec1b093d4f829484176fbdc0c) Importer(2089858483,b0f066a214c2f5e87bad3c948f4d605d) (ScriptedImporter) -> (Import Result ID: '371ad1b3aa8b2f809ec8ea415e311885') in 0.0087736 seconds [static and dynamic dependencies]. Details - ImportResultOutputID=0011c435a5f077c7850496b193cca56e DependenciesID=a917a107415c495efee8bfef95253982 StaticDependenciesID=4627eae7461fe32bcd32da8a09a81ce6 
Number of updated asset objects reloaded before import = 0Number of asset objects unloaded after import = 2

========================================================================
Received Import Request.
  Time since last request: 0.000064 seconds.
  path: Assets/Modern tiles_Free/Interiors_free/32x32/Interiors_free_32x32_423.asset
  importAddress: Guid(db2d0b144d0608c449f441ea1bfa325c) Importer(2089858483,b0f066a214c2f5e87bad3c948f4d605d)
Start importing Assets/Modern tiles_Free/Interiors_free/32x32/Interiors_free_32x32_423.asset using Guid(db2d0b144d0608c449f441ea1bfa325c) Importer(2089858483,b0f066a214c2f5e87bad3c948f4d605d) (ScriptedImporter) -> (Import Result ID: '08cff71dad2d07a3b40742677304d17d') in 0.0100366 seconds [static and dynamic dependencies]. Details - ImportResultOutputID=a7a9b9cba11f167f0abcb39aa6a72af9 DependenciesID=23fc429ca6f02a38ae2fa91497f59ac6 StaticDependenciesID=cd8b5c12f8be5630366b4f15835e2219 
Number of updated asset objects reloaded before import = 0Number of asset objects unloaded after import = 2

========================================================================
Received Import Request.
  Time since last request: 0.000019 seconds.
  path: Assets/Modern tiles_Free/Interiors_free/32x32/Interiors_free_32x32_324.asset
  importAddress: Guid(49d79c55504c04a4e9fcccc320bd00e6) Importer(2089858483,b0f066a214c2f5e87bad3c948f4d605d)
Start importing Assets/Modern tiles_Free/Interiors_free/32x32/Interiors_free_32x32_324.asset using Guid(49d79c55504c04a4e9fcccc320bd00e6) Importer(2089858483,b0f066a214c2f5e87bad3c948f4d605d) (ScriptedImporter) -> (Import Result ID: 'e0fecb12248885e6f09132b5f2ef8aab') in 0.0088736 seconds [static and dynamic dependencies]. Details - ImportResultOutputID=22ed32c294d1c916e7426b6b8e8cfbb8 DependenciesID=2f4c99b63a84762a923131ba73ac984a StaticDependenciesID=318279c8087c8e6aed281f548dba3f16 
Number of updated asset objects reloaded before import = 0Number of asset objects unloaded after import = 2

========================================================================
Received Import Request.
  Time since last request: 0.000015 seconds.
  path: Assets/Modern tiles_Free/Interiors_free/32x32/Interiors_free_32x32_1058.asset
  importAddress: Guid(e08befdb3269b9541a7ae04c1da9e368) Importer(2089858483,b0f066a214c2f5e87bad3c948f4d605d)
Start importing Assets/Modern tiles_Free/Interiors_free/32x32/Interiors_free_32x32_1058.asset using Guid(e08befdb3269b9541a7ae04c1da9e368) Importer(2089858483,b0f066a214c2f5e87bad3c948f4d605d) (ScriptedImporter) -> (Import Result ID: 'ad7cdcd960333e22d2288c06c208e2ed') in 0.0100153 seconds [static and dynamic dependencies]. Details - ImportResultOutputID=e91d01e0d98cbe9452e880d1e4b54026 DependenciesID=46aa7dddb55d57a75488e956fb4e8959 StaticDependenciesID=18a32433c607a5488ad42398c0dbe2b8 
Number of updated asset objects reloaded before import = 0Number of asset objects unloaded after import = 2

========================================================================
Received Import Request.
  Time since last request: 0.000025 seconds.
  path: Assets/Modern tiles_Free/Interiors_free/32x32/Interiors_free_32x32_1059.asset
  importAddress: Guid(823a36762192b104a858aec381253225) Importer(2089858483,b0f066a214c2f5e87bad3c948f4d605d)
Start importing Assets/Modern tiles_Free/Interiors_free/32x32/Interiors_free_32x32_1059.asset using Guid(823a36762192b104a858aec381253225) Importer(2089858483,b0f066a214c2f5e87bad3c948f4d605d) (ScriptedImporter) -> (Import Result ID: '4b8675bc9cdfbd924cb60cdd6f2c8b7a') in 0.0092099 seconds [static and dynamic dependencies]. Details - ImportResultOutputID=e5faaddfc79ef65294180580b651a02c DependenciesID=9377ea98500a634308b097de35a8e3ed StaticDependenciesID=5c7f8ddc623b7c5ce853c9d8d0916446 
Number of updated asset objects reloaded before import = 0Number of asset objects unloaded after import = 2

========================================================================
Received Import Request.
  Time since last request: 0.000019 seconds.
  path: Assets/Modern tiles_Free/Interiors_free/32x32/Interiors_free_32x32_328.asset
  importAddress: Guid(5f24d88b590dedc4fbb087f9edbfb9f0) Importer(2089858483,b0f066a214c2f5e87bad3c948f4d605d)
Start importing Assets/Modern tiles_Free/Interiors_free/32x32/Interiors_free_32x32_328.asset using Guid(5f24d88b590dedc4fbb087f9edbfb9f0) Importer(2089858483,b0f066a214c2f5e87bad3c948f4d605d) (ScriptedImporter) -> (Import Result ID: '979dfa3a62c1b7f5562c57a1f840bcac') in 0.0090947 seconds [static and dynamic dependencies]. Details - ImportResultOutputID=73db4a201451c13a4ba998c5544b327a DependenciesID=602812f877af8cb37b187e8f9612573e StaticDependenciesID=c96da808b7edfde4015063fe885ec9bd 
Number of updated asset objects reloaded before import = 0Number of asset objects unloaded after import = 2

========================================================================
Received Import Request.
  Time since last request: 0.000016 seconds.
  path: Assets/Modern tiles_Free/Interiors_free/32x32/Interiors_free_32x32_649.asset
  importAddress: Guid(ed1e360e9dfa8b04489c2931fb5d2611) Importer(2089858483,b0f066a214c2f5e87bad3c948f4d605d)
Start importing Assets/Modern tiles_Free/Interiors_free/32x32/Interiors_free_32x32_649.asset using Guid(ed1e360e9dfa8b04489c2931fb5d2611) Importer(2089858483,b0f066a214c2f5e87bad3c948f4d605d) (ScriptedImporter) -> (Import Result ID: '36fb8e42bd6a83ba9b73f064bf697a13') in 0.0091937 seconds [static and dynamic dependencies]. Details - ImportResultOutputID=a2430202490c9eb32be651f1bf90725b DependenciesID=3f7981a4c5e6ed9941645db395d40d1a StaticDependenciesID=71c028fbd4b3db7137a777c5e215835c 
Number of updated asset objects reloaded before import = 0Number of asset objects unloaded after import = 2

========================================================================
Received Import Request.
  Time since last request: 0.000021 seconds.
  path: Assets/Modern tiles_Free/Interiors_free/32x32/Interiors_free_32x32_343.asset
  importAddress: Guid(eff6c559fc67e584f96e148d045f0960) Importer(2089858483,b0f066a214c2f5e87bad3c948f4d605d)
Start importing Assets/Modern tiles_Free/Interiors_free/32x32/Interiors_free_32x32_343.asset using Guid(eff6c559fc67e584f96e148d045f0960) Importer(2089858483,b0f066a214c2f5e87bad3c948f4d605d) (ScriptedImporter) -> (Import Result ID: '026e05f7cd89ead6dd0be9400f51cd91') in 0.0088621 seconds [static and dynamic dependencies]. Details - ImportResultOutputID=45d74c6f71d5fe3eb5b752abc829667c DependenciesID=154fd63d7c283f3bb2bb303502006ed7 StaticDependenciesID=929f19abbe30ac32707d5b61c7a3913e 
Number of updated asset objects reloaded before import = 0Number of asset objects unloaded after import = 2

========================================================================
Received Import Request.
  Time since last request: 0.000021 seconds.
  path: Assets/Modern tiles_Free/Interiors_free/32x32/Interiors_free_32x32_1222.asset
  importAddress: Guid(750092729db77504d9e38d2cfddd0acd) Importer(2089858483,b0f066a214c2f5e87bad3c948f4d605d)
Start importing Assets/Modern tiles_Free/Interiors_free/32x32/Interiors_free_32x32_1222.asset using Guid(750092729db77504d9e38d2cfddd0acd) Importer(2089858483,b0f066a214c2f5e87bad3c948f4d605d) (ScriptedImporter) -> (Import Result ID: '82e54fc64f7e62f4a9defc7c9a22637a') in 0.0087878 seconds [static and dynamic dependencies]. Details - ImportResultOutputID=c468f56579eeee08e664fdca2cec6605 DependenciesID=820c61b4e02fbda9e4d4f4f887305ed1 StaticDependenciesID=02126197a2b6d8c964cb642c9e4c11db 
Number of updated asset objects reloaded before import = 0Number of asset objects unloaded after import = 2

========================================================================
Received Import Request.
  Time since last request: 0.000022 seconds.
  path: Assets/Modern tiles_Free/Interiors_free/32x32/Interiors_free_32x32_761.asset
  importAddress: Guid(d295b3abef261554c9c55158b17959c4) Importer(2089858483,b0f066a214c2f5e87bad3c948f4d605d)
Start importing Assets/Modern tiles_Free/Interiors_free/32x32/Interiors_free_32x32_761.asset using Guid(d295b3abef261554c9c55158b17959c4) Importer(2089858483,b0f066a214c2f5e87bad3c948f4d605d) (ScriptedImporter) -> (Import Result ID: 'affcd633ca19090560ae2d950bf063da') in 0.0088275 seconds [static and dynamic dependencies]. Details - ImportResultOutputID=1e1e6a03938f09186249d4a5ed2b5e3e DependenciesID=621db32d08e94ab6d65c244e04fb8ba8 StaticDependenciesID=cc91ce77bc96fac05a856a6e783bbadc 
Number of updated asset objects reloaded before import = 0Number of asset objects unloaded after import = 2

========================================================================
Received Import Request.
  Time since last request: 0.000016 seconds.
  path: Assets/Modern tiles_Free/Interiors_free/32x32/Interiors_free_32x32_1109.asset
  importAddress: Guid(48ed07e5d261a2a47a624bf7c938950a) Importer(2089858483,b0f066a214c2f5e87bad3c948f4d605d)
Start importing Assets/Modern tiles_Free/Interiors_free/32x32/Interiors_free_32x32_1109.asset using Guid(48ed07e5d261a2a47a624bf7c938950a) Importer(2089858483,b0f066a214c2f5e87bad3c948f4d605d) (ScriptedImporter) -> (Import Result ID: '48cde5a23d8cad40e1d54f4d8b2d148a') in 0.0084957 seconds [static and dynamic dependencies]. Details - ImportResultOutputID=8f73b376a8a5a07ee6ecd0c9e59ba300 DependenciesID=65f5f0571968b04f7af8f73d3ac49ae7 StaticDependenciesID=0fce1bbef9fb19b5438316bb91c31f57 
Number of updated asset objects reloaded before import = 0Number of asset objects unloaded after import = 2

========================================================================
Received Import Request.
  Time since last request: 0.000019 seconds.
  path: Assets/Modern tiles_Free/Interiors_free/32x32/Interiors_free_32x32_1173.asset
  importAddress: Guid(d5fc8cd13bd58a440ab49aef609864c9) Importer(2089858483,b0f066a214c2f5e87bad3c948f4d605d)
Start importing Assets/Modern tiles_Free/Interiors_free/32x32/Interiors_free_32x32_1173.asset using Guid(d5fc8cd13bd58a440ab49aef609864c9) Importer(2089858483,b0f066a214c2f5e87bad3c948f4d605d) (ScriptedImporter) -> (Import Result ID: '8194bb60ab9d9247927e0e2d10348275') in 0.0091692 seconds [static and dynamic dependencies]. Details - ImportResultOutputID=507de1b15e880bd3a28987608a9b8081 DependenciesID=d1b5504c224e57610ea3ab4759f607e8 StaticDependenciesID=618d92135683b948e0f650913a0461cc 
Number of updated asset objects reloaded before import = 0Number of asset objects unloaded after import = 2

========================================================================
Received Import Request.
  Time since last request: 0.000013 seconds.
  path: Assets/Modern tiles_Free/Interiors_free/32x32/Interiors_free_32x32_290.asset
  importAddress: Guid(cf8ec335756fbf14e9a30f3802f064e3) Importer(2089858483,b0f066a214c2f5e87bad3c948f4d605d)
Start importing Assets/Modern tiles_Free/Interiors_free/32x32/Interiors_free_32x32_290.asset using Guid(cf8ec335756fbf14e9a30f3802f064e3) Importer(2089858483,b0f066a214c2f5e87bad3c948f4d605d) (ScriptedImporter) -> (Import Result ID: 'b53b6438d995b663f244f61141af8287') in 0.0083936 seconds [static and dynamic dependencies]. Details - ImportResultOutputID=afb4efdde5e654d5b76ac601393e28c1 DependenciesID=80659798beb32b4ea9d0c14b22762120 StaticDependenciesID=60936f8fb495a7970f837981c3407ef3 
Number of updated asset objects reloaded before import = 0Number of asset objects unloaded after import = 2

========================================================================
Received Import Request.
  Time since last request: 0.000020 seconds.
  path: Assets/Modern tiles_Free/Interiors_free/32x32/Interiors_free_32x32_479.asset
  importAddress: Guid(d57669f2b3525fa4483cd0180d6dd1de) Importer(2089858483,b0f066a214c2f5e87bad3c948f4d605d)
Start importing Assets/Modern tiles_Free/Interiors_free/32x32/Interiors_free_32x32_479.asset using Guid(d57669f2b3525fa4483cd0180d6dd1de) Importer(2089858483,b0f066a214c2f5e87bad3c948f4d605d) (ScriptedImporter) -> (Import Result ID: '4ad7a089129d69051be2d4a452c4396e') in 0.0094149 seconds [static and dynamic dependencies]. Details - ImportResultOutputID=a3680e2404b679035f30d824f83b80c5 DependenciesID=7d542ad27703ddc684a585a71a0c02a6 StaticDependenciesID=b85c6fb8a1e4cf21da283e914211c0ff 
Number of updated asset objects reloaded before import = 0Number of asset objects unloaded after import = 2

========================================================================
Received Import Request.
  Time since last request: 0.000018 seconds.
  path: Assets/Modern tiles_Free/Interiors_free/32x32/Interiors_free_32x32_1024.asset
  importAddress: Guid(a442d12814bbe4c49807fd732b7dbada) Importer(2089858483,b0f066a214c2f5e87bad3c948f4d605d)
Start importing Assets/Modern tiles_Free/Interiors_free/32x32/Interiors_free_32x32_1024.asset using Guid(a442d12814bbe4c49807fd732b7dbada) Importer(2089858483,b0f066a214c2f5e87bad3c948f4d605d) (ScriptedImporter) -> (Import Result ID: '7f4f1e9f216362080dc51c6f83b74db3') in 0.0088407 seconds [static and dynamic dependencies]. Details - ImportResultOutputID=81b6b831745bd761877055d276f39e90 DependenciesID=52f4b3067bfc6cea1b1969961db2ac6e StaticDependenciesID=7e3aed86da2c4ac9526798f56fed7825 
Number of updated asset objects reloaded before import = 0Number of asset objects unloaded after import = 2

========================================================================
Received Import Request.
  Time since last request: 0.000019 seconds.
  path: Assets/Modern tiles_Free/Interiors_free/32x32/Interiors_free_32x32_344.asset
  importAddress: Guid(41f3b9362b297744893141de85963f75) Importer(2089858483,b0f066a214c2f5e87bad3c948f4d605d)
Start importing Assets/Modern tiles_Free/Interiors_free/32x32/Interiors_free_32x32_344.asset using Guid(41f3b9362b297744893141de85963f75) Importer(2089858483,b0f066a214c2f5e87bad3c948f4d605d) (ScriptedImporter) -> (Import Result ID: 'bdbf22ea5af262865520a66b9c9bd75a') in 0.0092744 seconds [static and dynamic dependencies]. Details - ImportResultOutputID=6783805e067759112c3721c87c013a2b DependenciesID=370a94d46bb3ff289ff7ae353bb10473 StaticDependenciesID=db842a13b4b93e94912d3d9f39fb558e 
Number of updated asset objects reloaded before import = 0Number of asset objects unloaded after import = 2

========================================================================
Received Import Request.
  Time since last request: 0.000017 seconds.
  path: Assets/Modern tiles_Free/Interiors_free/32x32/Interiors_free_32x32_394.asset
  importAddress: Guid(9731299f9d32b494d9b3ffc754d04759) Importer(2089858483,b0f066a214c2f5e87bad3c948f4d605d)
Start importing Assets/Modern tiles_Free/Interiors_free/32x32/Interiors_free_32x32_394.asset using Guid(9731299f9d32b494d9b3ffc754d04759) Importer(2089858483,b0f066a214c2f5e87bad3c948f4d605d) (ScriptedImporter) -> (Import Result ID: '88e29b81293273c6c2d847b360e441c7') in 0.0083939 seconds [static and dynamic dependencies]. Details - ImportResultOutputID=a8d2945064ded95e0a4eba8009d9f8d3 DependenciesID=8a05280bc39d342f7813c3d7935b714c StaticDependenciesID=cc0c89ceeb4b800c641a3f482b2e3a3d 
Number of updated asset objects reloaded before import = 0Number of asset objects unloaded after import = 2

========================================================================
Received Import Request.
  Time since last request: 0.000019 seconds.
  path: Assets/Modern tiles_Free/Interiors_free/32x32/Interiors_free_32x32_1136.asset
  importAddress: Guid(ab801a1c12df85e41abb0453cdc21691) Importer(2089858483,b0f066a214c2f5e87bad3c948f4d605d)
Start importing Assets/Modern tiles_Free/Interiors_free/32x32/Interiors_free_32x32_1136.asset using Guid(ab801a1c12df85e41abb0453cdc21691) Importer(2089858483,b0f066a214c2f5e87bad3c948f4d605d) (ScriptedImporter) -> (Import Result ID: '7a6de86561750ae78ece5549484ea4f0') in 0.0107007 seconds [static and dynamic dependencies]. Details - ImportResultOutputID=ec1827dab545295d9ff675a273382e0a DependenciesID=e5c3fc0f6b57f26b8c787ae4393b8b2d StaticDependenciesID=c3135ba47ad93bc9b1117318263335d8 
Number of updated asset objects reloaded before import = 0Number of asset objects unloaded after import = 2

========================================================================
Received Import Request.
  Time since last request: 0.739488 seconds.
  path: Assets/Modern tiles_Free/Interiors_free/32x32/Interiors_free_32x32_1134.asset
  importAddress: Guid(d960810ab8b97cb4ea0010c416ce91b9) Importer(2089858483,b0f066a214c2f5e87bad3c948f4d605d)
Start importing Assets/Modern tiles_Free/Interiors_free/32x32/Interiors_free_32x32_1134.asset using Guid(d960810ab8b97cb4ea0010c416ce91b9) Importer(2089858483,b0f066a214c2f5e87bad3c948f4d605d) (ScriptedImporter) -> (Import Result ID: '75c619a952f75e6f5c102c02591accc6') in 0.008534 seconds [static and dynamic dependencies]. Details - ImportResultOutputID=04bd5e17d00b1db121e9e4216fc4befe DependenciesID=90db98e8a5b0659591c0a9820b8fcc01 StaticDependenciesID=4bedf0bb38d58263126278f4d8091176 
Number of updated asset objects reloaded before import = 0Number of asset objects unloaded after import = 2

========================================================================
Received Import Request.
  Time since last request: 0.000017 seconds.
  path: Assets/Modern tiles_Free/Interiors_free/32x32/Interiors_free_32x32_274.asset
  importAddress: Guid(916c9af4055e9e54e85840de416aebc7) Importer(2089858483,b0f066a214c2f5e87bad3c948f4d605d)
Start importing Assets/Modern tiles_Free/Interiors_free/32x32/Interiors_free_32x32_274.asset using Guid(916c9af4055e9e54e85840de416aebc7) Importer(2089858483,b0f066a214c2f5e87bad3c948f4d605d) (ScriptedImporter) -> (Import Result ID: 'd050fec3c57700580a74a408d5bf4d04') in 0.0090512 seconds [static and dynamic dependencies]. Details - ImportResultOutputID=afd4c9da8c0a09ba93f5c67005976f26 DependenciesID=83b032f12316a49fa8785b5cf63491c9 StaticDependenciesID=c07367dd8ab61e5f6e10a634adfa93a7 
Number of updated asset objects reloaded before import = 0Number of asset objects unloaded after import = 2

========================================================================
Received Import Request.
  Time since last request: 0.000022 seconds.
  path: Assets/Modern tiles_Free/Interiors_free/32x32/Interiors_free_32x32_63.asset
  importAddress: Guid(8f896e2e5dff0e746991a507e669ca90) Importer(2089858483,b0f066a214c2f5e87bad3c948f4d605d)
Start importing Assets/Modern tiles_Free/Interiors_free/32x32/Interiors_free_32x32_63.asset using Guid(8f896e2e5dff0e746991a507e669ca90) Importer(2089858483,b0f066a214c2f5e87bad3c948f4d605d) (ScriptedImporter) -> (Import Result ID: '01c80eb8dd914384baec33695a466fc2') in 0.008872 seconds [static and dynamic dependencies]. Details - ImportResultOutputID=6142773149e8a42fd4c42380bae6d802 DependenciesID=621b880b021a59c2386e1462ba1fcefd StaticDependenciesID=5afda624f6546b72f88122ae4e733c13 
Number of updated asset objects reloaded before import = 0Number of asset objects unloaded after import = 2

========================================================================
Received Import Request.
  Time since last request: 0.000017 seconds.
  path: Assets/Modern tiles_Free/Interiors_free/32x32/Interiors_free_32x32_583.asset
  importAddress: Guid(0ad58247fbfed574893190385911c6d4) Importer(2089858483,b0f066a214c2f5e87bad3c948f4d605d)
Start importing Assets/Modern tiles_Free/Interiors_free/32x32/Interiors_free_32x32_583.asset using Guid(0ad58247fbfed574893190385911c6d4) Importer(2089858483,b0f066a214c2f5e87bad3c948f4d605d) (ScriptedImporter) -> (Import Result ID: '4b16f142725d9b6f52ea1057a19cdc18') in 0.0084869 seconds [static and dynamic dependencies]. Details - ImportResultOutputID=c0862db395cb378261703424b0ded692 DependenciesID=d8c912893cd2a374a949874dc1dfba98 StaticDependenciesID=55bde66906286b620e8f6531e2b558c6 
Number of updated asset objects reloaded before import = 0Number of asset objects unloaded after import = 2

========================================================================
Received Import Request.
  Time since last request: 0.000018 seconds.
  path: Assets/Modern tiles_Free/Interiors_free/32x32/Interiors_free_32x32_950.asset
  importAddress: Guid(d1a23e734759f6149b5992e7120da0b2) Importer(2089858483,b0f066a214c2f5e87bad3c948f4d605d)
Start importing Assets/Modern tiles_Free/Interiors_free/32x32/Interiors_free_32x32_950.asset using Guid(d1a23e734759f6149b5992e7120da0b2) Importer(2089858483,b0f066a214c2f5e87bad3c948f4d605d) (ScriptedImporter) -> (Import Result ID: 'dff50055bb8409ade20f5435ee7f2e2b') in 0.0091046 seconds [static and dynamic dependencies]. Details - ImportResultOutputID=9152a95e9024edb3a41105ba8e4c3d52 DependenciesID=4ce9a669b21535f988f5a2fd580a677a StaticDependenciesID=d35d2546545f0fd7af7cb1d31628108e 
Number of updated asset objects reloaded before import = 0Number of asset objects unloaded after import = 2

========================================================================
Received Import Request.
  Time since last request: 0.000022 seconds.
  path: Assets/Modern tiles_Free/Interiors_free/32x32/Interiors_free_32x32_1154.asset
  importAddress: Guid(f06d51c3f53bf8046bbb42f848137e73) Importer(2089858483,b0f066a214c2f5e87bad3c948f4d605d)
Start importing Assets/Modern tiles_Free/Interiors_free/32x32/Interiors_free_32x32_1154.asset using Guid(f06d51c3f53bf8046bbb42f848137e73) Importer(2089858483,b0f066a214c2f5e87bad3c948f4d605d) (ScriptedImporter) -> (Import Result ID: 'a0f4e7e6ddb1d244608647d92f1ae2d3') in 0.0096488 seconds [static and dynamic dependencies]. Details - ImportResultOutputID=939eea596a79684a9441b7d9581a6d72 DependenciesID=2a271f62beab833cf92175e5f8f803bc StaticDependenciesID=bc0a8cacaddd6466acba790ecb543a72 
Number of updated asset objects reloaded before import = 0Number of asset objects unloaded after import = 2

========================================================================
Received Import Request.
  Time since last request: 0.000013 seconds.
  path: Assets/Modern tiles_Free/Interiors_free/32x32/Interiors_free_32x32_937.asset
  importAddress: Guid(0d805e5007523324e8c68ba7955c5e0a) Importer(2089858483,b0f066a214c2f5e87bad3c948f4d605d)
Start importing Assets/Modern tiles_Free/Interiors_free/32x32/Interiors_free_32x32_937.asset using Guid(0d805e5007523324e8c68ba7955c5e0a) Importer(2089858483,b0f066a214c2f5e87bad3c948f4d605d) (ScriptedImporter) -> (Import Result ID: 'f4801b733815b44710ad9b8574eb7b10') in 0.0085717 seconds [static and dynamic dependencies]. Details - ImportResultOutputID=33847275f183201d2120f8969728a97b DependenciesID=8ffe7759531c5a1b60b69f95719be3dd StaticDependenciesID=f2457ded06978e93d21c32ee2b3d0b9e 
Number of updated asset objects reloaded before import = 0Number of asset objects unloaded after import = 2

========================================================================
Received Import Request.
  Time since last request: 0.000024 seconds.
  path: Assets/Modern tiles_Free/Interiors_free/32x32/Interiors_free_32x32_1156.asset
  importAddress: Guid(b8f586dc15febaf48b3ccc0d95542585) Importer(2089858483,b0f066a214c2f5e87bad3c948f4d605d)
Start importing Assets/Modern tiles_Free/Interiors_free/32x32/Interiors_free_32x32_1156.asset using Guid(b8f586dc15febaf48b3ccc0d95542585) Importer(2089858483,b0f066a214c2f5e87bad3c948f4d605d) (ScriptedImporter) -> (Import Result ID: 'aecd5d9f7b2f54299004ec6caf1b6e53') in 0.0088578 seconds [static and dynamic dependencies]. Details - ImportResultOutputID=e5e311148d32c49fb21623446cc09deb DependenciesID=ab3bec4179d7a2058f24976bacae80e1 StaticDependenciesID=a9dbbbf669855913b8ec0fc5c808b8e6 
Number of updated asset objects reloaded before import = 0Number of asset objects unloaded after import = 2

========================================================================
Received Import Request.
  Time since last request: 0.000018 seconds.
  path: Assets/Modern tiles_Free/Interiors_free/32x32/Interiors_free_32x32_150.asset
  importAddress: Guid(c4edf5d6ee3a86e4e9d98da668c92a38) Importer(2089858483,b0f066a214c2f5e87bad3c948f4d605d)
Start importing Assets/Modern tiles_Free/Interiors_free/32x32/Interiors_free_32x32_150.asset using Guid(c4edf5d6ee3a86e4e9d98da668c92a38) Importer(2089858483,b0f066a214c2f5e87bad3c948f4d605d) (ScriptedImporter) -> (Import Result ID: 'c8edbf5a3bca59675b95ab918b6b3d60') in 0.0086841 seconds [static and dynamic dependencies]. Details - ImportResultOutputID=ad11d9f39c7a2571e063529481a5df05 DependenciesID=beafa3209457c0f43224d7c613ba6640 StaticDependenciesID=2f421097d54e12e4f25840684793b173 
Number of updated asset objects reloaded before import = 0Number of asset objects unloaded after import = 2

========================================================================
Received Import Request.
  Time since last request: 0.000024 seconds.
  path: Assets/Modern tiles_Free/Interiors_free/32x32/Interiors_free_32x32_541.asset
  importAddress: Guid(c9a8ee7d277ead5478b8ef72b7e51125) Importer(2089858483,b0f066a214c2f5e87bad3c948f4d605d)
Start importing Assets/Modern tiles_Free/Interiors_free/32x32/Interiors_free_32x32_541.asset using Guid(c9a8ee7d277ead5478b8ef72b7e51125) Importer(2089858483,b0f066a214c2f5e87bad3c948f4d605d) (ScriptedImporter) -> (Import Result ID: '3880e7b3d6a389eb472f29b8e238cb59') in 0.0097002 seconds [static and dynamic dependencies]. Details - ImportResultOutputID=cd93e22cb40591272c79ce59fdfb3364 DependenciesID=14584c7e6ea1bfdce8595418de47086e StaticDependenciesID=e3840c3b2891eaf5e7d5f2c02d484969 
Number of updated asset objects reloaded before import = 0Number of asset objects unloaded after import = 2

========================================================================
Received Import Request.
  Time since last request: 0.000015 seconds.
  path: Assets/Modern tiles_Free/Interiors_free/32x32/Interiors_free_32x32_965.asset
  importAddress: Guid(39900468a0cf5d5439c9094ce2c8d65c) Importer(2089858483,b0f066a214c2f5e87bad3c948f4d605d)
Start importing Assets/Modern tiles_Free/Interiors_free/32x32/Interiors_free_32x32_965.asset using Guid(39900468a0cf5d5439c9094ce2c8d65c) Importer(2089858483,b0f066a214c2f5e87bad3c948f4d605d) (ScriptedImporter) -> (Import Result ID: 'e5992beadfc50529c8ab1cbc12b0bd73') in 0.0089615 seconds [static and dynamic dependencies]. Details - ImportResultOutputID=d4eec2905277cc7a471ae1019c33634a DependenciesID=b39b3dfe443ad2ee3150946f5cbab91f StaticDependenciesID=eda817154d4a42cc5091cc3980af2deb 
Number of updated asset objects reloaded before import = 0Number of asset objects unloaded after import = 2

========================================================================
Received Import Request.
  Time since last request: 0.000017 seconds.
  path: Assets/Modern tiles_Free/Interiors_free/32x32/Interiors_free_32x32_635.asset
  importAddress: Guid(8112e3a1a97849f44b18275590ff9718) Importer(2089858483,b0f066a214c2f5e87bad3c948f4d605d)
Start importing Assets/Modern tiles_Free/Interiors_free/32x32/Interiors_free_32x32_635.asset using Guid(8112e3a1a97849f44b18275590ff9718) Importer(2089858483,b0f066a214c2f5e87bad3c948f4d605d) (ScriptedImporter) -> (Import Result ID: '8ee1b322153718f29d7e2fa540476204') in 0.0094403 seconds [static and dynamic dependencies]. Details - ImportResultOutputID=8704b035784d18aafef7a24bf5d7ec18 DependenciesID=060da64e2cf676f1ca6b53fa2b66b1be StaticDependenciesID=2d8bf10433557d6f1382735a5add0fd1 
Number of updated asset objects reloaded before import = 0Number of asset objects unloaded after import = 2

========================================================================
Received Import Request.
  Time since last request: 0.000023 seconds.
  path: Assets/Modern tiles_Free/Interiors_free/32x32/Interiors_free_32x32_234.asset
  importAddress: Guid(8d56bc653c699ec44b8c207842cd5e3f) Importer(2089858483,b0f066a214c2f5e87bad3c948f4d605d)
Start importing Assets/Modern tiles_Free/Interiors_free/32x32/Interiors_free_32x32_234.asset using Guid(8d56bc653c699ec44b8c207842cd5e3f) Importer(2089858483,b0f066a214c2f5e87bad3c948f4d605d) (ScriptedImporter) -> (Import Result ID: '2be211a7314abcb4e0dd34f8463d94b6') in 0.0088004 seconds [static and dynamic dependencies]. Details - ImportResultOutputID=886118be679803a458dd660f10de07ce DependenciesID=989451916e1abb163cadc66612ccb4b3 StaticDependenciesID=ffa21a2a693697e8d74855f1d01ee9f8 
Number of updated asset objects reloaded before import = 0Number of asset objects unloaded after import = 2

========================================================================
Received Import Request.
  Time since last request: 0.000016 seconds.
  path: Assets/Modern tiles_Free/Interiors_free/32x32/Interiors_free_32x32_364.asset
  importAddress: Guid(b60530480242c0b42947c7d06b94d4e0) Importer(2089858483,b0f066a214c2f5e87bad3c948f4d605d)
Start importing Assets/Modern tiles_Free/Interiors_free/32x32/Interiors_free_32x32_364.asset using Guid(b60530480242c0b42947c7d06b94d4e0) Importer(2089858483,b0f066a214c2f5e87bad3c948f4d605d) (ScriptedImporter) -> (Import Result ID: '6482841c6316b9e0a32910474caa02f6') in 0.0092734 seconds [static and dynamic dependencies]. Details - ImportResultOutputID=b1fb7071ca1fd0f510c05155799647bf DependenciesID=b0e7666035caf56ccd883bd9865891c5 StaticDependenciesID=591122f45b32e2e973fae9dbeb53191e 
Number of updated asset objects reloaded before import = 0Number of asset objects unloaded after import = 2

========================================================================
Received Import Request.
  Time since last request: 0.000023 seconds.
  path: Assets/Modern tiles_Free/Interiors_free/32x32/Interiors_free_32x32_1183.asset
  importAddress: Guid(8f6b0278640d51f4ebf5e81561f0560c) Importer(2089858483,b0f066a214c2f5e87bad3c948f4d605d)
Start importing Assets/Modern tiles_Free/Interiors_free/32x32/Interiors_free_32x32_1183.asset using Guid(8f6b0278640d51f4ebf5e81561f0560c) Importer(2089858483,b0f066a214c2f5e87bad3c948f4d605d) (ScriptedImporter) -> (Import Result ID: 'ad420e28a98601bc16de865ea342e429') in 0.0084006 seconds [static and dynamic dependencies]. Details - ImportResultOutputID=1c9077445656e6b5a8321d0918d5c15c DependenciesID=5260a4afc5cc6b3a7302471152eea260 StaticDependenciesID=3bf9eeb36f4e08854da8249a7afaa9e3 
Number of updated asset objects reloaded before import = 0Number of asset objects unloaded after import = 2

========================================================================
Received Import Request.
  Time since last request: 0.000024 seconds.
  path: Assets/Modern tiles_Free/Interiors_free/32x32/Interiors_free_32x32_366.asset
  importAddress: Guid(a2769b7bb17dd3f4d905532410b0453d) Importer(2089858483,b0f066a214c2f5e87bad3c948f4d605d)
Start importing Assets/Modern tiles_Free/Interiors_free/32x32/Interiors_free_32x32_366.asset using Guid(a2769b7bb17dd3f4d905532410b0453d) Importer(2089858483,b0f066a214c2f5e87bad3c948f4d605d) (ScriptedImporter) -> (Import Result ID: '42c25f9d241556857c822407705455f9') in 0.008759 seconds [static and dynamic dependencies]. Details - ImportResultOutputID=a93830a3458cbc45cd02424a7604fc70 DependenciesID=03d88b9f9596b90878bbc95331ac4e85 StaticDependenciesID=cccfb4adf83b0eccc85fb529e65416df 
Number of updated asset objects reloaded before import = 0Number of asset objects unloaded after import = 2

========================================================================
Received Import Request.
  Time since last request: 0.000018 seconds.
  path: Assets/Modern tiles_Free/Interiors_free/32x32/Interiors_free_32x32_581.asset
  importAddress: Guid(b8b0e726aaa27154ba31f2246e3571d4) Importer(2089858483,b0f066a214c2f5e87bad3c948f4d605d)
Start importing Assets/Modern tiles_Free/Interiors_free/32x32/Interiors_free_32x32_581.asset using Guid(b8b0e726aaa27154ba31f2246e3571d4) Importer(2089858483,b0f066a214c2f5e87bad3c948f4d605d) (ScriptedImporter) -> (Import Result ID: 'ad426021d017b7b442ecdef5319ce64e') in 0.0088164 seconds [static and dynamic dependencies]. Details - ImportResultOutputID=6132476c30054f8d63ce5f9e4bad0242 DependenciesID=49e27b738cdf9b966d889f526b942e55 StaticDependenciesID=28b00fb47c120ba1e9fb28b6193edb0f 
Number of updated asset objects reloaded before import = 0Number of asset objects unloaded after import = 2

========================================================================
Received Import Request.
  Time since last request: 0.000014 seconds.
  path: Assets/Modern tiles_Free/Interiors_free/32x32/Interiors_free_32x32_379.asset
  importAddress: Guid(0dbb5106dd6285f4c8f41a38088891bf) Importer(2089858483,b0f066a214c2f5e87bad3c948f4d605d)
Start importing Assets/Modern tiles_Free/Interiors_free/32x32/Interiors_free_32x32_379.asset using Guid(0dbb5106dd6285f4c8f41a38088891bf) Importer(2089858483,b0f066a214c2f5e87bad3c948f4d605d) (ScriptedImporter) -> (Import Result ID: '40db90ed10888b0e4068d1bca735a681') in 0.0086335 seconds [static and dynamic dependencies]. Details - ImportResultOutputID=882533498c8c481d6032a97446a8b378 DependenciesID=b88e6aa01e564bb50bc06474a3eb1a77 StaticDependenciesID=9d0ffc911f2449be5c54cd12c6c57c0b 
Number of updated asset objects reloaded before import = 0Number of asset objects unloaded after import = 2

========================================================================
Received Import Request.
  Time since last request: 0.000018 seconds.
  path: Assets/Modern tiles_Free/Interiors_free/32x32/Interiors_free_32x32_1191.asset
  importAddress: Guid(f1ece3fbb559c8a40ae77e7f719df85e) Importer(2089858483,b0f066a214c2f5e87bad3c948f4d605d)
Start importing Assets/Modern tiles_Free/Interiors_free/32x32/Interiors_free_32x32_1191.asset using Guid(f1ece3fbb559c8a40ae77e7f719df85e) Importer(2089858483,b0f066a214c2f5e87bad3c948f4d605d) (ScriptedImporter) -> (Import Result ID: '3350b828f6875d2bb4bec53863933b66') in 0.008765 seconds [static and dynamic dependencies]. Details - ImportResultOutputID=4be7d1136a9d2048a8e085bb61a2eed3 DependenciesID=e78c629bb45d08494d13e8c775474922 StaticDependenciesID=4726c558121c4bdc0cb89b429eb013b7 
Number of updated asset objects reloaded before import = 0Number of asset objects unloaded after import = 2

========================================================================
Received Import Request.
  Time since last request: 0.000021 seconds.
  path: Assets/Modern tiles_Free/Interiors_free/32x32/Interiors_free_32x32_1079.asset
  importAddress: Guid(7a5be67fda770224e86780841df756a0) Importer(2089858483,b0f066a214c2f5e87bad3c948f4d605d)
Start importing Assets/Modern tiles_Free/Interiors_free/32x32/Interiors_free_32x32_1079.asset using Guid(7a5be67fda770224e86780841df756a0) Importer(2089858483,b0f066a214c2f5e87bad3c948f4d605d) (ScriptedImporter) -> (Import Result ID: '6054e58fee6cc937d8ed8fa3d9ac938e') in 0.0092477 seconds [static and dynamic dependencies]. Details - ImportResultOutputID=73e146f1980aaa0b6d972eff4d17fbc5 DependenciesID=c762c691506ec6bdc6d8c599116a47b9 StaticDependenciesID=fee41e04ff8183ff7bdbc0ac4e0e24a5 
Number of updated asset objects reloaded before import = 0Number of asset objects unloaded after import = 2

========================================================================
Received Import Request.
  Time since last request: 0.000018 seconds.
  path: Assets/Modern tiles_Free/Interiors_free/32x32/Interiors_free_32x32_1185.asset
  importAddress: Guid(f7f59d71542c44d4d8fd6af5f6b51daa) Importer(2089858483,b0f066a214c2f5e87bad3c948f4d605d)
Start importing Assets/Modern tiles_Free/Interiors_free/32x32/Interiors_free_32x32_1185.asset using Guid(f7f59d71542c44d4d8fd6af5f6b51daa) Importer(2089858483,b0f066a214c2f5e87bad3c948f4d605d) (ScriptedImporter) -> (Import Result ID: '788c1b7dcf3b460b2f8b901c41228472') in 0.0086072 seconds [static and dynamic dependencies]. Details - ImportResultOutputID=3777c2310a9b3f4f5c9ad2669e1069c6 DependenciesID=23c89c3bbe973e5bdad8ecc1787ae771 StaticDependenciesID=c1563b44c21cd721679881b93f9de5d5 
Number of updated asset objects reloaded before import = 0Number of asset objects unloaded after import = 2

========================================================================
Received Import Request.
  Time since last request: 0.000016 seconds.
  path: Assets/Modern tiles_Free/Interiors_free/32x32/Interiors_free_32x32_979.asset
  importAddress: Guid(fe4393db3f29b5542ae5ae4f532677ff) Importer(2089858483,b0f066a214c2f5e87bad3c948f4d605d)
Start importing Assets/Modern tiles_Free/Interiors_free/32x32/Interiors_free_32x32_979.asset using Guid(fe4393db3f29b5542ae5ae4f532677ff) Importer(2089858483,b0f066a214c2f5e87bad3c948f4d605d) (ScriptedImporter) -> (Import Result ID: '48b86596d2138ac81efbb51945df897d') in 0.0092447 seconds [static and dynamic dependencies]. Details - ImportResultOutputID=80c85f5bcd3ac1a77ea6ac3245da26aa DependenciesID=267a6342849a473aabaa95175f7d1c5e StaticDependenciesID=5601ff884ba749838dcf3fb943089c7a 
Number of updated asset objects reloaded before import = 0Number of asset objects unloaded after import = 2

========================================================================
Received Import Request.
  Time since last request: 0.000018 seconds.
  path: Assets/Modern tiles_Free/Interiors_free/32x32/Interiors_free_32x32_1177.asset
  importAddress: Guid(fe9353b754a5d50449edf0b78b086801) Importer(2089858483,b0f066a214c2f5e87bad3c948f4d605d)
Start importing Assets/Modern tiles_Free/Interiors_free/32x32/Interiors_free_32x32_1177.asset using Guid(fe9353b754a5d50449edf0b78b086801) Importer(2089858483,b0f066a214c2f5e87bad3c948f4d605d) (ScriptedImporter) -> (Import Result ID: 'f0966ab841a4950148923deac7b2b994') in 0.0091216 seconds [static and dynamic dependencies]. Details - ImportResultOutputID=461a8037155d67cf051e3d3d05c7c115 DependenciesID=b354d7231ec62cb6bc4aa606286cc448 StaticDependenciesID=c8e6feae96df8714ebb34943af1463bb 
Number of updated asset objects reloaded before import = 0Number of asset objects unloaded after import = 2

========================================================================
Received Import Request.
  Time since last request: 0.000015 seconds.
  path: Assets/Modern tiles_Free/Interiors_free/32x32/Interiors_free_32x32_207.asset
  importAddress: Guid(38abfbe9dd3348b4ba416014e94f8611) Importer(2089858483,b0f066a214c2f5e87bad3c948f4d605d)
Start importing Assets/Modern tiles_Free/Interiors_free/32x32/Interiors_free_32x32_207.asset using Guid(38abfbe9dd3348b4ba416014e94f8611) Importer(2089858483,b0f066a214c2f5e87bad3c948f4d605d) (ScriptedImporter) -> (Import Result ID: '93f5b8a3ed63f7385846e616c67eb28b') in 0.0087414 seconds [static and dynamic dependencies]. Details - ImportResultOutputID=0d70874941bef68d71e2f5bd901f1bf6 DependenciesID=8b373ff6833734dd5a04d75d3d96ac57 StaticDependenciesID=bf964740eb389145a8391cce9bac8d1c 
Number of updated asset objects reloaded before import = 0Number of asset objects unloaded after import = 2

========================================================================
Received Import Request.
  Time since last request: 0.000022 seconds.
  path: Assets/Modern tiles_Free/Interiors_free/32x32/Interiors_free_32x32_840.asset
  importAddress: Guid(80f0c79685ddf344c922905c3cc3a0f7) Importer(2089858483,b0f066a214c2f5e87bad3c948f4d605d)
Start importing Assets/Modern tiles_Free/Interiors_free/32x32/Interiors_free_32x32_840.asset using Guid(80f0c79685ddf344c922905c3cc3a0f7) Importer(2089858483,b0f066a214c2f5e87bad3c948f4d605d) (ScriptedImporter) -> (Import Result ID: '81d155445a04698733ace9fe46a98fb4') in 0.0088297 seconds [static and dynamic dependencies]. Details - ImportResultOutputID=2aba8428bbcdaa9fd24441f057c2fb9d DependenciesID=446182eae9f8381ac58ee8c448bdf326 StaticDependenciesID=b90bf4a1dbffb530859e2386c6d85553 
Number of updated asset objects reloaded before import = 0Number of asset objects unloaded after import = 2

========================================================================
Received Import Request.
  Time since last request: 0.000014 seconds.
  path: Assets/Modern tiles_Free/Interiors_free/32x32/Interiors_free_32x32_904.asset
  importAddress: Guid(cfea6df7da5249742ba3dc5141f72090) Importer(2089858483,b0f066a214c2f5e87bad3c948f4d605d)
Start importing Assets/Modern tiles_Free/Interiors_free/32x32/Interiors_free_32x32_904.asset using Guid(cfea6df7da5249742ba3dc5141f72090) Importer(2089858483,b0f066a214c2f5e87bad3c948f4d605d) (ScriptedImporter) -> (Import Result ID: '84e1ab89cf85e59c1c4a852e59daa815') in 0.0084461 seconds [static and dynamic dependencies]. Details - ImportResultOutputID=daac2a56f958688b964f485d80969282 DependenciesID=5497d7448f653aebdc08fb43e8ea4476 StaticDependenciesID=a58a0132a43ce1cb29d45ac9c53f5f09 
Number of updated asset objects reloaded before import = 0Number of asset objects unloaded after import = 2

========================================================================
Received Import Request.
  Time since last request: 0.000018 seconds.
  path: Assets/Modern tiles_Free/Interiors_free/32x32/Interiors_free_32x32_527.asset
  importAddress: Guid(b96b2441a26118d48ab4cefa873ecd41) Importer(2089858483,b0f066a214c2f5e87bad3c948f4d605d)
Start importing Assets/Modern tiles_Free/Interiors_free/32x32/Interiors_free_32x32_527.asset using Guid(b96b2441a26118d48ab4cefa873ecd41) Importer(2089858483,b0f066a214c2f5e87bad3c948f4d605d) (ScriptedImporter) -> (Import Result ID: 'cb1c8613a36219cba4503add5d658382') in 0.009051 seconds [static and dynamic dependencies]. Details - ImportResultOutputID=19917277d7d1f68cc9ed117f571039a9 DependenciesID=8d15d69b22a9d031dc87d2ae76a3cb9e StaticDependenciesID=953c166235c3db24e0675a9f9d515ddb 
Number of updated asset objects reloaded before import = 0Number of asset objects unloaded after import = 2

========================================================================
Received Import Request.
  Time since last request: 0.000015 seconds.
  path: Assets/Modern tiles_Free/Interiors_free/32x32/Interiors_free_32x32_1057.asset
  importAddress: Guid(a9c1a3099035d12448d885667a5b63c6) Importer(2089858483,b0f066a214c2f5e87bad3c948f4d605d)
Start importing Assets/Modern tiles_Free/Interiors_free/32x32/Interiors_free_32x32_1057.asset using Guid(a9c1a3099035d12448d885667a5b63c6) Importer(2089858483,b0f066a214c2f5e87bad3c948f4d605d) (ScriptedImporter) -> (Import Result ID: '5d5f054fa8ac86ef64f97c00d727751c') in 0.0087899 seconds [static and dynamic dependencies]. Details - ImportResultOutputID=30c89a8bffa6fab326b0955f4ebc127f DependenciesID=48fbd9226a973e25a9032731e134e964 StaticDependenciesID=03f7801281e9f8ce1d70a903f61eb118 
Number of updated asset objects reloaded before import = 0Number of asset objects unloaded after import = 2

========================================================================
Received Import Request.
  Time since last request: 0.000015 seconds.
  path: Assets/Modern tiles_Free/Interiors_free/32x32/Interiors_free_32x32_515.asset
  importAddress: Guid(838e4d24d70706e428060734e0bfe61d) Importer(2089858483,b0f066a214c2f5e87bad3c948f4d605d)
Start importing Assets/Modern tiles_Free/Interiors_free/32x32/Interiors_free_32x32_515.asset using Guid(838e4d24d70706e428060734e0bfe61d) Importer(2089858483,b0f066a214c2f5e87bad3c948f4d605d) (ScriptedImporter) -> (Import Result ID: 'f2d1e0c1aa1550831375aaeada28b873') in 0.0087102 seconds [static and dynamic dependencies]. Details - ImportResultOutputID=a18f0b58865994f9349b80862589b34d DependenciesID=ada03b519be4794b5919263aed6686b0 StaticDependenciesID=b76172c37c0c6f272476484d086eb07b 
Number of updated asset objects reloaded before import = 0Number of asset objects unloaded after import = 2

========================================================================
Received Import Request.
  Time since last request: 0.000024 seconds.
  path: Assets/Modern tiles_Free/Interiors_free/32x32/Interiors_free_32x32_839.asset
  importAddress: Guid(88974286f45b4f7458e090c4fcdf4159) Importer(2089858483,b0f066a214c2f5e87bad3c948f4d605d)
Start importing Assets/Modern tiles_Free/Interiors_free/32x32/Interiors_free_32x32_839.asset using Guid(88974286f45b4f7458e090c4fcdf4159) Importer(2089858483,b0f066a214c2f5e87bad3c948f4d605d) (ScriptedImporter) -> (Import Result ID: 'd8fa46cda0c58c6038f7b84d873751d5') in 0.0082658 seconds [static and dynamic dependencies]. Details - ImportResultOutputID=d513a589a542e591531fcf5ee83164c6 DependenciesID=a58e1544a8454128cc50f984ac1f14a1 StaticDependenciesID=b0792563d836de366468e6f73d85d49d 
Number of updated asset objects reloaded before import = 0Number of asset objects unloaded after import = 2

========================================================================
Received Import Request.
  Time since last request: 0.854329 seconds.
  path: Assets/Modern tiles_Free/Interiors_free/32x32/Interiors_free_32x32_1153.asset
  importAddress: Guid(ebbb1c1c6e4b2054a9f4892e7d1de237) Importer(2089858483,b0f066a214c2f5e87bad3c948f4d605d)
Start importing Assets/Modern tiles_Free/Interiors_free/32x32/Interiors_free_32x32_1153.asset using Guid(ebbb1c1c6e4b2054a9f4892e7d1de237) Importer(2089858483,b0f066a214c2f5e87bad3c948f4d605d) (ScriptedImporter) -> (Import Result ID: 'd520e43348cbb8539eae2dc5114803f3') in 0.0093819 seconds [static and dynamic dependencies]. Details - ImportResultOutputID=76efebc0421a1eeec2e6858990588e7e DependenciesID=f655721b88312d459ee917e469599b41 StaticDependenciesID=45834f17093ea6cc474c7ede35863c67 
Number of updated asset objects reloaded before import = 0Number of asset objects unloaded after import = 2

========================================================================
Received Import Request.
  Time since last request: 0.000017 seconds.
  path: Assets/Modern tiles_Free/Interiors_free/32x32/Interiors_free_32x32_1111.asset
  importAddress: Guid(4e68f2c7960ccef4b967594e6d7350eb) Importer(2089858483,b0f066a214c2f5e87bad3c948f4d605d)
Start importing Assets/Modern tiles_Free/Interiors_free/32x32/Interiors_free_32x32_1111.asset using Guid(4e68f2c7960ccef4b967594e6d7350eb) Importer(2089858483,b0f066a214c2f5e87bad3c948f4d605d) (ScriptedImporter) -> (Import Result ID: 'c75e2667340a67e13d46cef8271041b3') in 0.0090483 seconds [static and dynamic dependencies]. Details - ImportResultOutputID=8c73789ec8524ced964d434cb2340304 DependenciesID=166c49dd7f98557d19acabe1982e56be StaticDependenciesID=aef21b1f2bf186d3340f2ce07a8fe6f4 
Number of updated asset objects reloaded before import = 0Number of asset objects unloaded after import = 2

========================================================================
Received Import Request.
  Time since last request: 0.000017 seconds.
  path: Assets/Modern tiles_Free/Interiors_free/32x32/Interiors_free_32x32_582.asset
  importAddress: Guid(4a75f20d5ce8a8249982d8a734674b17) Importer(2089858483,b0f066a214c2f5e87bad3c948f4d605d)
Start importing Assets/Modern tiles_Free/Interiors_free/32x32/Interiors_free_32x32_582.asset using Guid(4a75f20d5ce8a8249982d8a734674b17) Importer(2089858483,b0f066a214c2f5e87bad3c948f4d605d) (ScriptedImporter) -> (Import Result ID: 'c072f64174392a5deb6f7fab932adc74') in 0.0085723 seconds [static and dynamic dependencies]. Details - ImportResultOutputID=1e97c97ede9b6c8e9f567f0a5ff1ff4a DependenciesID=3c4d2cbdd397bc1b944894f32e163008 StaticDependenciesID=d799959e5197484849ff79c26e0bf671 
Number of updated asset objects reloaded before import = 0Number of asset objects unloaded after import = 2

========================================================================
Received Import Request.
  Time since last request: 0.000022 seconds.
  path: Assets/Modern tiles_Free/Interiors_free/32x32/Interiors_free_32x32_542.asset
  importAddress: Guid(916763ce901e72340a8179479dc0c7db) Importer(2089858483,b0f066a214c2f5e87bad3c948f4d605d)
Start importing Assets/Modern tiles_Free/Interiors_free/32x32/Interiors_free_32x32_542.asset using Guid(916763ce901e72340a8179479dc0c7db) Importer(2089858483,b0f066a214c2f5e87bad3c948f4d605d) (ScriptedImporter) -> (Import Result ID: 'ad88b3bd6ff2ab3e5cf38e362ea587d5') in 0.009071 seconds [static and dynamic dependencies]. Details - ImportResultOutputID=da25a251990422ccdbdba30aa3ac6487 DependenciesID=e8ae028a4168c739d00f38401b5244ab StaticDependenciesID=a581bf8202381af0c26b32e1967119f3 
Number of updated asset objects reloaded before import = 0Number of asset objects unloaded after import = 2

========================================================================
Received Import Request.
  Time since last request: 0.000027 seconds.
  path: Assets/Modern tiles_Free/Interiors_free/32x32/Interiors_free_32x32_185.asset
  importAddress: Guid(28f1f1f35c148bb4db31c0230f6a5ab7) Importer(2089858483,b0f066a214c2f5e87bad3c948f4d605d)
Start importing Assets/Modern tiles_Free/Interiors_free/32x32/Interiors_free_32x32_185.asset using Guid(28f1f1f35c148bb4db31c0230f6a5ab7) Importer(2089858483,b0f066a214c2f5e87bad3c948f4d605d) (ScriptedImporter) -> (Import Result ID: '43836e777c365da33fce77a5f2bbc791') in 0.0083723 seconds [static and dynamic dependencies]. Details - ImportResultOutputID=fc66acb042647e9310484a9d06d20a70 DependenciesID=36968b4c25dba38bfa2ef8823f5c002b StaticDependenciesID=cb22c20034663c90e6b25f76a3f93189 
Number of updated asset objects reloaded before import = 0Number of asset objects unloaded after import = 2

========================================================================
Received Import Request.
  Time since last request: 0.000014 seconds.
  path: Assets/Modern tiles_Free/Interiors_free/32x32/Interiors_free_32x32_279.asset
  importAddress: Guid(ee05a5f668cb5bc438ae6e09804f3970) Importer(2089858483,b0f066a214c2f5e87bad3c948f4d605d)
Start importing Assets/Modern tiles_Free/Interiors_free/32x32/Interiors_free_32x32_279.asset using Guid(ee05a5f668cb5bc438ae6e09804f3970) Importer(2089858483,b0f066a214c2f5e87bad3c948f4d605d) (ScriptedImporter) -> (Import Result ID: '047548e51e620eaddf62927be7654355') in 0.0089495 seconds [static and dynamic dependencies]. Details - ImportResultOutputID=83ff8d11b8fbc582198d2875af74d182 DependenciesID=994739bdaf40ccb465d311ee4bb1bdfb StaticDependenciesID=3124322a26c3b3347ef617c4f72f5c3f 
Number of updated asset objects reloaded before import = 0Number of asset objects unloaded after import = 2

========================================================================
Received Import Request.
  Time since last request: 0.000018 seconds.
  path: Assets/Modern tiles_Free/Interiors_free/32x32/Interiors_free_32x32_276.asset
  importAddress: Guid(4de88d5523b80d8448781020c546ad3e) Importer(2089858483,b0f066a214c2f5e87bad3c948f4d605d)
Start importing Assets/Modern tiles_Free/Interiors_free/32x32/Interiors_free_32x32_276.asset using Guid(4de88d5523b80d8448781020c546ad3e) Importer(2089858483,b0f066a214c2f5e87bad3c948f4d605d) (ScriptedImporter) -> (Import Result ID: '21a6d9cc2b56d1e829c571dfa2037705') in 0.0085632 seconds [static and dynamic dependencies]. Details - ImportResultOutputID=25d6a16cc7d7024c8e4c8f9595e4a0e7 DependenciesID=9f928c45092e8258911a1bdf9d9b463d StaticDependenciesID=6bdf22e1a8251d6102fa7ee81e73011e 
Number of updated asset objects reloaded before import = 0Number of asset objects unloaded after import = 2

========================================================================
Received Import Request.
  Time since last request: 0.000036 seconds.
  path: Assets/Modern tiles_Free/Interiors_free/32x32/Interiors_free_32x32_338.asset
  importAddress: Guid(5b7679309bb88ea4b9f10705d263f1a4) Importer(2089858483,b0f066a214c2f5e87bad3c948f4d605d)
Start importing Assets/Modern tiles_Free/Interiors_free/32x32/Interiors_free_32x32_338.asset using Guid(5b7679309bb88ea4b9f10705d263f1a4) Importer(2089858483,b0f066a214c2f5e87bad3c948f4d605d) (ScriptedImporter) -> (Import Result ID: '97f467c702976498d0a05779cb4d84b3') in 0.0096577 seconds [static and dynamic dependencies]. Details - ImportResultOutputID=90b6caeb603fb6fd08d0e1d4525c4040 DependenciesID=c89535e89a23a544e4ca7ed819fe8c3f StaticDependenciesID=453cb8f178d23b75dc7c29e0ce3589df 
Number of updated asset objects reloaded before import = 0Number of asset objects unloaded after import = 2

========================================================================
Received Import Request.
  Time since last request: 0.000018 seconds.
  path: Assets/Modern tiles_Free/Interiors_free/32x32/Interiors_free_32x32_350.asset
  importAddress: Guid(f3851c693582e2a4ab626cedffba055e) Importer(2089858483,b0f066a214c2f5e87bad3c948f4d605d)
Start importing Assets/Modern tiles_Free/Interiors_free/32x32/Interiors_free_32x32_350.asset using Guid(f3851c693582e2a4ab626cedffba055e) Importer(2089858483,b0f066a214c2f5e87bad3c948f4d605d) (ScriptedImporter) -> (Import Result ID: '71dcff1b7341375d112bcbc0f03ead25') in 0.0090517 seconds [static and dynamic dependencies]. Details - ImportResultOutputID=c9e754b08a9e1c5f0bc759ebc457e876 DependenciesID=8edd69a279cdbeaddbf1150b9f1b57c8 StaticDependenciesID=a8ace1539f3fbe4d58e673524fef1f25 
Number of updated asset objects reloaded before import = 0Number of asset objects unloaded after import = 2

========================================================================
Received Import Request.
  Time since last request: 0.000013 seconds.
  path: Assets/Modern tiles_Free/Interiors_free/32x32/Interiors_free_32x32_70.asset
  importAddress: Guid(12a4dc4825915b748b0700d745e07835) Importer(2089858483,b0f066a214c2f5e87bad3c948f4d605d)
Start importing Assets/Modern tiles_Free/Interiors_free/32x32/Interiors_free_32x32_70.asset using Guid(12a4dc4825915b748b0700d745e07835) Importer(2089858483,b0f066a214c2f5e87bad3c948f4d605d) (ScriptedImporter) -> (Import Result ID: 'a1c3a56f75330592cf35aa6b0762f4e5') in 0.0091447 seconds [static and dynamic dependencies]. Details - ImportResultOutputID=c358c9585340fc0251152a5c20b23515 DependenciesID=f503e36834fae52d90aea9da7424359b StaticDependenciesID=394ec642ee9aa1b92741c8076e7d2f5e 
Number of updated asset objects reloaded before import = 0Number of asset objects unloaded after import = 2

========================================================================
Received Import Request.
  Time since last request: 0.000018 seconds.
  path: Assets/Modern tiles_Free/Interiors_free/32x32/Interiors_free_32x32_31.asset
  importAddress: Guid(7bf728d6a1cfda14ea4d98d4f81a0ddc) Importer(2089858483,b0f066a214c2f5e87bad3c948f4d605d)
Start importing Assets/Modern tiles_Free/Interiors_free/32x32/Interiors_free_32x32_31.asset using Guid(7bf728d6a1cfda14ea4d98d4f81a0ddc) Importer(2089858483,b0f066a214c2f5e87bad3c948f4d605d) (ScriptedImporter) -> (Import Result ID: 'e75880fd0cf3ef10c2c98488a6aae7f5') in 0.0087572 seconds [static and dynamic dependencies]. Details - ImportResultOutputID=7297c0ff2266cb9c46a2fa05501cae1c DependenciesID=b74a2d3bb08427d22d3864eb6dfa99f7 StaticDependenciesID=30fafebfa866740af35e8b3e5b7c0897 
Number of updated asset objects reloaded before import = 0Number of asset objects unloaded after import = 2

========================================================================
Received Import Request.
  Time since last request: 0.000018 seconds.
  path: Assets/Modern tiles_Free/Interiors_free/32x32/Interiors_free_32x32_303.asset
  importAddress: Guid(7ccb2b122c93b9d49a2ba4748da03515) Importer(2089858483,b0f066a214c2f5e87bad3c948f4d605d)
Start importing Assets/Modern tiles_Free/Interiors_free/32x32/Interiors_free_32x32_303.asset using Guid(7ccb2b122c93b9d49a2ba4748da03515) Importer(2089858483,b0f066a214c2f5e87bad3c948f4d605d) (ScriptedImporter) -> (Import Result ID: 'dbe580548029e3d11a2cb9f01307685f') in 0.008899 seconds [static and dynamic dependencies]. Details - ImportResultOutputID=355816ad867249f1ebff579ea7e1f5c1 DependenciesID=2630090ab6a46f259e25c3e4364f2c5f StaticDependenciesID=38f1dd99d60c75c50be9ddcc3b56019c 
Number of updated asset objects reloaded before import = 0Number of asset objects unloaded after import = 2

========================================================================
Received Import Request.
  Time since last request: 0.000022 seconds.
  path: Assets/Modern tiles_Free/Interiors_free/32x32/Interiors_free_32x32_575.asset
  importAddress: Guid(ecf816711ef07e34ab3bf17c25ba6d58) Importer(2089858483,b0f066a214c2f5e87bad3c948f4d605d)
Start importing Assets/Modern tiles_Free/Interiors_free/32x32/Interiors_free_32x32_575.asset using Guid(ecf816711ef07e34ab3bf17c25ba6d58) Importer(2089858483,b0f066a214c2f5e87bad3c948f4d605d) (ScriptedImporter) -> (Import Result ID: '75d52d4e2e09fe02c4f0ce3d5a994254') in 0.0086793 seconds [static and dynamic dependencies]. Details - ImportResultOutputID=912ec8bed3bcf355535530781b5e9096 DependenciesID=16806e4317f33dd23de18da606d5f882 StaticDependenciesID=90c1ee72e55c2e1c8fe6afc73b9e0239 
Number of updated asset objects reloaded before import = 0Number of asset objects unloaded after import = 2

========================================================================
Received Import Request.
  Time since last request: 0.000016 seconds.
  path: Assets/Modern tiles_Free/Interiors_free/32x32/Interiors_free_32x32_346.asset
  importAddress: Guid(4c3994e778a7ee34b83a776daf9cc652) Importer(2089858483,b0f066a214c2f5e87bad3c948f4d605d)
Start importing Assets/Modern tiles_Free/Interiors_free/32x32/Interiors_free_32x32_346.asset using Guid(4c3994e778a7ee34b83a776daf9cc652) Importer(2089858483,b0f066a214c2f5e87bad3c948f4d605d) (ScriptedImporter) -> (Import Result ID: '7bab1850ac1e93425d3518051cb5896b') in 0.008594 seconds [static and dynamic dependencies]. Details - ImportResultOutputID=75346b95fd974942354f2328d0a7d6a3 DependenciesID=ed37977d4ed92820a8abbf872a52ad39 StaticDependenciesID=9457a82d4bf2e542fa5eba05642f1e40 
Number of updated asset objects reloaded before import = 0Number of asset objects unloaded after import = 2

========================================================================
Received Import Request.
  Time since last request: 0.000014 seconds.
  path: Assets/Modern tiles_Free/Interiors_free/32x32/Interiors_free_32x32_1015.asset
  importAddress: Guid(3808ffc246961b04696c1dc58eddb23a) Importer(2089858483,b0f066a214c2f5e87bad3c948f4d605d)
Start importing Assets/Modern tiles_Free/Interiors_free/32x32/Interiors_free_32x32_1015.asset using Guid(3808ffc246961b04696c1dc58eddb23a) Importer(2089858483,b0f066a214c2f5e87bad3c948f4d605d) (ScriptedImporter) -> (Import Result ID: '77caf70c2afa032809f9ca1a00579b51') in 0.0086922 seconds [static and dynamic dependencies]. Details - ImportResultOutputID=6a71f2f008300c9eede13c138cf7aba7 DependenciesID=7c2dd1deb5b1bc66b840d1e712ccde08 StaticDependenciesID=898fc8ac583422c6de0106f9b2de6132 
Number of updated asset objects reloaded before import = 0Number of asset objects unloaded after import = 2

========================================================================
Received Import Request.
  Time since last request: 0.000015 seconds.
  path: Assets/Modern tiles_Free/Interiors_free/32x32/Interiors_free_32x32_306.asset
  importAddress: Guid(e3b64a6b62f12a04a9dc233b34c78e2b) Importer(2089858483,b0f066a214c2f5e87bad3c948f4d605d)
Start importing Assets/Modern tiles_Free/Interiors_free/32x32/Interiors_free_32x32_306.asset using Guid(e3b64a6b62f12a04a9dc233b34c78e2b) Importer(2089858483,b0f066a214c2f5e87bad3c948f4d605d) (ScriptedImporter) -> (Import Result ID: '63e6aa1b108b95ca633df479927d85cd') in 0.008493 seconds [static and dynamic dependencies]. Details - ImportResultOutputID=d8a3d5fc81e8c05efdd4a6371db110b6 DependenciesID=df5de146fa7ed7b9ac14ae9a41e85654 StaticDependenciesID=3971ab00561f497c3122ae43af56370e 
Number of updated asset objects reloaded before import = 0Number of asset objects unloaded after import = 2

========================================================================
Received Import Request.
  Time since last request: 0.000022 seconds.
  path: Assets/Modern tiles_Free/Interiors_free/32x32/Interiors_free_32x32_910.asset
  importAddress: Guid(551b072eaaf130d488fbba787d5741d6) Importer(2089858483,b0f066a214c2f5e87bad3c948f4d605d)
Start importing Assets/Modern tiles_Free/Interiors_free/32x32/Interiors_free_32x32_910.asset using Guid(551b072eaaf130d488fbba787d5741d6) Importer(2089858483,b0f066a214c2f5e87bad3c948f4d605d) (ScriptedImporter) -> (Import Result ID: '6cc5d30ad540465a569449758a656e58') in 0.009807 seconds [static and dynamic dependencies]. Details - ImportResultOutputID=7e958a9306b27393acafe1aa6d2004e5 DependenciesID=f5ced1e1a84608c8feafcc46c1713993 StaticDependenciesID=b66b5cf6e59ba03f31bec9f873717965 
Number of updated asset objects reloaded before import = 0Number of asset objects unloaded after import = 2

========================================================================
Received Import Request.
  Time since last request: 0.000016 seconds.
  path: Assets/Modern tiles_Free/Interiors_free/32x32/Interiors_free_32x32_159.asset
  importAddress: Guid(92b5be3e369cf2d4187f7646c8d380ff) Importer(2089858483,b0f066a214c2f5e87bad3c948f4d605d)
Start importing Assets/Modern tiles_Free/Interiors_free/32x32/Interiors_free_32x32_159.asset using Guid(92b5be3e369cf2d4187f7646c8d380ff) Importer(2089858483,b0f066a214c2f5e87bad3c948f4d605d) (ScriptedImporter) -> (Import Result ID: 'e3cd26cfe1476d65a0ce5988b818ba71') in 0.0084586 seconds [static and dynamic dependencies]. Details - ImportResultOutputID=115307781b1ebf395441b4d4f63104e8 DependenciesID=09cceab1c05a62c491bb90a541e37b79 StaticDependenciesID=d4a2edd0911e10c77ce496073c3c0150 
Number of updated asset objects reloaded before import = 0Number of asset objects unloaded after import = 2

========================================================================
Received Import Request.
  Time since last request: 0.000030 seconds.
  path: Assets/Modern tiles_Free/Interiors_free/32x32/Interiors_free_32x32_956.asset
  importAddress: Guid(6190228bf2341c744aa09422c4b0597f) Importer(2089858483,b0f066a214c2f5e87bad3c948f4d605d)
Start importing Assets/Modern tiles_Free/Interiors_free/32x32/Interiors_free_32x32_956.asset using Guid(6190228bf2341c744aa09422c4b0597f) Importer(2089858483,b0f066a214c2f5e87bad3c948f4d605d) (ScriptedImporter) -> (Import Result ID: '4dc6395eea18fb06b114fd8f29e8636b') in 0.0093701 seconds [static and dynamic dependencies]. Details - ImportResultOutputID=7c34c03965f337a033070582cab37dbf DependenciesID=cad4007f7302e2c410714212a5c64458 StaticDependenciesID=0aae5e89ac757045bfc8c4a7d7bf5d4e 
Number of updated asset objects reloaded before import = 0Number of asset objects unloaded after import = 2

========================================================================
Received Import Request.
  Time since last request: 0.000015 seconds.
  path: Assets/Modern tiles_Free/Interiors_free/32x32/Interiors_free_32x32_1031.asset
  importAddress: Guid(44141191332ecf445841dc2b22a2ba02) Importer(2089858483,b0f066a214c2f5e87bad3c948f4d605d)
Start importing Assets/Modern tiles_Free/Interiors_free/32x32/Interiors_free_32x32_1031.asset using Guid(44141191332ecf445841dc2b22a2ba02) Importer(2089858483,b0f066a214c2f5e87bad3c948f4d605d) (ScriptedImporter) -> (Import Result ID: 'db8941bd35eebcdafe86b5b1855abb86') in 0.0087909 seconds [static and dynamic dependencies]. Details - ImportResultOutputID=b57af278bc39bc60db13acbd9d9fcedd DependenciesID=192b42225aa70f6f64adb49e1cbe6ae4 StaticDependenciesID=abf7199ccea989f5cb5f374407a1c998 
Number of updated asset objects reloaded before import = 0Number of asset objects unloaded after import = 2

========================================================================
Received Import Request.
  Time since last request: 0.000017 seconds.
  path: Assets/Modern tiles_Free/Interiors_free/32x32/Interiors_free_32x32_466.asset
  importAddress: Guid(919149340ffed594fb9133b619eecf58) Importer(2089858483,b0f066a214c2f5e87bad3c948f4d605d)
Start importing Assets/Modern tiles_Free/Interiors_free/32x32/Interiors_free_32x32_466.asset using Guid(919149340ffed594fb9133b619eecf58) Importer(2089858483,b0f066a214c2f5e87bad3c948f4d605d) (ScriptedImporter) -> (Import Result ID: '6aeec109c89d16366c6e70402518b8b7') in 0.0090752 seconds [static and dynamic dependencies]. Details - ImportResultOutputID=35cbdad028d3ac6efcd23d0ec30c2477 DependenciesID=8528f3d09bf8236bc6ec8b4ef618c4e2 StaticDependenciesID=ac85833dcec320eac4dd603a13c8dc56 
Number of updated asset objects reloaded before import = 0Number of asset objects unloaded after import = 2

========================================================================
Received Import Request.
  Time since last request: 0.000015 seconds.
  path: Assets/Modern tiles_Free/Interiors_free/32x32/Interiors_free_32x32_99.asset
  importAddress: Guid(d224c7f4daabd9b458255a24b974c1d5) Importer(2089858483,b0f066a214c2f5e87bad3c948f4d605d)
Start importing Assets/Modern tiles_Free/Interiors_free/32x32/Interiors_free_32x32_99.asset using Guid(d224c7f4daabd9b458255a24b974c1d5) Importer(2089858483,b0f066a214c2f5e87bad3c948f4d605d) (ScriptedImporter) -> (Import Result ID: '1c6c43af67afdf83aaff885de16faacc') in 0.0089109 seconds [static and dynamic dependencies]. Details - ImportResultOutputID=4320f3c87ddf11750dd243132ef3492a DependenciesID=092eb2bfaff6e54c080ca815decb9395 StaticDependenciesID=6035c9189a17df8bb0cfc6c96aaaa659 
Number of updated asset objects reloaded before import = 0Number of asset objects unloaded after import = 2

========================================================================
Received Import Request.
  Time since last request: 0.000017 seconds.
  path: Assets/Modern tiles_Free/Interiors_free/32x32/Interiors_free_32x32_68.asset
  importAddress: Guid(da1933ae5f254a34a87e61f123d37930) Importer(2089858483,b0f066a214c2f5e87bad3c948f4d605d)
Start importing Assets/Modern tiles_Free/Interiors_free/32x32/Interiors_free_32x32_68.asset using Guid(da1933ae5f254a34a87e61f123d37930) Importer(2089858483,b0f066a214c2f5e87bad3c948f4d605d) (ScriptedImporter) -> (Import Result ID: '0ab0526f62489971b0cf8e6cd53e0568') in 0.0094204 seconds [static and dynamic dependencies]. Details - ImportResultOutputID=e6e93fda8245309698be43a809f73e82 DependenciesID=d31a5caab46c6cce10cdb55e42cae6b2 StaticDependenciesID=83f0a8b1bb2c418aaa7a900a35bb8706 
Number of updated asset objects reloaded before import = 0Number of asset objects unloaded after import = 2

========================================================================
Received Import Request.
  Time since last request: 0.000021 seconds.
  path: Assets/Modern tiles_Free/Interiors_free/32x32/Interiors_free_32x32_518.asset
  importAddress: Guid(f6952869c96103743bc0ad80d2b5b483) Importer(2089858483,b0f066a214c2f5e87bad3c948f4d605d)
Start importing Assets/Modern tiles_Free/Interiors_free/32x32/Interiors_free_32x32_518.asset using Guid(f6952869c96103743bc0ad80d2b5b483) Importer(2089858483,b0f066a214c2f5e87bad3c948f4d605d) (ScriptedImporter) -> (Import Result ID: 'ae50d8617b8ce9464e937bb7c5f5a485') in 0.0092184 seconds [static and dynamic dependencies]. Details - ImportResultOutputID=28df1e328bc5b0e8565145c73d6df5af DependenciesID=35568c84a491ac39478210ad18f75a86 StaticDependenciesID=5cc3bdcd5da3148f185191f59b0315c6 
Number of updated asset objects reloaded before import = 0Number of asset objects unloaded after import = 2

========================================================================
Received Import Request.
  Time since last request: 0.000017 seconds.
  path: Assets/Modern tiles_Free/Interiors_free/32x32/Interiors_free_32x32_1045.asset
  importAddress: Guid(fd1138f0c46f8c64ca11788725fc01c0) Importer(2089858483,b0f066a214c2f5e87bad3c948f4d605d)
Start importing Assets/Modern tiles_Free/Interiors_free/32x32/Interiors_free_32x32_1045.asset using Guid(fd1138f0c46f8c64ca11788725fc01c0) Importer(2089858483,b0f066a214c2f5e87bad3c948f4d605d) (ScriptedImporter) -> (Import Result ID: '7b78ef20e097ecfed6968c39b64c2faf') in 0.0088629 seconds [static and dynamic dependencies]. Details - ImportResultOutputID=166930da0173e460667810f6df60cf17 DependenciesID=504b5ddb600e632dc7e8b9a7e14c1ab1 StaticDependenciesID=5457ba5759ad20c19647925e9fc3adf6 
Number of updated asset objects reloaded before import = 0Number of asset objects unloaded after import = 2

========================================================================
Received Import Request.
  Time since last request: 0.000019 seconds.
  path: Assets/Modern tiles_Free/Interiors_free/32x32/Interiors_free_32x32_441.asset
  importAddress: Guid(c938ae72d6cb7314b9f4dc62158f2ef0) Importer(2089858483,b0f066a214c2f5e87bad3c948f4d605d)
Start importing Assets/Modern tiles_Free/Interiors_free/32x32/Interiors_free_32x32_441.asset using Guid(c938ae72d6cb7314b9f4dc62158f2ef0) Importer(2089858483,b0f066a214c2f5e87bad3c948f4d605d) (ScriptedImporter) -> (Import Result ID: 'a2cb526869e3ebb11e3bee4e0a798296') in 0.008608 seconds [static and dynamic dependencies]. Details - ImportResultOutputID=cc1f637846fd8bcafa0bb5bed797c018 DependenciesID=0dd5ee46fb3f46f4112c50c43ea54186 StaticDependenciesID=66ec9a10c42e538672fbcd5c95635ca8 
Number of updated asset objects reloaded before import = 0Number of asset objects unloaded after import = 2

========================================================================
Received Import Request.
  Time since last request: 0.000017 seconds.
  path: Assets/Modern tiles_Free/Interiors_free/32x32/Interiors_free_32x32_396.asset
  importAddress: Guid(4a507fac0003d9545ae39a30a08d0564) Importer(2089858483,b0f066a214c2f5e87bad3c948f4d605d)
Start importing Assets/Modern tiles_Free/Interiors_free/32x32/Interiors_free_32x32_396.asset using Guid(4a507fac0003d9545ae39a30a08d0564) Importer(2089858483,b0f066a214c2f5e87bad3c948f4d605d) (ScriptedImporter) -> (Import Result ID: 'af86dc003f1673b651f0451e4ad04741') in 0.0089703 seconds [static and dynamic dependencies]. Details - ImportResultOutputID=3523abbf4cd0b87c600e50545ae3e07f DependenciesID=1c6452018aabe1579b7fba28acd8c205 StaticDependenciesID=5e06a993270ad20a93d0ed39cd887282 
Number of updated asset objects reloaded before import = 0Number of asset objects unloaded after import = 2

========================================================================
Received Import Request.
  Time since last request: 0.000028 seconds.
  path: Assets/Modern tiles_Free/Interiors_free/32x32/Interiors_free_32x32_846.asset
  importAddress: Guid(cb7243f1c50603e4e80117a533bcaae4) Importer(2089858483,b0f066a214c2f5e87bad3c948f4d605d)
Start importing Assets/Modern tiles_Free/Interiors_free/32x32/Interiors_free_32x32_846.asset using Guid(cb7243f1c50603e4e80117a533bcaae4) Importer(2089858483,b0f066a214c2f5e87bad3c948f4d605d) (ScriptedImporter) -> (Import Result ID: 'c1195e8dd00685b024d0df8a72a1d243') in 0.0087557 seconds [static and dynamic dependencies]. Details - ImportResultOutputID=7e3808d4a04183a3855ee7c0a7ed3053 DependenciesID=0c9148d4520647c2b821273399d89b14 StaticDependenciesID=98bf4b86a912126dc5adf09d459df109 
Number of updated asset objects reloaded before import = 0Number of asset objects unloaded after import = 2

========================================================================
Received Import Request.
  Time since last request: 0.000013 seconds.
  path: Assets/Modern tiles_Free/Interiors_free/32x32/Interiors_free_32x32_817.asset
  importAddress: Guid(c9199c5348817e642893947f34122c49) Importer(2089858483,b0f066a214c2f5e87bad3c948f4d605d)
Start importing Assets/Modern tiles_Free/Interiors_free/32x32/Interiors_free_32x32_817.asset using Guid(c9199c5348817e642893947f34122c49) Importer(2089858483,b0f066a214c2f5e87bad3c948f4d605d) (ScriptedImporter) -> (Import Result ID: '978b78a6bc7d95dca315c1e8591ec10b') in 0.0087931 seconds [static and dynamic dependencies]. Details - ImportResultOutputID=e36fb08caffea4237312bb2640b5345e DependenciesID=e2e7028ce265b37acbb00ee3e31f8b5f StaticDependenciesID=980b745bbaf99d6342dbf77006970743 
Number of updated asset objects reloaded before import = 0Number of asset objects unloaded after import = 2

========================================================================
Received Import Request.
  Time since last request: 0.000020 seconds.
  path: Assets/Modern tiles_Free/Interiors_free/32x32/Interiors_free_32x32_139.asset
  importAddress: Guid(f36c1ca28df326d4d8c81e248c4c7fbd) Importer(2089858483,b0f066a214c2f5e87bad3c948f4d605d)
Start importing Assets/Modern tiles_Free/Interiors_free/32x32/Interiors_free_32x32_139.asset using Guid(f36c1ca28df326d4d8c81e248c4c7fbd) Importer(2089858483,b0f066a214c2f5e87bad3c948f4d605d) (ScriptedImporter) -> (Import Result ID: '1fabe82a84e6e20182fc7b4d70e2f87a') in 0.0085995 seconds [static and dynamic dependencies]. Details - ImportResultOutputID=80a4f9973e8ae38a16491fa0bc2eb989 DependenciesID=186d89ec278ada810712cd5a23013165 StaticDependenciesID=710e9e0aef04b9af608119287473aed0 
Number of updated asset objects reloaded before import = 0Number of asset objects unloaded after import = 2

========================================================================
Received Import Request.
  Time since last request: 0.000014 seconds.
  path: Assets/Modern tiles_Free/Interiors_free/32x32/Interiors_free_32x32_506.asset
  importAddress: Guid(13bb174302a7bf74dbe4f19e428c0223) Importer(2089858483,b0f066a214c2f5e87bad3c948f4d605d)
Start importing Assets/Modern tiles_Free/Interiors_free/32x32/Interiors_free_32x32_506.asset using Guid(13bb174302a7bf74dbe4f19e428c0223) Importer(2089858483,b0f066a214c2f5e87bad3c948f4d605d) (ScriptedImporter) -> (Import Result ID: '66ebe8514fcbc23fc1cd9f5f24fcc66d') in 0.0091754 seconds [static and dynamic dependencies]. Details - ImportResultOutputID=c0116d69e4b5a5fa9f5ee294d00b7027 DependenciesID=a1f58c429b2473bbf2282e5bf4eb437b StaticDependenciesID=03416269ea69b3fee4e179d569a989ef 
Number of updated asset objects reloaded before import = 0Number of asset objects unloaded after import = 2

========================================================================
Received Import Request.
  Time since last request: 0.000021 seconds.
  path: Assets/Modern tiles_Free/Interiors_free/32x32/Interiors_free_32x32_629.asset
  importAddress: Guid(ddaa935b6f4879e4085c23388a6947d1) Importer(2089858483,b0f066a214c2f5e87bad3c948f4d605d)
Start importing Assets/Modern tiles_Free/Interiors_free/32x32/Interiors_free_32x32_629.asset using Guid(ddaa935b6f4879e4085c23388a6947d1) Importer(2089858483,b0f066a214c2f5e87bad3c948f4d605d) (ScriptedImporter) -> (Import Result ID: '442ef338d0142f178cf19cb41448cb28') in 0.0090272 seconds [static and dynamic dependencies]. Details - ImportResultOutputID=405a8607584ab1cd2cf3c056b0159d1c DependenciesID=fce135978db6dae266ac87bad28e236c StaticDependenciesID=21c242a3464c7897c559e35ad69bc664 
Number of updated asset objects reloaded before import = 0Number of asset objects unloaded after import = 2

========================================================================
Received Import Request.
  Time since last request: 0.000014 seconds.
  path: Assets/Modern tiles_Free/Interiors_free/32x32/Interiors_free_32x32_1049.asset
  importAddress: Guid(1caad216d7a9b7e4c9a6be403d8b646e) Importer(2089858483,b0f066a214c2f5e87bad3c948f4d605d)
Start importing Assets/Modern tiles_Free/Interiors_free/32x32/Interiors_free_32x32_1049.asset using Guid(1caad216d7a9b7e4c9a6be403d8b646e) Importer(2089858483,b0f066a214c2f5e87bad3c948f4d605d) (ScriptedImporter) -> (Import Result ID: '6dd8439a58ef84937254d6afd0aeac80') in 0.0085039 seconds [static and dynamic dependencies]. Details - ImportResultOutputID=3c01e7a078f5282e33927083413c3967 DependenciesID=458f1b03418be1595742d58dae44dd9c StaticDependenciesID=f7dec6ae77394cad9992ca405f4c9a46 
Number of updated asset objects reloaded before import = 0Number of asset objects unloaded after import = 2

========================================================================
Received Import Request.
  Time since last request: 0.000020 seconds.
  path: Assets/Modern tiles_Free/Interiors_free/32x32/Interiors_free_32x32_862.asset
  importAddress: Guid(c080758571f19434c876296f9d76d7a9) Importer(2089858483,b0f066a214c2f5e87bad3c948f4d605d)
Start importing Assets/Modern tiles_Free/Interiors_free/32x32/Interiors_free_32x32_862.asset using Guid(c080758571f19434c876296f9d76d7a9) Importer(2089858483,b0f066a214c2f5e87bad3c948f4d605d) (ScriptedImporter) -> (Import Result ID: 'd2f63b42861b1952e4f7e7b96aa5eccd') in 0.0090485 seconds [static and dynamic dependencies]. Details - ImportResultOutputID=2e1bc7b007ceb799ae61140673ff4e33 DependenciesID=f04c538de1aeffefbb28da6c9fa2ac2e StaticDependenciesID=f501527fe76a3289bbe9dfca9eb938ce 
Number of updated asset objects reloaded before import = 0Number of asset objects unloaded after import = 2

========================================================================
Received Import Request.
  Time since last request: 0.000022 seconds.
  path: Assets/Modern tiles_Free/Interiors_free/32x32/Interiors_free_32x32_647.asset
  importAddress: Guid(0486ad12dd936924d875b574d7940221) Importer(2089858483,b0f066a214c2f5e87bad3c948f4d605d)
Start importing Assets/Modern tiles_Free/Interiors_free/32x32/Interiors_free_32x32_647.asset using Guid(0486ad12dd936924d875b574d7940221) Importer(2089858483,b0f066a214c2f5e87bad3c948f4d605d) (ScriptedImporter) -> (Import Result ID: '2e50f24772c7dbfc878c4bd5e7417d28') in 0.0089736 seconds [static and dynamic dependencies]. Details - ImportResultOutputID=2da2569433876604f91fa1b8e4694039 DependenciesID=5a53d920bb4342f46601ad61c09b9a4f StaticDependenciesID=31c800c74422b6cb87972854a2663884 
Number of updated asset objects reloaded before import = 0Number of asset objects unloaded after import = 2

========================================================================
Received Import Request.
  Time since last request: 0.000014 seconds.
  path: Assets/Modern tiles_Free/Interiors_free/32x32/Interiors_free_32x32_33.asset
  importAddress: Guid(4b686ce9e62e97b4d8d3f2d1bccbf90c) Importer(2089858483,b0f066a214c2f5e87bad3c948f4d605d)
Start importing Assets/Modern tiles_Free/Interiors_free/32x32/Interiors_free_32x32_33.asset using Guid(4b686ce9e62e97b4d8d3f2d1bccbf90c) Importer(2089858483,b0f066a214c2f5e87bad3c948f4d605d) (ScriptedImporter) -> (Import Result ID: 'c9492c170c2820cb211b013fe54bb415') in 0.0089757 seconds [static and dynamic dependencies]. Details - ImportResultOutputID=d48119591ab1c27b40f5de126b0d8445 DependenciesID=72b2bbb1997853c8373daa31351f2532 StaticDependenciesID=44c17ab4007f39a57f452fdf7c811161 
Number of updated asset objects reloaded before import = 0Number of asset objects unloaded after import = 2

========================================================================
Received Import Request.
  Time since last request: 0.000016 seconds.
  path: Assets/Modern tiles_Free/Interiors_free/32x32/Interiors_free_32x32_871.asset
  importAddress: Guid(6b83b4f7c830b8844a1481ceb0d47c7b) Importer(2089858483,b0f066a214c2f5e87bad3c948f4d605d)
Start importing Assets/Modern tiles_Free/Interiors_free/32x32/Interiors_free_32x32_871.asset using Guid(6b83b4f7c830b8844a1481ceb0d47c7b) Importer(2089858483,b0f066a214c2f5e87bad3c948f4d605d) (ScriptedImporter) -> (Import Result ID: 'dcd6174d18c7062b9e1f1a1d67945c2d') in 0.0086734 seconds [static and dynamic dependencies]. Details - ImportResultOutputID=d6eca36cf5d3eabbab7c2416a7d08b8d DependenciesID=cb93bb8647e2bce94fa7521a59037d47 StaticDependenciesID=e5bdad066f5953fa56dfdcc641b17f72 
Number of updated asset objects reloaded before import = 0Number of asset objects unloaded after import = 2

========================================================================
Received Import Request.
  Time since last request: 0.000017 seconds.
  path: Assets/Modern tiles_Free/Interiors_free/32x32/Interiors_free_32x32_317.asset
  importAddress: Guid(0e7b375d34e95f947932d0c568ab5c09) Importer(2089858483,b0f066a214c2f5e87bad3c948f4d605d)
Start importing Assets/Modern tiles_Free/Interiors_free/32x32/Interiors_free_32x32_317.asset using Guid(0e7b375d34e95f947932d0c568ab5c09) Importer(2089858483,b0f066a214c2f5e87bad3c948f4d605d) (ScriptedImporter) -> (Import Result ID: 'd285ae4370b83ea52973f49748bac2ec') in 0.0082617 seconds [static and dynamic dependencies]. Details - ImportResultOutputID=e0ba0786b5443f415cccc4da5fcf6e5b DependenciesID=a407cf0a40c590f443ad1b7fd8fc0311 StaticDependenciesID=b32c0ea5ebd24c63a724a8cb553219b9 
Number of updated asset objects reloaded before import = 0Number of asset objects unloaded after import = 2

========================================================================
Received Import Request.
  Time since last request: 0.679391 seconds.
  path: Assets/Modern tiles_Free/Interiors_free/32x32/Interiors_free_32x32_368.asset
  importAddress: Guid(d8863ed78902ef34f9dbdd864aa53e3d) Importer(2089858483,b0f066a214c2f5e87bad3c948f4d605d)
Start importing Assets/Modern tiles_Free/Interiors_free/32x32/Interiors_free_32x32_368.asset using Guid(d8863ed78902ef34f9dbdd864aa53e3d) Importer(2089858483,b0f066a214c2f5e87bad3c948f4d605d) (ScriptedImporter) -> (Import Result ID: '6dce12f521d0e465621579e522c8d394') in 0.0089214 seconds [static and dynamic dependencies]. Details - ImportResultOutputID=a1a7b199ef447356ac11f0c16a933e78 DependenciesID=05ecaa27b4791d5c620b3d092483670c StaticDependenciesID=f953e0aa23d6f222682d84ca6945dee2 
Number of updated asset objects reloaded before import = 0Number of asset objects unloaded after import = 2

========================================================================
Received Import Request.
  Time since last request: 0.000016 seconds.
  path: Assets/Modern tiles_Free/Interiors_free/32x32/Interiors_free_32x32_1066.asset
  importAddress: Guid(3b513db84c793a34cb03ada978ec85fe) Importer(2089858483,b0f066a214c2f5e87bad3c948f4d605d)
Start importing Assets/Modern tiles_Free/Interiors_free/32x32/Interiors_free_32x32_1066.asset using Guid(3b513db84c793a34cb03ada978ec85fe) Importer(2089858483,b0f066a214c2f5e87bad3c948f4d605d) (ScriptedImporter) -> (Import Result ID: 'a35f4e3588c43f88b54f2618d93479b4') in 0.0083182 seconds [static and dynamic dependencies]. Details - ImportResultOutputID=37e58d198b9baab8ae4fdf6563cc92e4 DependenciesID=7c99134795f77c24d0d4625aa2a1e066 StaticDependenciesID=b41cdd69a0f9b81903607813c57e4a59 
Number of updated asset objects reloaded before import = 0Number of asset objects unloaded after import = 2

========================================================================
Received Import Request.
  Time since last request: 0.000015 seconds.
  path: Assets/Modern tiles_Free/Interiors_free/32x32/Interiors_free_32x32_643.asset
  importAddress: Guid(9fb87250c831495488ea9529b9294e82) Importer(2089858483,b0f066a214c2f5e87bad3c948f4d605d)
Start importing Assets/Modern tiles_Free/Interiors_free/32x32/Interiors_free_32x32_643.asset using Guid(9fb87250c831495488ea9529b9294e82) Importer(2089858483,b0f066a214c2f5e87bad3c948f4d605d) (ScriptedImporter) -> (Import Result ID: '1c2f92e399152d37cc5728cf6e750c58') in 0.0084143 seconds [static and dynamic dependencies]. Details - ImportResultOutputID=81b625796fc9b3c2f13ceb5074b58e7b DependenciesID=0821aaf11709df6204ace398bdc970b6 StaticDependenciesID=23d5d77bd4094fd6fa92ae8104ba2b2c 
Number of updated asset objects reloaded before import = 0Number of asset objects unloaded after import = 2

========================================================================
Received Import Request.
  Time since last request: 0.000018 seconds.
  path: Assets/Modern tiles_Free/Interiors_free/32x32/Interiors_free_32x32_507.asset
  importAddress: Guid(afc148d15b05fab4da38e3b7eec2548a) Importer(2089858483,b0f066a214c2f5e87bad3c948f4d605d)
Start importing Assets/Modern tiles_Free/Interiors_free/32x32/Interiors_free_32x32_507.asset using Guid(afc148d15b05fab4da38e3b7eec2548a) Importer(2089858483,b0f066a214c2f5e87bad3c948f4d605d) (ScriptedImporter) -> (Import Result ID: 'c1a99986fcf93c394702454bc0f81a45') in 0.0097043 seconds [static and dynamic dependencies]. Details - ImportResultOutputID=88e04ba893600896a85c1f6280bf8cd2 DependenciesID=2df300e122c003d9c46495c505dc34f3 StaticDependenciesID=0769a724cc83847a40b1c22fdbb6abb5 
Number of updated asset objects reloaded before import = 0Number of asset objects unloaded after import = 2

========================================================================
Received Import Request.
  Time since last request: 0.000019 seconds.
  path: Assets/Modern tiles_Free/Interiors_free/32x32/Interiors_free_32x32_808.asset
  importAddress: Guid(fc4cc011d30f881488e73400a996f6d9) Importer(2089858483,b0f066a214c2f5e87bad3c948f4d605d)
Start importing Assets/Modern tiles_Free/Interiors_free/32x32/Interiors_free_32x32_808.asset using Guid(fc4cc011d30f881488e73400a996f6d9) Importer(2089858483,b0f066a214c2f5e87bad3c948f4d605d) (ScriptedImporter) -> (Import Result ID: '9fe24f8bfaa2e3f1f89ba558ce64a212') in 0.0084789 seconds [static and dynamic dependencies]. Details - ImportResultOutputID=ac5834791e837bc7acda35c49aacd609 DependenciesID=b414764ccc47cdcf219de648dd1a9dd8 StaticDependenciesID=2206b776b2666e027008737ec6e0c43a 
Number of updated asset objects reloaded before import = 0Number of asset objects unloaded after import = 2

========================================================================
Received Import Request.
  Time since last request: 0.000022 seconds.
  path: Assets/Modern tiles_Free/Interiors_free/32x32/Interiors_free_32x32_124.asset
  importAddress: Guid(88ef78ee3e278c247bfc9266ee41b3de) Importer(2089858483,b0f066a214c2f5e87bad3c948f4d605d)
Start importing Assets/Modern tiles_Free/Interiors_free/32x32/Interiors_free_32x32_124.asset using Guid(88ef78ee3e278c247bfc9266ee41b3de) Importer(2089858483,b0f066a214c2f5e87bad3c948f4d605d) (ScriptedImporter) -> (Import Result ID: 'e96f9149837431c8f3c83e19d1f2aa1a') in 0.026431 seconds [static and dynamic dependencies]. Details - ImportResultOutputID=5bdf6dd1f18d539b893db890954ea318 DependenciesID=2ef7b455835583b27c36af932678b142 StaticDependenciesID=d0575b5bf882fdb26b80a2802dd7b2e2 
Number of updated asset objects reloaded before import = 0Number of asset objects unloaded after import = 2

========================================================================
Received Import Request.
  Time since last request: 0.000017 seconds.
  path: Assets/Modern tiles_Free/Interiors_free/32x32/Interiors_free_32x32_496.asset
  importAddress: Guid(a5cc972d954c4cc4e92ca5a3fefd90c1) Importer(2089858483,b0f066a214c2f5e87bad3c948f4d605d)
Start importing Assets/Modern tiles_Free/Interiors_free/32x32/Interiors_free_32x32_496.asset using Guid(a5cc972d954c4cc4e92ca5a3fefd90c1) Importer(2089858483,b0f066a214c2f5e87bad3c948f4d605d) (ScriptedImporter) -> (Import Result ID: '796722a2ae1edfe2a09b01ed0292901f') in 0.0081519 seconds [static and dynamic dependencies]. Details - ImportResultOutputID=e136adb7a42a87f4c39df6cb63b41613 DependenciesID=062bcd75df5794802c11ec19e38bcb20 StaticDependenciesID=4f7e0886da6eeedc9432ba5a4fc72255 
Number of updated asset objects reloaded before import = 0Number of asset objects unloaded after import = 2

========================================================================
Received Import Request.
  Time since last request: 0.000014 seconds.
  path: Assets/Modern tiles_Free/Interiors_free/32x32/Interiors_free_32x32_459.asset
  importAddress: Guid(d6018f2f9043c1a41a5886225df6cb7d) Importer(2089858483,b0f066a214c2f5e87bad3c948f4d605d)
Start importing Assets/Modern tiles_Free/Interiors_free/32x32/Interiors_free_32x32_459.asset using Guid(d6018f2f9043c1a41a5886225df6cb7d) Importer(2089858483,b0f066a214c2f5e87bad3c948f4d605d) (ScriptedImporter) -> (Import Result ID: '71a241d40aa5895ab53ff9dfce0ed8f1') in 0.0202638 seconds [static and dynamic dependencies]. Details - ImportResultOutputID=c2e8a063f9370715fcab052e75ab0e8f DependenciesID=944a641c13a2d1828af416d283e158c8 StaticDependenciesID=1403c5ad496a7cbb2b30db9fac9677d2 
Number of updated asset objects reloaded before import = 0Number of asset objects unloaded after import = 2

========================================================================
Received Import Request.
  Time since last request: 0.000016 seconds.
  path: Assets/Modern tiles_Free/Interiors_free/32x32/Interiors_free_32x32_1194.asset
  importAddress: Guid(2343704a504dd7c4c8c7f8fce248afc3) Importer(2089858483,b0f066a214c2f5e87bad3c948f4d605d)
Start importing Assets/Modern tiles_Free/Interiors_free/32x32/Interiors_free_32x32_1194.asset using Guid(2343704a504dd7c4c8c7f8fce248afc3) Importer(2089858483,b0f066a214c2f5e87bad3c948f4d605d) (ScriptedImporter) -> (Import Result ID: '09887b60908002feaf21f98742075c50') in 0.0091338 seconds [static and dynamic dependencies]. Details - ImportResultOutputID=38bdf4f3523107506bb8a8222ee07972 DependenciesID=b85e201dd6cf0e9d97e323eaa8bdc24d StaticDependenciesID=b379ab3e4f06f6bbb718a60b1b9dda4f 
Number of updated asset objects reloaded before import = 0Number of asset objects unloaded after import = 2

========================================================================
Received Import Request.
  Time since last request: 0.000020 seconds.
  path: Assets/Modern tiles_Free/Interiors_free/32x32/Interiors_free_32x32_471.asset
  importAddress: Guid(7603c0644a8f0184682903aaac7faa0a) Importer(2089858483,b0f066a214c2f5e87bad3c948f4d605d)
Start importing Assets/Modern tiles_Free/Interiors_free/32x32/Interiors_free_32x32_471.asset using Guid(7603c0644a8f0184682903aaac7faa0a) Importer(2089858483,b0f066a214c2f5e87bad3c948f4d605d) (ScriptedImporter) -> (Import Result ID: '87500d2b8c9c3b4f8953bedbce14385d') in 0.0080591 seconds [static and dynamic dependencies]. Details - ImportResultOutputID=14e97ac0151c57f06ba65475efd2a165 DependenciesID=b08b894eac21886bfd22269322d18c0c StaticDependenciesID=dfcfe1237a308da0c2891960c7cb35d4 
Number of updated asset objects reloaded before import = 0Number of asset objects unloaded after import = 2

========================================================================
Received Import Request.
  Time since last request: 0.000022 seconds.
  path: Assets/Modern tiles_Free/Interiors_free/32x32/Interiors_free_32x32_630.asset
  importAddress: Guid(22bcdb840927409458850e0968cad2a4) Importer(2089858483,b0f066a214c2f5e87bad3c948f4d605d)
Start importing Assets/Modern tiles_Free/Interiors_free/32x32/Interiors_free_32x32_630.asset using Guid(22bcdb840927409458850e0968cad2a4) Importer(2089858483,b0f066a214c2f5e87bad3c948f4d605d) (ScriptedImporter) -> (Import Result ID: '85b5ff147bca7ff86f39214133bbf012') in 0.0091039 seconds [static and dynamic dependencies]. Details - ImportResultOutputID=3978ed5bba93d03abc75d923966dbf92 DependenciesID=3ec29179226c01eec90331dc0cf8c368 StaticDependenciesID=c494771a8a2f7e4c9e11c1dae436e16b 
Number of updated asset objects reloaded before import = 0Number of asset objects unloaded after import = 2

========================================================================
Received Import Request.
  Time since last request: 0.000017 seconds.
  path: Assets/Modern tiles_Free/Interiors_free/32x32/Interiors_free_32x32_57.asset
  importAddress: Guid(59829600bcc2b6641aaa68141960c19b) Importer(2089858483,b0f066a214c2f5e87bad3c948f4d605d)
Start importing Assets/Modern tiles_Free/Interiors_free/32x32/Interiors_free_32x32_57.asset using Guid(59829600bcc2b6641aaa68141960c19b) Importer(2089858483,b0f066a214c2f5e87bad3c948f4d605d) (ScriptedImporter) -> (Import Result ID: '6162c3ca29f296a977d417ffdbf8b332') in 0.0078742 seconds [static and dynamic dependencies]. Details - ImportResultOutputID=92dd14a4364d2b260b39df3ca05241f8 DependenciesID=95eca4113a194e06b943043631fd35a4 StaticDependenciesID=4bcfaef4694763b0ca04c99de7f675a2 
Number of updated asset objects reloaded before import = 0Number of asset objects unloaded after import = 2

========================================================================
Received Import Request.
  Time since last request: 0.000017 seconds.
  path: Assets/Modern tiles_Free/Interiors_free/32x32/Interiors_free_32x32_309.asset
  importAddress: Guid(1782ea48869843140959f17704f84aac) Importer(2089858483,b0f066a214c2f5e87bad3c948f4d605d)
Start importing Assets/Modern tiles_Free/Interiors_free/32x32/Interiors_free_32x32_309.asset using Guid(1782ea48869843140959f17704f84aac) Importer(2089858483,b0f066a214c2f5e87bad3c948f4d605d) (ScriptedImporter) -> (Import Result ID: 'a575751c44cd6bd9339a9a89f3e215a6') in 0.0091394 seconds [static and dynamic dependencies]. Details - ImportResultOutputID=63862ea5f09f8568e264279bd45e69a4 DependenciesID=669a982a06aa62fe3f49bb28bf6f880a StaticDependenciesID=fe0418c8b501d38fcf41e86560929856 
Number of updated asset objects reloaded before import = 0Number of asset objects unloaded after import = 2

========================================================================
Received Import Request.
  Time since last request: 0.000016 seconds.
  path: Assets/Modern tiles_Free/Interiors_free/32x32/Interiors_free_32x32_93.asset
  importAddress: Guid(460f44a88273a614c9fc501f5fbb065a) Importer(2089858483,b0f066a214c2f5e87bad3c948f4d605d)
Start importing Assets/Modern tiles_Free/Interiors_free/32x32/Interiors_free_32x32_93.asset using Guid(460f44a88273a614c9fc501f5fbb065a) Importer(2089858483,b0f066a214c2f5e87bad3c948f4d605d) (ScriptedImporter) -> (Import Result ID: '8c862307ff68ff2151589a13b455def8') in 0.0079225 seconds [static and dynamic dependencies]. Details - ImportResultOutputID=d013fae15f09b26fe325e6236db2edee DependenciesID=277a473af8d74e19d90f98a2a32f0c99 StaticDependenciesID=1158233742bf9871c2a4f76a3993d922 
Number of updated asset objects reloaded before import = 0Number of asset objects unloaded after import = 2

========================================================================
Received Import Request.
  Time since last request: 0.000023 seconds.
  path: Assets/Modern tiles_Free/Interiors_free/32x32/Interiors_free_32x32_166.asset
  importAddress: Guid(963f2c01907f8374580287eb5a2bb856) Importer(2089858483,b0f066a214c2f5e87bad3c948f4d605d)
Start importing Assets/Modern tiles_Free/Interiors_free/32x32/Interiors_free_32x32_166.asset using Guid(963f2c01907f8374580287eb5a2bb856) Importer(2089858483,b0f066a214c2f5e87bad3c948f4d605d) (ScriptedImporter) -> (Import Result ID: '1e46eea933b5be1d8afa8a5491b84c1c') in 0.0086461 seconds [static and dynamic dependencies]. Details - ImportResultOutputID=dc04713831b48f71bc3d0e26d56d13ac DependenciesID=37d5b523074d1811f47f0b469820bc0c StaticDependenciesID=7b6590f410fffab85ec0ddbd7f3bdf27 
Number of updated asset objects reloaded before import = 0Number of asset objects unloaded after import = 2

========================================================================
Received Import Request.
  Time since last request: 0.000019 seconds.
  path: Assets/Modern tiles_Free/Interiors_free/32x32/Interiors_free_32x32_844.asset
  importAddress: Guid(3976bf7b212150446914982ff0652042) Importer(2089858483,b0f066a214c2f5e87bad3c948f4d605d)
Start importing Assets/Modern tiles_Free/Interiors_free/32x32/Interiors_free_32x32_844.asset using Guid(3976bf7b212150446914982ff0652042) Importer(2089858483,b0f066a214c2f5e87bad3c948f4d605d) (ScriptedImporter) -> (Import Result ID: 'bf088154e13375af672ebf9bfd45d512') in 0.0085285 seconds [static and dynamic dependencies]. Details - ImportResultOutputID=b7662ff8151f70da448e80b618d9bf47 DependenciesID=6cb4a05f191f9adfaa38281646530e4b StaticDependenciesID=6d766f126443bad7fb5c05edc2fc119e 
Number of updated asset objects reloaded before import = 0Number of asset objects unloaded after import = 2

========================================================================
Received Import Request.
  Time since last request: 0.000018 seconds.
  path: Assets/Modern tiles_Free/Interiors_free/32x32/Interiors_free_32x32_337.asset
  importAddress: Guid(3024ee181be55a54ebecc50cba9e20fd) Importer(2089858483,b0f066a214c2f5e87bad3c948f4d605d)
Start importing Assets/Modern tiles_Free/Interiors_free/32x32/Interiors_free_32x32_337.asset using Guid(3024ee181be55a54ebecc50cba9e20fd) Importer(2089858483,b0f066a214c2f5e87bad3c948f4d605d) (ScriptedImporter) -> (Import Result ID: '4780c65ca22257e745f96bde0521b411') in 0.0085235 seconds [static and dynamic dependencies]. Details - ImportResultOutputID=32dbf19f31456d9ca5d460726dd6b7c9 DependenciesID=93e550d23b9b96468e8e7438a0be599e StaticDependenciesID=ca9cf76038a3780df5ca98430f622c1f 
Number of updated asset objects reloaded before import = 0Number of asset objects unloaded after import = 2

========================================================================
Received Import Request.
  Time since last request: 0.000018 seconds.
  path: Assets/Modern tiles_Free/Interiors_free/32x32/Interiors_free_32x32_313.asset
  importAddress: Guid(9e9f4ec4b7aa21248894e5435764752b) Importer(2089858483,b0f066a214c2f5e87bad3c948f4d605d)
Start importing Assets/Modern tiles_Free/Interiors_free/32x32/Interiors_free_32x32_313.asset using Guid(9e9f4ec4b7aa21248894e5435764752b) Importer(2089858483,b0f066a214c2f5e87bad3c948f4d605d) (ScriptedImporter) -> (Import Result ID: 'f06f40e44024223e5d27feafa7bf502f') in 0.0089342 seconds [static and dynamic dependencies]. Details - ImportResultOutputID=eb88d51bbf2b7484e28993a21d2546f5 DependenciesID=f63820c06705f737c1b53797c4988c1a StaticDependenciesID=5001099089c727c697bbce2b1636b02e 
Number of updated asset objects reloaded before import = 0Number of asset objects unloaded after import = 2

========================================================================
Received Import Request.
  Time since last request: 0.000017 seconds.
  path: Assets/Modern tiles_Free/Interiors_free/32x32/Interiors_free_32x32_246.asset
  importAddress: Guid(76ec89d1a778d8e49aa9fffdc4a125f5) Importer(2089858483,b0f066a214c2f5e87bad3c948f4d605d)
Start importing Assets/Modern tiles_Free/Interiors_free/32x32/Interiors_free_32x32_246.asset using Guid(76ec89d1a778d8e49aa9fffdc4a125f5) Importer(2089858483,b0f066a214c2f5e87bad3c948f4d605d) (ScriptedImporter) -> (Import Result ID: '96f1a7461fabf395014e6eafd449373b') in 0.0093026 seconds [static and dynamic dependencies]. Details - ImportResultOutputID=aff65222183210690b17f7d71b83b1a5 DependenciesID=30a7f1b63d1817c4df5412d0a2b1ee81 StaticDependenciesID=05bf0110c7d1cbdb1ccd54c63880c952 
Number of updated asset objects reloaded before import = 0Number of asset objects unloaded after import = 2

========================================================================
Received Import Request.
  Time since last request: 0.000018 seconds.
  path: Assets/Modern tiles_Free/Interiors_free/32x32/Interiors_free_32x32_392.asset
  importAddress: Guid(bada5f879299bfb4e95e5ba9220d1ef4) Importer(2089858483,b0f066a214c2f5e87bad3c948f4d605d)
Start importing Assets/Modern tiles_Free/Interiors_free/32x32/Interiors_free_32x32_392.asset using Guid(bada5f879299bfb4e95e5ba9220d1ef4) Importer(2089858483,b0f066a214c2f5e87bad3c948f4d605d) (ScriptedImporter) -> (Import Result ID: '8fcdaa9e507e5a6ec4a993bcb41efbdc') in 0.0087266 seconds [static and dynamic dependencies]. Details - ImportResultOutputID=73ca1748715e54233b8683756e6117e0 DependenciesID=2413be7a5d5550d2db1a9223685e62ea StaticDependenciesID=2a2f47b770d5f3700fa66060d747f429 
Number of updated asset objects reloaded before import = 0Number of asset objects unloaded after import = 2

========================================================================
Received Import Request.
  Time since last request: 0.000014 seconds.
  path: Assets/Modern tiles_Free/Interiors_free/32x32/Interiors_free_32x32_291.asset
  importAddress: Guid(2d266dd23be33ad4986cb552401efb92) Importer(2089858483,b0f066a214c2f5e87bad3c948f4d605d)
Start importing Assets/Modern tiles_Free/Interiors_free/32x32/Interiors_free_32x32_291.asset using Guid(2d266dd23be33ad4986cb552401efb92) Importer(2089858483,b0f066a214c2f5e87bad3c948f4d605d) (ScriptedImporter) -> (Import Result ID: 'd1e8ea12bf3b569fb30e5da0c51fad49') in 0.0081753 seconds [static and dynamic dependencies]. Details - ImportResultOutputID=17e10a829df3b380d0c8cb23dcfdb60a DependenciesID=cfb92cc5c3245e991131c579d751905f StaticDependenciesID=1da6ddb1f9071e1f67ebe40ad480f8b0 
Number of updated asset objects reloaded before import = 0Number of asset objects unloaded after import = 2

========================================================================
Received Import Request.
  Time since last request: 0.000017 seconds.
  path: Assets/Modern tiles_Free/Interiors_free/32x32/Interiors_free_32x32_776.asset
  importAddress: Guid(86242c0f548b7774685db9d40b7cc941) Importer(2089858483,b0f066a214c2f5e87bad3c948f4d605d)
Start importing Assets/Modern tiles_Free/Interiors_free/32x32/Interiors_free_32x32_776.asset using Guid(86242c0f548b7774685db9d40b7cc941) Importer(2089858483,b0f066a214c2f5e87bad3c948f4d605d) (ScriptedImporter) -> (Import Result ID: 'f3f8ad3444adf7015308b9ea3717935c') in 0.0089055 seconds [static and dynamic dependencies]. Details - ImportResultOutputID=3eb9909ad3d0faa3689606f90fd5f19a DependenciesID=b9fc8d3e5299ecdc481892a4c7448cd2 StaticDependenciesID=5fc9c8bde7c79765b036607cfa05f30f 
Number of updated asset objects reloaded before import = 0Number of asset objects unloaded after import = 2

========================================================================
Received Import Request.
  Time since last request: 0.000013 seconds.
  path: Assets/Modern tiles_Free/Interiors_free/32x32/Interiors_free_32x32_706.asset
  importAddress: Guid(91ff2476a8daa324e82563a5e73c447e) Importer(2089858483,b0f066a214c2f5e87bad3c948f4d605d)
Start importing Assets/Modern tiles_Free/Interiors_free/32x32/Interiors_free_32x32_706.asset using Guid(91ff2476a8daa324e82563a5e73c447e) Importer(2089858483,b0f066a214c2f5e87bad3c948f4d605d) (ScriptedImporter) -> (Import Result ID: 'f1583eccdded41759a888a20f5f455f0') in 0.007736 seconds [static and dynamic dependencies]. Details - ImportResultOutputID=f0b50b8d23c9150b549d75db022fa542 DependenciesID=ea572202fdd49542da816389cd7103a6 StaticDependenciesID=33719a73453ab16fd83b4545946e1e3e 
Number of updated asset objects reloaded before import = 0Number of asset objects unloaded after import = 2

========================================================================
Received Import Request.
  Time since last request: 0.000020 seconds.
  path: Assets/Modern tiles_Free/Interiors_free/32x32/Interiors_free_32x32_73.asset
  importAddress: Guid(896bfa3651e852e42a5f479f333a1270) Importer(2089858483,b0f066a214c2f5e87bad3c948f4d605d)
Start importing Assets/Modern tiles_Free/Interiors_free/32x32/Interiors_free_32x32_73.asset using Guid(896bfa3651e852e42a5f479f333a1270) Importer(2089858483,b0f066a214c2f5e87bad3c948f4d605d) (ScriptedImporter) -> (Import Result ID: 'bb03b8065845d49ae09dc7323ffc5bfc') in 0.0090563 seconds [static and dynamic dependencies]. Details - ImportResultOutputID=64d911cf07f7699ffd8654118da414dc DependenciesID=f1e70f0183481b58a2d0188f7facfc2c StaticDependenciesID=e044260c642cc13643624194df972aaf 
Number of updated asset objects reloaded before import = 0Number of asset objects unloaded after import = 2

========================================================================
Received Import Request.
  Time since last request: 0.000017 seconds.
  path: Assets/Modern tiles_Free/Interiors_free/32x32/Interiors_free_32x32_977.asset
  importAddress: Guid(fd0037fb7ebf2844994753493ccb944d) Importer(2089858483,b0f066a214c2f5e87bad3c948f4d605d)
Start importing Assets/Modern tiles_Free/Interiors_free/32x32/Interiors_free_32x32_977.asset using Guid(fd0037fb7ebf2844994753493ccb944d) Importer(2089858483,b0f066a214c2f5e87bad3c948f4d605d) (ScriptedImporter) -> (Import Result ID: 'ff90cfa50315251f00d491415bf708c7') in 0.0080476 seconds [static and dynamic dependencies]. Details - ImportResultOutputID=762a72a0f01c94a6c936cfd6349c7b95 DependenciesID=c641705105f9ebd7f4227e89d360b87b StaticDependenciesID=f22bf784f7fa93c5e94d611c691f69cf 
Number of updated asset objects reloaded before import = 0Number of asset objects unloaded after import = 2

========================================================================
Received Import Request.
  Time since last request: 0.000020 seconds.
  path: Assets/Modern tiles_Free/Interiors_free/32x32/Interiors_free_32x32_161.asset
  importAddress: Guid(022c4dc8244d5ed4e9c3ab1df40f98d8) Importer(2089858483,b0f066a214c2f5e87bad3c948f4d605d)
Start importing Assets/Modern tiles_Free/Interiors_free/32x32/Interiors_free_32x32_161.asset using Guid(022c4dc8244d5ed4e9c3ab1df40f98d8) Importer(2089858483,b0f066a214c2f5e87bad3c948f4d605d) (ScriptedImporter) -> (Import Result ID: '24102afc760b86aef94e068bc5aff4c9') in 0.008932 seconds [static and dynamic dependencies]. Details - ImportResultOutputID=374ee72ffa0590820987aac9c73ad499 DependenciesID=843d2833ef764733017b3a39f6d3dd2a StaticDependenciesID=bb87420e887b9b5cc56cd2f34b5e5f27 
Number of updated asset objects reloaded before import = 0Number of asset objects unloaded after import = 2

========================================================================
Received Import Request.
  Time since last request: 0.000041 seconds.
  path: Assets/Modern tiles_Free/Interiors_free/32x32/Interiors_free_32x32_448.asset
  importAddress: Guid(dc38d3b5ea203434e8ff8d9e7877d8f7) Importer(2089858483,b0f066a214c2f5e87bad3c948f4d605d)
Start importing Assets/Modern tiles_Free/Interiors_free/32x32/Interiors_free_32x32_448.asset using Guid(dc38d3b5ea203434e8ff8d9e7877d8f7) Importer(2089858483,b0f066a214c2f5e87bad3c948f4d605d) (ScriptedImporter) -> (Import Result ID: '79adcb6489d006533916097827f88630') in 0.0093056 seconds [static and dynamic dependencies]. Details - ImportResultOutputID=fe1331609877e2730f85f940f0f98191 DependenciesID=280b42820581bb65e0163519b4f0aaa6 StaticDependenciesID=f1e10a6db0ea52c95e2b720a8868b35d 
Number of updated asset objects reloaded before import = 0Number of asset objects unloaded after import = 2

========================================================================
Received Import Request.
  Time since last request: 0.000015 seconds.
  path: Assets/Modern tiles_Free/Interiors_free/32x32/Interiors_free_32x32_398.asset
  importAddress: Guid(d2e9ed9bdf41ebf4aa63ab12c0b1dda5) Importer(2089858483,b0f066a214c2f5e87bad3c948f4d605d)
Start importing Assets/Modern tiles_Free/Interiors_free/32x32/Interiors_free_32x32_398.asset using Guid(d2e9ed9bdf41ebf4aa63ab12c0b1dda5) Importer(2089858483,b0f066a214c2f5e87bad3c948f4d605d) (ScriptedImporter) -> (Import Result ID: '47b1f2aa8643963f477b48caaa4d6561') in 0.0091772 seconds [static and dynamic dependencies]. Details - ImportResultOutputID=d5a11dac74cae0105c6ea9e14a6ecbbd DependenciesID=0c1fd8388c3885b362329bdd99284e75 StaticDependenciesID=743cb6807dfc0d848268f22bd365be4c 
Number of updated asset objects reloaded before import = 0Number of asset objects unloaded after import = 2

========================================================================
Received Import Request.
  Time since last request: 0.000018 seconds.
  path: Assets/Modern tiles_Free/Interiors_free/32x32/Interiors_free_32x32_498.asset
  importAddress: Guid(31d031d979f989a40b26177fde923ac3) Importer(2089858483,b0f066a214c2f5e87bad3c948f4d605d)
Start importing Assets/Modern tiles_Free/Interiors_free/32x32/Interiors_free_32x32_498.asset using Guid(31d031d979f989a40b26177fde923ac3) Importer(2089858483,b0f066a214c2f5e87bad3c948f4d605d) (ScriptedImporter) -> (Import Result ID: 'b1cd5e5bf9d5bbf13dc53e88f87e7d47') in 0.0087006 seconds [static and dynamic dependencies]. Details - ImportResultOutputID=524feb6924837bb4c87be8dff5e00556 DependenciesID=50e7ed924f1e6263c58839253609bc53 StaticDependenciesID=fba060d4c197ef5931bf877103a6e368 
Number of updated asset objects reloaded before import = 0Number of asset objects unloaded after import = 2

========================================================================
Received Import Request.
  Time since last request: 0.000019 seconds.
  path: Assets/Modern tiles_Free/Interiors_free/32x32/Interiors_free_32x32_137.asset
  importAddress: Guid(e3cfaa6d6ca28074f962f33d03081785) Importer(2089858483,b0f066a214c2f5e87bad3c948f4d605d)
Start importing Assets/Modern tiles_Free/Interiors_free/32x32/Interiors_free_32x32_137.asset using Guid(e3cfaa6d6ca28074f962f33d03081785) Importer(2089858483,b0f066a214c2f5e87bad3c948f4d605d) (ScriptedImporter) -> (Import Result ID: '61edff3a6d3b89390610d1d3b0d1e3f3') in 0.009611 seconds [static and dynamic dependencies]. Details - ImportResultOutputID=fb3d21fa7474b65b1285508ecd6dcc79 DependenciesID=7687a7a9485fc66941647b9da689b301 StaticDependenciesID=6775b9f1c38bb7f34cef244a5abe543d 
Number of updated asset objects reloaded before import = 0Number of asset objects unloaded after import = 2

========================================================================
Received Import Request.
  Time since last request: 0.000018 seconds.
  path: Assets/Modern tiles_Free/Interiors_free/32x32/Interiors_free_32x32_298.asset
  importAddress: Guid(1b0ca07643fa23f43b50387191fb56a7) Importer(2089858483,b0f066a214c2f5e87bad3c948f4d605d)
Start importing Assets/Modern tiles_Free/Interiors_free/32x32/Interiors_free_32x32_298.asset using Guid(1b0ca07643fa23f43b50387191fb56a7) Importer(2089858483,b0f066a214c2f5e87bad3c948f4d605d) (ScriptedImporter) -> (Import Result ID: 'e68379d932444a9aecbbe1fd9e3bad9a') in 0.0083466 seconds [static and dynamic dependencies]. Details - ImportResultOutputID=45edf60b3d12635ceb517d0610b9f741 DependenciesID=009b63ba45953470ebb2d4eb1c3e2567 StaticDependenciesID=ffbbd670a4a6b495c6a0e514235b18f5 
Number of updated asset objects reloaded before import = 0Number of asset objects unloaded after import = 2

========================================================================
Received Import Request.
  Time since last request: 0.000016 seconds.
  path: Assets/Modern tiles_Free/Interiors_free/32x32/Interiors_free_32x32_526.asset
  importAddress: Guid(5d63ec4d109127d48b3bf8d811b8eed5) Importer(2089858483,b0f066a214c2f5e87bad3c948f4d605d)
Start importing Assets/Modern tiles_Free/Interiors_free/32x32/Interiors_free_32x32_526.asset using Guid(5d63ec4d109127d48b3bf8d811b8eed5) Importer(2089858483,b0f066a214c2f5e87bad3c948f4d605d) (ScriptedImporter) -> (Import Result ID: 'a68d158f65067eaa85bf9cf479eda657') in 0.0094017 seconds [static and dynamic dependencies]. Details - ImportResultOutputID=d8453d1a182f5e38054df28dcb1a9dd4 DependenciesID=b5bd56360411fa7fe82689d6383ed870 StaticDependenciesID=82a93d8badcbe7e44f2cbf32be1897e8 
Number of updated asset objects reloaded before import = 0Number of asset objects unloaded after import = 2

========================================================================
Received Import Request.
  Time since last request: 0.000017 seconds.
  path: Assets/Modern tiles_Free/Interiors_free/32x32/Interiors_free_32x32_826.asset
  importAddress: Guid(8eae2252fe4f8f64d94473e50493ad52) Importer(2089858483,b0f066a214c2f5e87bad3c948f4d605d)
Start importing Assets/Modern tiles_Free/Interiors_free/32x32/Interiors_free_32x32_826.asset using Guid(8eae2252fe4f8f64d94473e50493ad52) Importer(2089858483,b0f066a214c2f5e87bad3c948f4d605d) (ScriptedImporter) -> (Import Result ID: '6722cc91e91b50f63c4a78ceabe30888') in 0.008752 seconds [static and dynamic dependencies]. Details - ImportResultOutputID=b55f13a6aa0bde2dfe61d7cde7db1d71 DependenciesID=4c0b28459e75202fed11d1f20a2921b8 StaticDependenciesID=08e72895eecb3b657c18cdd65aef5273 
Number of updated asset objects reloaded before import = 0Number of asset objects unloaded after import = 2

========================================================================
Received Import Request.
  Time since last request: 0.000016 seconds.
  path: Assets/Modern tiles_Free/Interiors_free/32x32/Interiors_free_32x32_492.asset
  importAddress: Guid(3aeb36387ffd015449d2a135874465e1) Importer(2089858483,b0f066a214c2f5e87bad3c948f4d605d)
Start importing Assets/Modern tiles_Free/Interiors_free/32x32/Interiors_free_32x32_492.asset using Guid(3aeb36387ffd015449d2a135874465e1) Importer(2089858483,b0f066a214c2f5e87bad3c948f4d605d) (ScriptedImporter) -> (Import Result ID: '39a027a5868d0fcfddf01f02395da40e') in 0.0095505 seconds [static and dynamic dependencies]. Details - ImportResultOutputID=0a33fca27826a0314d858d2fc1be7d04 DependenciesID=8831dd43fbc7ddccb209180794d857ca StaticDependenciesID=a4e9a07981b4320c2b382f0cb93b68c1 
Number of updated asset objects reloaded before import = 0Number of asset objects unloaded after import = 2

========================================================================
Received Import Request.
  Time since last request: 0.000020 seconds.
  path: Assets/Modern tiles_Free/Interiors_free/32x32/Interiors_free_32x32_1077.asset
  importAddress: Guid(35d142939f28e4849a7d8e68e5dd12dc) Importer(2089858483,b0f066a214c2f5e87bad3c948f4d605d)
Start importing Assets/Modern tiles_Free/Interiors_free/32x32/Interiors_free_32x32_1077.asset using Guid(35d142939f28e4849a7d8e68e5dd12dc) Importer(2089858483,b0f066a214c2f5e87bad3c948f4d605d) (ScriptedImporter) -> (Import Result ID: '3305cc88c940d41d3c9cc813797b6454') in 0.0090362 seconds [static and dynamic dependencies]. Details - ImportResultOutputID=7efd5a4e039c15c0596d198a4fc816e6 DependenciesID=69c8f3f57f408eb54cace6958d504940 StaticDependenciesID=259e01a5f7a46b149e0d536e2208dbc6 
Number of updated asset objects reloaded before import = 0Number of asset objects unloaded after import = 2

========================================================================
Received Import Request.
  Time since last request: 0.000016 seconds.
  path: Assets/Modern tiles_Free/Interiors_free/32x32/Interiors_free_32x32_235.asset
  importAddress: Guid(2cc6084ec03073249bb6f1704753d969) Importer(2089858483,b0f066a214c2f5e87bad3c948f4d605d)
Start importing Assets/Modern tiles_Free/Interiors_free/32x32/Interiors_free_32x32_235.asset using Guid(2cc6084ec03073249bb6f1704753d969) Importer(2089858483,b0f066a214c2f5e87bad3c948f4d605d) (ScriptedImporter) -> (Import Result ID: '6be246076b6fdf735b0276759eef5fe4') in 0.0087994 seconds [static and dynamic dependencies]. Details - ImportResultOutputID=cc28313181e9132fad4edb0fdb08dc9c DependenciesID=19ccda2150f27a60d634fe0c866adf23 StaticDependenciesID=b84a6bd3b486a89625cb14ec4248e4e7 
Number of updated asset objects reloaded before import = 0Number of asset objects unloaded after import = 2

========================================================================
Received Import Request.
  Time since last request: 0.000019 seconds.
  path: Assets/Modern tiles_Free/Interiors_free/32x32/Interiors_free_32x32_449.asset
  importAddress: Guid(da9875a1d1e56de4b98b8c1be8481c55) Importer(2089858483,b0f066a214c2f5e87bad3c948f4d605d)
Start importing Assets/Modern tiles_Free/Interiors_free/32x32/Interiors_free_32x32_449.asset using Guid(da9875a1d1e56de4b98b8c1be8481c55) Importer(2089858483,b0f066a214c2f5e87bad3c948f4d605d) (ScriptedImporter) -> (Import Result ID: '24acaa69c503fc1c655e90d49076f056') in 0.008802 seconds [static and dynamic dependencies]. Details - ImportResultOutputID=f35707fe55a16352ae9c75b1882104e0 DependenciesID=b3d4b7c0c9e4bb8c7d4824206733f6ca StaticDependenciesID=92bbf45b654335fe493e114a05e42e56 
Number of updated asset objects reloaded before import = 0Number of asset objects unloaded after import = 2

========================================================================
Received Import Request.
  Time since last request: 0.000019 seconds.
  path: Assets/Modern tiles_Free/Interiors_free/32x32/Interiors_free_32x32_453.asset
  importAddress: Guid(eb63c5e7cd1b4c745b0827345111200f) Importer(2089858483,b0f066a214c2f5e87bad3c948f4d605d)
Start importing Assets/Modern tiles_Free/Interiors_free/32x32/Interiors_free_32x32_453.asset using Guid(eb63c5e7cd1b4c745b0827345111200f) Importer(2089858483,b0f066a214c2f5e87bad3c948f4d605d) (ScriptedImporter) -> (Import Result ID: '11b4576e6afb32c4277b00b387ab1bae') in 0.0084007 seconds [static and dynamic dependencies]. Details - ImportResultOutputID=408a454f6331187eb753d86df84f367d DependenciesID=eb5b1895e11eca5ea42125903299456c StaticDependenciesID=0b3322d6dd6b5b06ea7757cc9d43c1de 
Number of updated asset objects reloaded before import = 0Number of asset objects unloaded after import = 2

========================================================================
Received Import Request.
  Time since last request: 0.507394 seconds.
  path: Assets/Modern tiles_Free/Interiors_free/32x32/Interiors_free_32x32_1038.asset
  importAddress: Guid(9671724bb77448040a9f0e38cf2dfabc) Importer(2089858483,b0f066a214c2f5e87bad3c948f4d605d)
Start importing Assets/Modern tiles_Free/Interiors_free/32x32/Interiors_free_32x32_1038.asset using Guid(9671724bb77448040a9f0e38cf2dfabc) Importer(2089858483,b0f066a214c2f5e87bad3c948f4d605d) (ScriptedImporter) -> (Import Result ID: '29ff5f8423955a19d2048743f5c5cfc4') in 0.0086667 seconds [static and dynamic dependencies]. Details - ImportResultOutputID=0db50b1feaf81d6b4076293b00f9d8ca DependenciesID=38e687d8383b7942e1ebb0ef5d58f8b4 StaticDependenciesID=fe4f965571cbc6d0d4f44d8804f5dcb9 
Number of updated asset objects reloaded before import = 0Number of asset objects unloaded after import = 2

========================================================================
Received Import Request.
  Time since last request: 0.000014 seconds.
  path: Assets/Modern tiles_Free/Interiors_free/32x32/Interiors_free_32x32_405.asset
  importAddress: Guid(c9d33dd7e10457941ab8badd98c17f2d) Importer(2089858483,b0f066a214c2f5e87bad3c948f4d605d)
Start importing Assets/Modern tiles_Free/Interiors_free/32x32/Interiors_free_32x32_405.asset using Guid(c9d33dd7e10457941ab8badd98c17f2d) Importer(2089858483,b0f066a214c2f5e87bad3c948f4d605d) (ScriptedImporter) -> (Import Result ID: 'fe409120695a265e7be9224b0e48da37') in 0.0091422 seconds [static and dynamic dependencies]. Details - ImportResultOutputID=c170786dbe76753826b83db88014e6b5 DependenciesID=c5b0f4dcc9422f3abdcc0b7bf6b1ca4b StaticDependenciesID=44843d244c2ee4e29d95b9506745b2d5 
Number of updated asset objects reloaded before import = 0Number of asset objects unloaded after import = 2

========================================================================
Received Import Request.
  Time since last request: 0.000015 seconds.
  path: Assets/Modern tiles_Free/Interiors_free/32x32/Interiors_free_32x32_322.asset
  importAddress: Guid(10816eaa4551e9b41a8045e627388969) Importer(2089858483,b0f066a214c2f5e87bad3c948f4d605d)
Start importing Assets/Modern tiles_Free/Interiors_free/32x32/Interiors_free_32x32_322.asset using Guid(10816eaa4551e9b41a8045e627388969) Importer(2089858483,b0f066a214c2f5e87bad3c948f4d605d) (ScriptedImporter) -> (Import Result ID: 'ea61ebe89cb6bd5cb7b1272f40d44499') in 0.008642 seconds [static and dynamic dependencies]. Details - ImportResultOutputID=3385551cdc3eaadc763335eb8e8419cb DependenciesID=61996e62ce54c80744526d220c83fd78 StaticDependenciesID=c14f8e8e4ca1db66926e2624d5ef5a5a 
Number of updated asset objects reloaded before import = 0Number of asset objects unloaded after import = 2

========================================================================
Received Import Request.
  Time since last request: 0.000019 seconds.
  path: Assets/Modern tiles_Free/Interiors_free/32x32/Interiors_free_32x32_1002.asset
  importAddress: Guid(50a41839ef505984081dd7f1d12cff99) Importer(2089858483,b0f066a214c2f5e87bad3c948f4d605d)
Start importing Assets/Modern tiles_Free/Interiors_free/32x32/Interiors_free_32x32_1002.asset using Guid(50a41839ef505984081dd7f1d12cff99) Importer(2089858483,b0f066a214c2f5e87bad3c948f4d605d) (ScriptedImporter) -> (Import Result ID: 'd615a53edc1fd7d7c914215e53bf6270') in 0.0090948 seconds [static and dynamic dependencies]. Details - ImportResultOutputID=85b088af31bbdfa564392ab6a0c255b0 DependenciesID=598314281f702df57397edd120e051e7 StaticDependenciesID=1fa7e506695a068d84ec11d65753b3b0 
Number of updated asset objects reloaded before import = 0Number of asset objects unloaded after import = 2

========================================================================
Received Import Request.
  Time since last request: 0.000017 seconds.
  path: Assets/Modern tiles_Free/Interiors_free/32x32/Interiors_free_32x32_418.asset
  importAddress: Guid(bd0ee5364ebb7a64e945e14b96932b62) Importer(2089858483,b0f066a214c2f5e87bad3c948f4d605d)
Start importing Assets/Modern tiles_Free/Interiors_free/32x32/Interiors_free_32x32_418.asset using Guid(bd0ee5364ebb7a64e945e14b96932b62) Importer(2089858483,b0f066a214c2f5e87bad3c948f4d605d) (ScriptedImporter) -> (Import Result ID: '6c4fbf6a7da872a32bbf0a5624ba3cda') in 0.0085061 seconds [static and dynamic dependencies]. Details - ImportResultOutputID=6d7448e9577306e4d69d1b15c2c87007 DependenciesID=797db7d2f3b970a51586d47b9179c382 StaticDependenciesID=5577dd1966cac210bffd915b26918759 
Number of updated asset objects reloaded before import = 0Number of asset objects unloaded after import = 2

========================================================================
Received Import Request.
  Time since last request: 0.000015 seconds.
  path: Assets/Modern tiles_Free/Interiors_free/32x32/Interiors_free_32x32_709.asset
  importAddress: Guid(0de6f6219e4bcd343a389bb786e4579a) Importer(2089858483,b0f066a214c2f5e87bad3c948f4d605d)
Start importing Assets/Modern tiles_Free/Interiors_free/32x32/Interiors_free_32x32_709.asset using Guid(0de6f6219e4bcd343a389bb786e4579a) Importer(2089858483,b0f066a214c2f5e87bad3c948f4d605d) (ScriptedImporter) -> (Import Result ID: '3869b3e1ae27af6396379ee7bb4dd5e0') in 0.0086797 seconds [static and dynamic dependencies]. Details - ImportResultOutputID=9f823669942eee95081dde821b09055c DependenciesID=a8b51726866c2fa520d9452c9c658457 StaticDependenciesID=d6e1454dc75f523e1bdde624db5a3f1e 
Number of updated asset objects reloaded before import = 0Number of asset objects unloaded after import = 2

========================================================================
Received Import Request.
  Time since last request: 0.000015 seconds.
  path: Assets/Modern tiles_Free/Interiors_free/32x32/Interiors_free_32x32_157.asset
  importAddress: Guid(a69e599b580d5794da5afc30308d292c) Importer(2089858483,b0f066a214c2f5e87bad3c948f4d605d)
Start importing Assets/Modern tiles_Free/Interiors_free/32x32/Interiors_free_32x32_157.asset using Guid(a69e599b580d5794da5afc30308d292c) Importer(2089858483,b0f066a214c2f5e87bad3c948f4d605d) (ScriptedImporter) -> (Import Result ID: 'f6db62da0759c129efc8cba613a4314b') in 0.0120713 seconds [static and dynamic dependencies]. Details - ImportResultOutputID=4d3ca9f5b41d2a2ed7d22a0659019a7a DependenciesID=ce8f139d6ad72e26a8093c2cec429abb StaticDependenciesID=b839cd9b8b02a868055df55c85c802ab 
Number of updated asset objects reloaded before import = 0Number of asset objects unloaded after import = 2

========================================================================
Received Import Request.
  Time since last request: 0.000017 seconds.
  path: Assets/Modern tiles_Free/Interiors_free/32x32/Interiors_free_32x32_682.asset
  importAddress: Guid(fb510e166b449bd408aae3121e340404) Importer(2089858483,b0f066a214c2f5e87bad3c948f4d605d)
Start importing Assets/Modern tiles_Free/Interiors_free/32x32/Interiors_free_32x32_682.asset using Guid(fb510e166b449bd408aae3121e340404) Importer(2089858483,b0f066a214c2f5e87bad3c948f4d605d) (ScriptedImporter) -> (Import Result ID: '777e1ebf9b255b5710124e238073a8b5') in 0.0141403 seconds [static and dynamic dependencies]. Details - ImportResultOutputID=3289b62952b53d789966cf471eb6e745 DependenciesID=bd2a980dfc82dc42bacd85953d74aa9a StaticDependenciesID=9e41069fae03813fa587ca6738905b8e 
Number of updated asset objects reloaded before import = 0Number of asset objects unloaded after import = 2

========================================================================
Received Import Request.
  Time since last request: 0.000022 seconds.
  path: Assets/Modern tiles_Free/Interiors_free/32x32/Interiors_free_32x32_1092.asset
  importAddress: Guid(0f4fd6c41f1140240a102d315c9a6909) Importer(2089858483,b0f066a214c2f5e87bad3c948f4d605d)
Start importing Assets/Modern tiles_Free/Interiors_free/32x32/Interiors_free_32x32_1092.asset using Guid(0f4fd6c41f1140240a102d315c9a6909) Importer(2089858483,b0f066a214c2f5e87bad3c948f4d605d) (ScriptedImporter) -> (Import Result ID: 'e83ea8519680713393d916cfe6f22df8') in 0.0089606 seconds [static and dynamic dependencies]. Details - ImportResultOutputID=6943270160c137d81f1ddb5effe04ffe DependenciesID=1e8d2bb22908883a1f86107c03c3c962 StaticDependenciesID=6b48603f9c84c822ccbe51d37155f392 
Number of updated asset objects reloaded before import = 0Number of asset objects unloaded after import = 2

========================================================================
Received Import Request.
  Time since last request: 0.000015 seconds.
  path: Assets/Modern tiles_Free/Interiors_free/32x32/Interiors_free_32x32_262.asset
  importAddress: Guid(9dfbcc69bb212d943b410d128e90dc96) Importer(2089858483,b0f066a214c2f5e87bad3c948f4d605d)
Start importing Assets/Modern tiles_Free/Interiors_free/32x32/Interiors_free_32x32_262.asset using Guid(9dfbcc69bb212d943b410d128e90dc96) Importer(2089858483,b0f066a214c2f5e87bad3c948f4d605d) (ScriptedImporter) -> (Import Result ID: 'fe472aba33430eaf73fe1e4d1794eeef') in 0.00762 seconds [static and dynamic dependencies]. Details - ImportResultOutputID=fb4285fb40789b168812b507d66e026f DependenciesID=78b3a2b198573a68c05113f596918284 StaticDependenciesID=4204157b6ef66f3c4b3556f09e6b326f 
Number of updated asset objects reloaded before import = 0Number of asset objects unloaded after import = 2

========================================================================
Received Import Request.
  Time since last request: 0.000016 seconds.
  path: Assets/Modern tiles_Free/Interiors_free/32x32/Interiors_free_32x32_67.asset
  importAddress: Guid(2d6af9f5005ef614cbde451d11d895dc) Importer(2089858483,b0f066a214c2f5e87bad3c948f4d605d)
Start importing Assets/Modern tiles_Free/Interiors_free/32x32/Interiors_free_32x32_67.asset using Guid(2d6af9f5005ef614cbde451d11d895dc) Importer(2089858483,b0f066a214c2f5e87bad3c948f4d605d) (ScriptedImporter) -> (Import Result ID: '7ccfbb65dc2b10420944fa8b96699709') in 0.0079537 seconds [static and dynamic dependencies]. Details - ImportResultOutputID=8e023846aaef792db39d10df9824b4dc DependenciesID=f411ad56614169669e64d7e96a9eca6a StaticDependenciesID=3a790e240769018947df8074d9a3cd53 
Number of updated asset objects reloaded before import = 0Number of asset objects unloaded after import = 2

========================================================================
Received Import Request.
  Time since last request: 0.000015 seconds.
  path: Assets/Modern tiles_Free/Interiors_free/32x32/Interiors_free_32x32_121.asset
  importAddress: Guid(8a4539e41b5248548a45885027d57afd) Importer(2089858483,b0f066a214c2f5e87bad3c948f4d605d)
Start importing Assets/Modern tiles_Free/Interiors_free/32x32/Interiors_free_32x32_121.asset using Guid(8a4539e41b5248548a45885027d57afd) Importer(2089858483,b0f066a214c2f5e87bad3c948f4d605d) (ScriptedImporter) -> (Import Result ID: 'e01488541a4995e9ddf7de3df6c81e9e') in 0.0084097 seconds [static and dynamic dependencies]. Details - ImportResultOutputID=2d9076a98062b59e4fe1fe1e1a655639 DependenciesID=d21b8e93ec6142d69dc71e9fda832f4b StaticDependenciesID=0e66b8b01d1c0845be2736838f2790fd 
Number of updated asset objects reloaded before import = 0Number of asset objects unloaded after import = 2

========================================================================
Received Import Request.
  Time since last request: 0.000013 seconds.
  path: Assets/Modern tiles_Free/Interiors_free/32x32/Interiors_free_32x32_103.asset
  importAddress: Guid(6bffc426f8ba79e4da89781b2345b977) Importer(2089858483,b0f066a214c2f5e87bad3c948f4d605d)
Start importing Assets/Modern tiles_Free/Interiors_free/32x32/Interiors_free_32x32_103.asset using Guid(6bffc426f8ba79e4da89781b2345b977) Importer(2089858483,b0f066a214c2f5e87bad3c948f4d605d) (ScriptedImporter) -> (Import Result ID: 'f0594a1816a39e038e6d13b1238375d0') in 0.0091266 seconds [static and dynamic dependencies]. Details - ImportResultOutputID=e08e016048143154bb8a271b1e22ac55 DependenciesID=216aaaa2da8bd4646be9bb3b3ccac9b5 StaticDependenciesID=37ea236ae97788ad3a770c16a61093a1 
Number of updated asset objects reloaded before import = 0Number of asset objects unloaded after import = 2

========================================================================
Received Import Request.
  Time since last request: 0.000016 seconds.
  path: Assets/Modern tiles_Free/Interiors_free/32x32/Interiors_free_32x32_751.asset
  importAddress: Guid(447bd6e737857dd43855b18e762b9b53) Importer(2089858483,b0f066a214c2f5e87bad3c948f4d605d)
Start importing Assets/Modern tiles_Free/Interiors_free/32x32/Interiors_free_32x32_751.asset using Guid(447bd6e737857dd43855b18e762b9b53) Importer(2089858483,b0f066a214c2f5e87bad3c948f4d605d) (ScriptedImporter) -> (Import Result ID: '099b7f8b6f5d0fb1ecf35b482a0eb678') in 0.0084834 seconds [static and dynamic dependencies]. Details - ImportResultOutputID=fcbc57584e6f140e5883e589a2db762a DependenciesID=7df5ed063d8e965224acc2bd6b0860f3 StaticDependenciesID=483bf22db3105e712431e4099dfd67b8 
Number of updated asset objects reloaded before import = 0Number of asset objects unloaded after import = 2

========================================================================
Received Import Request.
  Time since last request: 0.000016 seconds.
  path: Assets/Modern tiles_Free/Interiors_free/32x32/Interiors_free_32x32_1170.asset
  importAddress: Guid(6dcc322f515168544bad885d09c956d1) Importer(2089858483,b0f066a214c2f5e87bad3c948f4d605d)
Start importing Assets/Modern tiles_Free/Interiors_free/32x32/Interiors_free_32x32_1170.asset using Guid(6dcc322f515168544bad885d09c956d1) Importer(2089858483,b0f066a214c2f5e87bad3c948f4d605d) (ScriptedImporter) -> (Import Result ID: 'bc759e0103d7720626239ef041fadd87') in 0.0091519 seconds [static and dynamic dependencies]. Details - ImportResultOutputID=a062e54fc5b0539edaf4797932b91ee2 DependenciesID=0aab6511fa7846b89ff1b396e6a5e764 StaticDependenciesID=ab45acf97658c1883cf7c1ff19e663fe 
Number of updated asset objects reloaded before import = 0Number of asset objects unloaded after import = 2

========================================================================
Received Import Request.
  Time since last request: 0.000017 seconds.
  path: Assets/Modern tiles_Free/Interiors_free/32x32/Interiors_free_32x32_1198.asset
  importAddress: Guid(c2c9f8cd4ed99fe45b3fa4356260cf2c) Importer(2089858483,b0f066a214c2f5e87bad3c948f4d605d)
Start importing Assets/Modern tiles_Free/Interiors_free/32x32/Interiors_free_32x32_1198.asset using Guid(c2c9f8cd4ed99fe45b3fa4356260cf2c) Importer(2089858483,b0f066a214c2f5e87bad3c948f4d605d) (ScriptedImporter) -> (Import Result ID: '093f70bb0ea63cbe674c197eb2b0f57e') in 0.0085236 seconds [static and dynamic dependencies]. Details - ImportResultOutputID=393bd54ace731e45c615365e6d7479c5 DependenciesID=2b791e471dfbcd1a7f3c0fa4a177b2c8 StaticDependenciesID=3006a24ca45215767a5670f15387bec5 
Number of updated asset objects reloaded before import = 0Number of asset objects unloaded after import = 2

========================================================================
Received Import Request.
  Time since last request: 0.000017 seconds.
  path: Assets/Modern tiles_Free/Interiors_free/32x32/Interiors_free_32x32_616.asset
  importAddress: Guid(348976ad0d9f86843b9f305e1303698b) Importer(2089858483,b0f066a214c2f5e87bad3c948f4d605d)
Start importing Assets/Modern tiles_Free/Interiors_free/32x32/Interiors_free_32x32_616.asset using Guid(348976ad0d9f86843b9f305e1303698b) Importer(2089858483,b0f066a214c2f5e87bad3c948f4d605d) (ScriptedImporter) -> (Import Result ID: 'f254576b3135f1533f752a085efe1745') in 0.0087605 seconds [static and dynamic dependencies]. Details - ImportResultOutputID=01fb4b677470d02cb0a2c4dafd120ff6 DependenciesID=4524f2620e7a2b1238b865bd99168e81 StaticDependenciesID=db26777601b9309e5314490afed6a87e 
Number of updated asset objects reloaded before import = 0Number of asset objects unloaded after import = 2

========================================================================
Received Import Request.
  Time since last request: 0.000019 seconds.
  path: Assets/Modern tiles_Free/Interiors_free/32x32/Interiors_free_32x32_595.asset
  importAddress: Guid(1913db90ef643de46b41d18de6f24f7d) Importer(2089858483,b0f066a214c2f5e87bad3c948f4d605d)
Start importing Assets/Modern tiles_Free/Interiors_free/32x32/Interiors_free_32x32_595.asset using Guid(1913db90ef643de46b41d18de6f24f7d) Importer(2089858483,b0f066a214c2f5e87bad3c948f4d605d) (ScriptedImporter) -> (Import Result ID: '7212e2088cc80edb29c88526f1c05430') in 0.0087069 seconds [static and dynamic dependencies]. Details - ImportResultOutputID=0df746cb51591cedd965de03cbf6f4e6 DependenciesID=06a89b78a3502a53d7f5d1aa8519f5f6 StaticDependenciesID=d7ac98629c1a0aade4cd14b90dcf28a1 
Number of updated asset objects reloaded before import = 0Number of asset objects unloaded after import = 2

========================================================================
Received Import Request.
  Time since last request: 0.000017 seconds.
  path: Assets/Modern tiles_Free/Interiors_free/32x32/Interiors_free_32x32_916.asset
  importAddress: Guid(cabfc687fc1078849949f4ee6c1c5680) Importer(2089858483,b0f066a214c2f5e87bad3c948f4d605d)
Start importing Assets/Modern tiles_Free/Interiors_free/32x32/Interiors_free_32x32_916.asset using Guid(cabfc687fc1078849949f4ee6c1c5680) Importer(2089858483,b0f066a214c2f5e87bad3c948f4d605d) (ScriptedImporter) -> (Import Result ID: '92e998ce797dc03b9e7a47d0d4ad13a7') in 0.0085348 seconds [static and dynamic dependencies]. Details - ImportResultOutputID=e80b4b72faef3c1a2a614be5f5b76dea DependenciesID=76105e4b701084632147d8eac3e797ae StaticDependenciesID=c024034004d4b9bfbec67a8e2122df08 
Number of updated asset objects reloaded before import = 0Number of asset objects unloaded after import = 2

========================================================================
Received Import Request.
  Time since last request: 0.000018 seconds.
  path: Assets/Modern tiles_Free/Interiors_free/32x32/Interiors_free_32x32_40.asset
  importAddress: Guid(3c7f4d412147edc43989a653bfb83db9) Importer(2089858483,b0f066a214c2f5e87bad3c948f4d605d)
Start importing Assets/Modern tiles_Free/Interiors_free/32x32/Interiors_free_32x32_40.asset using Guid(3c7f4d412147edc43989a653bfb83db9) Importer(2089858483,b0f066a214c2f5e87bad3c948f4d605d) (ScriptedImporter) -> (Import Result ID: 'c3b88f2eb8836c08e147a6a6385bb72c') in 0.0096411 seconds [static and dynamic dependencies]. Details - ImportResultOutputID=316cc17edea08d2c0e8ed3aa7420ba28 DependenciesID=2dc85d5dafab44da1162a2f48c85157a StaticDependenciesID=c2799dcc06ecd58fa40826c9e0b77ecf 
Number of updated asset objects reloaded before import = 0Number of asset objects unloaded after import = 2

========================================================================
Received Import Request.
  Time since last request: 0.000015 seconds.
  path: Assets/Modern tiles_Free/Interiors_free/32x32/Interiors_free_32x32_566.asset
  importAddress: Guid(9c0584ad35f6afc498e97edc1e41e0a4) Importer(2089858483,b0f066a214c2f5e87bad3c948f4d605d)
Start importing Assets/Modern tiles_Free/Interiors_free/32x32/Interiors_free_32x32_566.asset using Guid(9c0584ad35f6afc498e97edc1e41e0a4) Importer(2089858483,b0f066a214c2f5e87bad3c948f4d605d) (ScriptedImporter) -> (Import Result ID: '7d2959e0b60a85050daec734b3180b40') in 0.0088036 seconds [static and dynamic dependencies]. Details - ImportResultOutputID=1d4a96d845e880fb4fbf4291fe4674e1 DependenciesID=e919b28ae852b8a3e40b105b57c1d8ac StaticDependenciesID=5e7a1d45c12d2b86bc6ede9325523d12 
Number of updated asset objects reloaded before import = 0Number of asset objects unloaded after import = 2

========================================================================
Received Import Request.
  Time since last request: 0.000014 seconds.
  path: Assets/Modern tiles_Free/Interiors_free/32x32/Interiors_free_32x32_48.asset
  importAddress: Guid(724c020c7dc81524295540267013a5ce) Importer(2089858483,b0f066a214c2f5e87bad3c948f4d605d)
Start importing Assets/Modern tiles_Free/Interiors_free/32x32/Interiors_free_32x32_48.asset using Guid(724c020c7dc81524295540267013a5ce) Importer(2089858483,b0f066a214c2f5e87bad3c948f4d605d) (ScriptedImporter) -> (Import Result ID: '27758c9f8ba8515b4c9525fdbd220808') in 0.0089546 seconds [static and dynamic dependencies]. Details - ImportResultOutputID=882d9e7f0709c020f4c7ceb08d14f6a5 DependenciesID=9d2adc848f882a730b89af8338997469 StaticDependenciesID=cd9565a5442849baa4f60c01ff3ed3d5 
Number of updated asset objects reloaded before import = 0Number of asset objects unloaded after import = 2

========================================================================
Received Import Request.
  Time since last request: 0.000021 seconds.
  path: Assets/Modern tiles_Free/Interiors_free/32x32/Interiors_free_32x32_1080.asset
  importAddress: Guid(d88b376bc5955cd4ca7a33433d5ae887) Importer(2089858483,b0f066a214c2f5e87bad3c948f4d605d)
Start importing Assets/Modern tiles_Free/Interiors_free/32x32/Interiors_free_32x32_1080.asset using Guid(d88b376bc5955cd4ca7a33433d5ae887) Importer(2089858483,b0f066a214c2f5e87bad3c948f4d605d) (ScriptedImporter) -> (Import Result ID: 'd1f5b7f6646e837baf87b96ccc4df254') in 0.0085293 seconds [static and dynamic dependencies]. Details - ImportResultOutputID=d2ea406f740108962fd6a9a9942a9b77 DependenciesID=cf526d2636e9510ceb7076e4a3c4f635 StaticDependenciesID=413b0d18917a60977e0e07901eb41dd4 
Number of updated asset objects reloaded before import = 0Number of asset objects unloaded after import = 2

========================================================================
Received Import Request.
  Time since last request: 0.000029 seconds.
  path: Assets/Modern tiles_Free/Interiors_free/32x32/Interiors_free_32x32_631.asset
  importAddress: Guid(e88c0e1b07df16f4095948c8be803115) Importer(2089858483,b0f066a214c2f5e87bad3c948f4d605d)
Start importing Assets/Modern tiles_Free/Interiors_free/32x32/Interiors_free_32x32_631.asset using Guid(e88c0e1b07df16f4095948c8be803115) Importer(2089858483,b0f066a214c2f5e87bad3c948f4d605d) (ScriptedImporter) -> (Import Result ID: 'aec670efa39cda2660426cdd5f79a0ac') in 0.0088956 seconds [static and dynamic dependencies]. Details - ImportResultOutputID=a0651d6cd7e4dc19a18083bcb1583cf3 DependenciesID=eb185752a683a65d9a3f0afa7efa1270 StaticDependenciesID=52ad0e9ea238975786d51fdfe41aa52b 
Number of updated asset objects reloaded before import = 0Number of asset objects unloaded after import = 2

========================================================================
Received Import Request.
  Time since last request: 0.000015 seconds.
  path: Assets/Modern tiles_Free/Interiors_free/32x32/Interiors_free_32x32_117.asset
  importAddress: Guid(437495aedb8b62a44a61acdda1d1c277) Importer(2089858483,b0f066a214c2f5e87bad3c948f4d605d)
Start importing Assets/Modern tiles_Free/Interiors_free/32x32/Interiors_free_32x32_117.asset using Guid(437495aedb8b62a44a61acdda1d1c277) Importer(2089858483,b0f066a214c2f5e87bad3c948f4d605d) (ScriptedImporter) -> (Import Result ID: 'f6559dcee49a26504baa65da5d5c88cd') in 0.0084722 seconds [static and dynamic dependencies]. Details - ImportResultOutputID=339f2bb3b0d02c58dcae0902e4a7edfc DependenciesID=38012cf15c1c9be90e0aa6916dfaa782 StaticDependenciesID=80fe6e8fcb71274ae422b23cee197bd7 
Number of updated asset objects reloaded before import = 0Number of asset objects unloaded after import = 2

========================================================================
Received Import Request.
  Time since last request: 0.000022 seconds.
  path: Assets/Modern tiles_Free/Interiors_free/32x32/Interiors_free_32x32_381.asset
  importAddress: Guid(5aa3161130636054cb8549e824ee5fc3) Importer(2089858483,b0f066a214c2f5e87bad3c948f4d605d)
Start importing Assets/Modern tiles_Free/Interiors_free/32x32/Interiors_free_32x32_381.asset using Guid(5aa3161130636054cb8549e824ee5fc3) Importer(2089858483,b0f066a214c2f5e87bad3c948f4d605d) (ScriptedImporter) -> (Import Result ID: '0505639d86ead984cbf6c90d2f6c61e8') in 0.0098674 seconds [static and dynamic dependencies]. Details - ImportResultOutputID=492ee300bdf2d394e6979c09606c48f3 DependenciesID=f08cf0170c1441d410ddc48797d5ee94 StaticDependenciesID=3fa07a9a11d1c03469d4a206ea04ef73 
Number of updated asset objects reloaded before import = 0Number of asset objects unloaded after import = 2

========================================================================
Received Import Request.
  Time since last request: 0.000017 seconds.
  path: Assets/Modern tiles_Free/Interiors_free/32x32/Interiors_free_32x32_468.asset
  importAddress: Guid(4c97f3db72271d9438eacf7c335dde6f) Importer(2089858483,b0f066a214c2f5e87bad3c948f4d605d)
Start importing Assets/Modern tiles_Free/Interiors_free/32x32/Interiors_free_32x32_468.asset using Guid(4c97f3db72271d9438eacf7c335dde6f) Importer(2089858483,b0f066a214c2f5e87bad3c948f4d605d) (ScriptedImporter) -> (Import Result ID: 'f9270f5e49e48b9db43ebf77f4e875f1') in 0.0087497 seconds [static and dynamic dependencies]. Details - ImportResultOutputID=c70b7806cf6d8113af562aa59bd05df0 DependenciesID=10b23ee6272809971e034bab3c5c6346 StaticDependenciesID=a29ae56cb441170a27de5104ed9a7d6c 
Number of updated asset objects reloaded before import = 0Number of asset objects unloaded after import = 2

========================================================================
Received Import Request.
  Time since last request: 0.000016 seconds.
  path: Assets/Modern tiles_Free/Interiors_free/32x32/Interiors_free_32x32_1140.asset
  importAddress: Guid(f7d99be69505a3d41a6c2e85089b4757) Importer(2089858483,b0f066a214c2f5e87bad3c948f4d605d)
Start importing Assets/Modern tiles_Free/Interiors_free/32x32/Interiors_free_32x32_1140.asset using Guid(f7d99be69505a3d41a6c2e85089b4757) Importer(2089858483,b0f066a214c2f5e87bad3c948f4d605d) (ScriptedImporter) -> (Import Result ID: '0167ccdcfff78e093acaf4308f7e1866') in 0.0094467 seconds [static and dynamic dependencies]. Details - ImportResultOutputID=38e239d25ea691e835754912778c5465 DependenciesID=d6586067a3cd181a1d3196bacdebc2ea StaticDependenciesID=8547d83c2502ea911315af2b0a4da056 
Number of updated asset objects reloaded before import = 0Number of asset objects unloaded after import = 2

========================================================================
Received Import Request.
  Time since last request: 0.000014 seconds.
  path: Assets/Modern tiles_Free/Interiors_free/32x32/Interiors_free_32x32_571.asset
  importAddress: Guid(2edea3ec4e716024491a7768dc8067c4) Importer(2089858483,b0f066a214c2f5e87bad3c948f4d605d)
Start importing Assets/Modern tiles_Free/Interiors_free/32x32/Interiors_free_32x32_571.asset using Guid(2edea3ec4e716024491a7768dc8067c4) Importer(2089858483,b0f066a214c2f5e87bad3c948f4d605d) (ScriptedImporter) -> (Import Result ID: '9c1d6520d262f7549aaa775cc57f4ce2') in 0.0087608 seconds [static and dynamic dependencies]. Details - ImportResultOutputID=3404d97a949fedfbc1fba5ef54877617 DependenciesID=be2b33c851bff731e31635f020e2207c StaticDependenciesID=3e1a5adf50dd20c33348cadb096a9d7b 
Number of updated asset objects reloaded before import = 0Number of asset objects unloaded after import = 2

========================================================================
Received Import Request.
  Time since last request: 0.000015 seconds.
  path: Assets/Modern tiles_Free/Interiors_free/32x32/Interiors_free_32x32_258.asset
  importAddress: Guid(88e4b8a66703d8d48b2e0ac5f25553c1) Importer(2089858483,b0f066a214c2f5e87bad3c948f4d605d)
Start importing Assets/Modern tiles_Free/Interiors_free/32x32/Interiors_free_32x32_258.asset using Guid(88e4b8a66703d8d48b2e0ac5f25553c1) Importer(2089858483,b0f066a214c2f5e87bad3c948f4d605d) (ScriptedImporter) -> (Import Result ID: '317a2df1fb6b9284cdcbf4e4ace377ab') in 0.0091291 seconds [static and dynamic dependencies]. Details - ImportResultOutputID=4223793bb1c2cc6510e3a70398026105 DependenciesID=5ad20b304d28d90f11ad1378ed967409 StaticDependenciesID=841dc79f278872bd530f025e72133cd3 
Number of updated asset objects reloaded before import = 0Number of asset objects unloaded after import = 2

========================================================================
Received Import Request.
  Time since last request: 0.000016 seconds.
  path: Assets/Modern tiles_Free/Interiors_free/32x32/Interiors_free_32x32_187.asset
  importAddress: Guid(a146acb6d12bb394a8f696f28edd951c) Importer(2089858483,b0f066a214c2f5e87bad3c948f4d605d)
Start importing Assets/Modern tiles_Free/Interiors_free/32x32/Interiors_free_32x32_187.asset using Guid(a146acb6d12bb394a8f696f28edd951c) Importer(2089858483,b0f066a214c2f5e87bad3c948f4d605d) (ScriptedImporter) -> (Import Result ID: '2c8f4b064c1a80838af089d8b5181e41') in 0.0089491 seconds [static and dynamic dependencies]. Details - ImportResultOutputID=000f8a6ff08a0e1c741662f0784e95e1 DependenciesID=ddee2fde1b2986b137354a0ce07d0908 StaticDependenciesID=ef4a503ca343696456e029c2e57c480d 
Number of updated asset objects reloaded before import = 0Number of asset objects unloaded after import = 2

========================================================================
Received Import Request.
  Time since last request: 0.000013 seconds.
  path: Assets/Modern tiles_Free/Interiors_free/32x32/Interiors_free_32x32_431.asset
  importAddress: Guid(9034e555d85251245943816fe490e8fd) Importer(2089858483,b0f066a214c2f5e87bad3c948f4d605d)
Start importing Assets/Modern tiles_Free/Interiors_free/32x32/Interiors_free_32x32_431.asset using Guid(9034e555d85251245943816fe490e8fd) Importer(2089858483,b0f066a214c2f5e87bad3c948f4d605d) (ScriptedImporter) -> (Import Result ID: '32826ca6ca1e8499bbbc1f6021d36c36') in 0.0090581 seconds [static and dynamic dependencies]. Details - ImportResultOutputID=57b1b97f58aed984e0d49b8fbfcecdc3 DependenciesID=a7ef8a2980da6b8ba55a53d25bcf703d StaticDependenciesID=1e75100a650ef994b39d9b4d0db20a40 
Number of updated asset objects reloaded before import = 0Number of asset objects unloaded after import = 2

========================================================================
Received Import Request.
  Time since last request: 0.000022 seconds.
  path: Assets/Modern tiles_Free/Interiors_free/32x32/Interiors_free_32x32_670.asset
  importAddress: Guid(6ea664a998a18cd4f9120ad0505dd368) Importer(2089858483,b0f066a214c2f5e87bad3c948f4d605d)
Start importing Assets/Modern tiles_Free/Interiors_free/32x32/Interiors_free_32x32_670.asset using Guid(6ea664a998a18cd4f9120ad0505dd368) Importer(2089858483,b0f066a214c2f5e87bad3c948f4d605d) (ScriptedImporter) -> (Import Result ID: 'c6ba06ff737870de93f5b88095ec9713') in 0.0093653 seconds [static and dynamic dependencies]. Details - ImportResultOutputID=794a8cd5911462eff6695b7a35f24a9c DependenciesID=3680bc6faf08dfc13df1f0baa6cc737f StaticDependenciesID=a5c56a708b860148caeb84c0f590553d 
Number of updated asset objects reloaded before import = 0Number of asset objects unloaded after import = 2

========================================================================
Received Import Request.
  Time since last request: 0.000016 seconds.
  path: Assets/Modern tiles_Free/Interiors_free/32x32/Interiors_free_32x32_1085.asset
  importAddress: Guid(b9592c6e975088641af6b2f0585c0628) Importer(2089858483,b0f066a214c2f5e87bad3c948f4d605d)
Start importing Assets/Modern tiles_Free/Interiors_free/32x32/Interiors_free_32x32_1085.asset using Guid(b9592c6e975088641af6b2f0585c0628) Importer(2089858483,b0f066a214c2f5e87bad3c948f4d605d) (ScriptedImporter) -> (Import Result ID: 'f9c9200522b20a2f244e0d22df3e64bf') in 0.0088798 seconds [static and dynamic dependencies]. Details - ImportResultOutputID=554c67ae38ef85ffcc317d1035931749 DependenciesID=368c6dd2b749140a84d4f55229a8b448 StaticDependenciesID=0795ffa6016ea60fc99dfa03b5e56fdf 
Number of updated asset objects reloaded before import = 0Number of asset objects unloaded after import = 2

========================================================================
Received Import Request.
  Time since last request: 0.000015 seconds.
  path: Assets/Modern tiles_Free/Interiors_free/32x32/Interiors_free_32x32_283.asset
  importAddress: Guid(5943a17012132e640a9449a7ab4e71e4) Importer(2089858483,b0f066a214c2f5e87bad3c948f4d605d)
Start importing Assets/Modern tiles_Free/Interiors_free/32x32/Interiors_free_32x32_283.asset using Guid(5943a17012132e640a9449a7ab4e71e4) Importer(2089858483,b0f066a214c2f5e87bad3c948f4d605d) (ScriptedImporter) -> (Import Result ID: '6fe3819b2f3dda7776e4254b4252d7bc') in 0.0091942 seconds [static and dynamic dependencies]. Details - ImportResultOutputID=f8a6c5d0e8177969528d0af62415d68c DependenciesID=2a00cb56c7d91f98d1c584bda5b48d05 StaticDependenciesID=11ee5fe7ea47db95d161cc19ca0c3492 
Number of updated asset objects reloaded before import = 0Number of asset objects unloaded after import = 2

========================================================================
Received Import Request.
  Time since last request: 0.000016 seconds.
  path: Assets/Modern tiles_Free/Interiors_free/32x32/Interiors_free_32x32_976.asset
  importAddress: Guid(e84dc9933bfb5504da0599251b640ac8) Importer(2089858483,b0f066a214c2f5e87bad3c948f4d605d)
Start importing Assets/Modern tiles_Free/Interiors_free/32x32/Interiors_free_32x32_976.asset using Guid(e84dc9933bfb5504da0599251b640ac8) Importer(2089858483,b0f066a214c2f5e87bad3c948f4d605d) (ScriptedImporter) -> (Import Result ID: '0c1995fe7cf4654b5387c3168093e4f9') in 0.0081374 seconds [static and dynamic dependencies]. Details - ImportResultOutputID=5ba2c9d453638443141a0391b09b7c9f DependenciesID=c5ced7caed06e52be7decaaeff26cc57 StaticDependenciesID=280a150ff1c0caaa31d856daa27dd2ab 
Number of updated asset objects reloaded before import = 0Number of asset objects unloaded after import = 2

========================================================================
Received Import Request.
  Time since last request: 0.000017 seconds.
  path: Assets/Modern tiles_Free/Interiors_free/32x32/Interiors_free_32x32_72.asset
  importAddress: Guid(0cb044d08817e394da454b3ae9b967b6) Importer(2089858483,b0f066a214c2f5e87bad3c948f4d605d)
Start importing Assets/Modern tiles_Free/Interiors_free/32x32/Interiors_free_32x32_72.asset using Guid(0cb044d08817e394da454b3ae9b967b6) Importer(2089858483,b0f066a214c2f5e87bad3c948f4d605d) (ScriptedImporter) -> (Import Result ID: '81b29a51e61d013fca54cd03f9184bd7') in 0.0095843 seconds [static and dynamic dependencies]. Details - ImportResultOutputID=5b8555b68e47c596db1b3f25dc78f4e5 DependenciesID=6977ed586b4bc8f88c8d0bac2a61d485 StaticDependenciesID=2c8a5fe37be606a854759ec96995d49e 
Number of updated asset objects reloaded before import = 0Number of asset objects unloaded after import = 2

========================================================================
Received Import Request.
  Time since last request: 0.000013 seconds.
  path: Assets/Modern tiles_Free/Interiors_free/32x32/Interiors_free_32x32_696.asset
  importAddress: Guid(6c92374fdf29504459a949a4b53915c4) Importer(2089858483,b0f066a214c2f5e87bad3c948f4d605d)
Start importing Assets/Modern tiles_Free/Interiors_free/32x32/Interiors_free_32x32_696.asset using Guid(6c92374fdf29504459a949a4b53915c4) Importer(2089858483,b0f066a214c2f5e87bad3c948f4d605d) (ScriptedImporter) -> (Import Result ID: '43a79dbf98140bf34fdc89463a37bc55') in 0.0087546 seconds [static and dynamic dependencies]. Details - ImportResultOutputID=e3e017bbce0fcb3e682ff047fa387d66 DependenciesID=7ceebe01226271d6af8a8160ebbd5546 StaticDependenciesID=1ceaaaaf9ef0f49d06ef2c0f57e4390b 
Number of updated asset objects reloaded before import = 0Number of asset objects unloaded after import = 2

========================================================================
Received Import Request.
  Time since last request: 0.000016 seconds.
  path: Assets/Modern tiles_Free/Interiors_free/32x32/Interiors_free_32x32_1087.asset
  importAddress: Guid(896add46de20e06428bd549c17c11274) Importer(2089858483,b0f066a214c2f5e87bad3c948f4d605d)
Start importing Assets/Modern tiles_Free/Interiors_free/32x32/Interiors_free_32x32_1087.asset using Guid(896add46de20e06428bd549c17c11274) Importer(2089858483,b0f066a214c2f5e87bad3c948f4d605d) (ScriptedImporter) -> (Import Result ID: '533dd5812bf585a51fce02d01581f02d') in 0.00914 seconds [static and dynamic dependencies]. Details - ImportResultOutputID=9d457759844f8d3d8d270f971f2b9d7a DependenciesID=94498bbb27f328f5ca570efba9e67d87 StaticDependenciesID=ac20a50bd55ec86ca88bb50ba42d9da3 
Number of updated asset objects reloaded before import = 0Number of asset objects unloaded after import = 2

========================================================================
Received Import Request.
  Time since last request: 0.000017 seconds.
  path: Assets/Modern tiles_Free/Interiors_free/32x32/Interiors_free_32x32_568.asset
  importAddress: Guid(53f5a88b5d7fa7b4092bdf5063aae048) Importer(2089858483,b0f066a214c2f5e87bad3c948f4d605d)
Start importing Assets/Modern tiles_Free/Interiors_free/32x32/Interiors_free_32x32_568.asset using Guid(53f5a88b5d7fa7b4092bdf5063aae048) Importer(2089858483,b0f066a214c2f5e87bad3c948f4d605d) (ScriptedImporter) -> (Import Result ID: '3dfb3c6a8e38f92ce222a6514a66fe55') in 0.0088958 seconds [static and dynamic dependencies]. Details - ImportResultOutputID=98e6550c89c818f0f74127971159dfc7 DependenciesID=5bc0cbf45da85e31680b029d62c8a22d StaticDependenciesID=ce11d9428d829ce803ba6d65cc77ad25 
Number of updated asset objects reloaded before import = 0Number of asset objects unloaded after import = 2

========================================================================
Received Import Request.
  Time since last request: 0.000016 seconds.
  path: Assets/Modern tiles_Free/Interiors_free/32x32/Interiors_free_32x32_474.asset
  importAddress: Guid(b6f8bc1430e0e174e9de63d44999e5f1) Importer(2089858483,b0f066a214c2f5e87bad3c948f4d605d)
Start importing Assets/Modern tiles_Free/Interiors_free/32x32/Interiors_free_32x32_474.asset using Guid(b6f8bc1430e0e174e9de63d44999e5f1) Importer(2089858483,b0f066a214c2f5e87bad3c948f4d605d) (ScriptedImporter) -> (Import Result ID: '28ea724da30a62c4706a64cdb3182704') in 0.0095242 seconds [static and dynamic dependencies]. Details - ImportResultOutputID=56cd3902451120d40f45327046d91d29 DependenciesID=1c0fb05a533be9dcbaede7c71bf68471 StaticDependenciesID=84aceccc51cbb647601d3012f3b5d140 
Number of updated asset objects reloaded before import = 0Number of asset objects unloaded after import = 2

========================================================================
Received Import Request.
  Time since last request: 0.000015 seconds.
  path: Assets/Modern tiles_Free/Interiors_free/32x32/Interiors_free_32x32_175.asset
  importAddress: Guid(0c9213a543ba0d241b8eaae539ecb3bb) Importer(2089858483,b0f066a214c2f5e87bad3c948f4d605d)
Start importing Assets/Modern tiles_Free/Interiors_free/32x32/Interiors_free_32x32_175.asset using Guid(0c9213a543ba0d241b8eaae539ecb3bb) Importer(2089858483,b0f066a214c2f5e87bad3c948f4d605d) (ScriptedImporter) -> (Import Result ID: 'ab7544c14c077e96235d7833c9a87f73') in 0.0081914 seconds [static and dynamic dependencies]. Details - ImportResultOutputID=f8bfc193b6150567c56441410a599aee DependenciesID=24fe47b340d06f3b5cf5f79a42393718 StaticDependenciesID=786396989a37ab9638360e9aff1e76f8 
Number of updated asset objects reloaded before import = 0Number of asset objects unloaded after import = 2

========================================================================
Received Import Request.
  Time since last request: 0.000015 seconds.
  path: Assets/Modern tiles_Free/Interiors_free/32x32/Interiors_free_32x32_611.asset
  importAddress: Guid(cf211fc0c0c021649883fdfd626c98cd) Importer(2089858483,b0f066a214c2f5e87bad3c948f4d605d)
Start importing Assets/Modern tiles_Free/Interiors_free/32x32/Interiors_free_32x32_611.asset using Guid(cf211fc0c0c021649883fdfd626c98cd) Importer(2089858483,b0f066a214c2f5e87bad3c948f4d605d) (ScriptedImporter) -> (Import Result ID: '72583383aaf1035e6d54521a1b417bb6') in 0.009519 seconds [static and dynamic dependencies]. Details - ImportResultOutputID=4a98c37507f9c9f6d95159c6abcc59d1 DependenciesID=78eb09ca4dfa27cd83bf256f6c20e289 StaticDependenciesID=2558c5b5f6fcc91886c41ec3fe57babf 
Number of updated asset objects reloaded before import = 0Number of asset objects unloaded after import = 2

========================================================================
Received Import Request.
  Time since last request: 0.000015 seconds.
  path: Assets/Modern tiles_Free/Interiors_free/32x32/Interiors_free_32x32_1105.asset
  importAddress: Guid(5466da6e05e00dd49b223c4271d5c370) Importer(2089858483,b0f066a214c2f5e87bad3c948f4d605d)
Start importing Assets/Modern tiles_Free/Interiors_free/32x32/Interiors_free_32x32_1105.asset using Guid(5466da6e05e00dd49b223c4271d5c370) Importer(2089858483,b0f066a214c2f5e87bad3c948f4d605d) (ScriptedImporter) -> (Import Result ID: '702256ec363a3c2a9dfa64ccb0d1a4f8') in 0.008938 seconds [static and dynamic dependencies]. Details - ImportResultOutputID=e826f228b81667f6960c99cb090aed76 DependenciesID=9ce873f5c48dafbd08c725bc1756261e StaticDependenciesID=4e4cdcf7240c94a3962bfc274de4dd53 
Number of updated asset objects reloaded before import = 0Number of asset objects unloaded after import = 2

========================================================================
Received Import Request.
  Time since last request: 0.000013 seconds.
  path: Assets/Modern tiles_Free/Interiors_free/32x32/Interiors_free_32x32_135.asset
  importAddress: Guid(8a584853458dffd449d83d2e08a82f88) Importer(2089858483,b0f066a214c2f5e87bad3c948f4d605d)
Start importing Assets/Modern tiles_Free/Interiors_free/32x32/Interiors_free_32x32_135.asset using Guid(8a584853458dffd449d83d2e08a82f88) Importer(2089858483,b0f066a214c2f5e87bad3c948f4d605d) (ScriptedImporter) -> (Import Result ID: 'e3bbd2907ddfdbc95dc13feb146e2374') in 0.0089759 seconds [static and dynamic dependencies]. Details - ImportResultOutputID=5679f3fa01e0d93dd91e42690749f7b3 DependenciesID=cde50714275ec5c658ef4fd72aa1e842 StaticDependenciesID=1d8098152cc72c0e405a3fd6fdd6d203 
Number of updated asset objects reloaded before import = 0Number of asset objects unloaded after import = 2

========================================================================
Received Import Request.
  Time since last request: 0.000019 seconds.
  path: Assets/Modern tiles_Free/Interiors_free/32x32/Interiors_free_32x32_149.asset
  importAddress: Guid(b2fc3d9be0311d44396cf76ad7c90044) Importer(2089858483,b0f066a214c2f5e87bad3c948f4d605d)
Start importing Assets/Modern tiles_Free/Interiors_free/32x32/Interiors_free_32x32_149.asset using Guid(b2fc3d9be0311d44396cf76ad7c90044) Importer(2089858483,b0f066a214c2f5e87bad3c948f4d605d) (ScriptedImporter) -> (Import Result ID: '744452bd218427f63e25a513651f555e') in 0.0090101 seconds [static and dynamic dependencies]. Details - ImportResultOutputID=2a49ae42c48a8cdf85e9ac0a351d7e2f DependenciesID=88e58047d8bf13f16b7c10aecd3e091a StaticDependenciesID=7861b9af099675c978d6d58cf89963bf 
Number of updated asset objects reloaded before import = 0Number of asset objects unloaded after import = 2

========================================================================
Received Import Request.
  Time since last request: 0.000026 seconds.
  path: Assets/Modern tiles_Free/Interiors_free/32x32/Interiors_free_32x32_734.asset
  importAddress: Guid(2f2a597b65cfc074c92a8ea46229005b) Importer(2089858483,b0f066a214c2f5e87bad3c948f4d605d)
Start importing Assets/Modern tiles_Free/Interiors_free/32x32/Interiors_free_32x32_734.asset using Guid(2f2a597b65cfc074c92a8ea46229005b) Importer(2089858483,b0f066a214c2f5e87bad3c948f4d605d) (ScriptedImporter) -> (Import Result ID: '89f5c8f8447dc31b734500cf4d814d1a') in 0.0084482 seconds [static and dynamic dependencies]. Details - ImportResultOutputID=4664e01804f6415618f788ae6a6aa0ba DependenciesID=f05b5f89e20f55dbcb02d5d476161206 StaticDependenciesID=e949d02b70570d6d0f1e4f567bdb4eb1 
Number of updated asset objects reloaded before import = 0Number of asset objects unloaded after import = 2

========================================================================
Received Import Request.
  Time since last request: 0.000015 seconds.
  path: Assets/Modern tiles_Free/Interiors_free/32x32/Interiors_free_32x32_899.asset
  importAddress: Guid(f07353e08126e77408a5877b6d59c2f3) Importer(2089858483,b0f066a214c2f5e87bad3c948f4d605d)
Start importing Assets/Modern tiles_Free/Interiors_free/32x32/Interiors_free_32x32_899.asset using Guid(f07353e08126e77408a5877b6d59c2f3) Importer(2089858483,b0f066a214c2f5e87bad3c948f4d605d) (ScriptedImporter) -> (Import Result ID: '1836e8ef8563a661b73f9482307b8e88') in 0.0084666 seconds [static and dynamic dependencies]. Details - ImportResultOutputID=be5db86f89dd30f70a5dcdf36311ffb8 DependenciesID=407805889ace7bcebd931a5cc94ea9de StaticDependenciesID=6994d40d075ebbe134a69c4d22b55055 
Number of updated asset objects reloaded before import = 0Number of asset objects unloaded after import = 2

========================================================================
Received Import Request.
  Time since last request: 0.000013 seconds.
  path: Assets/Modern tiles_Free/Interiors_free/32x32/Interiors_free_32x32_872.asset
  importAddress: Guid(2121763668b29e045a0e0d7d521474cc) Importer(2089858483,b0f066a214c2f5e87bad3c948f4d605d)
Start importing Assets/Modern tiles_Free/Interiors_free/32x32/Interiors_free_32x32_872.asset using Guid(2121763668b29e045a0e0d7d521474cc) Importer(2089858483,b0f066a214c2f5e87bad3c948f4d605d) (ScriptedImporter) -> (Import Result ID: 'd0685981029c1b280739ff0bad69b86e') in 0.0087983 seconds [static and dynamic dependencies]. Details - ImportResultOutputID=130265b2990f4d37f0ed45d808ac9ab5 DependenciesID=3441ff54d5c2cb92ac7920225f2bc583 StaticDependenciesID=90e3be649f659b0f6f1ce3768c912411 
Number of updated asset objects reloaded before import = 0Number of asset objects unloaded after import = 2

========================================================================
Received Import Request.
  Time since last request: 0.000017 seconds.
  path: Assets/Modern tiles_Free/Interiors_free/32x32/Interiors_free_32x32_1075.asset
  importAddress: Guid(7cb6bf422c4a4734f9dcfd53c0e0fa8a) Importer(2089858483,b0f066a214c2f5e87bad3c948f4d605d)
Start importing Assets/Modern tiles_Free/Interiors_free/32x32/Interiors_free_32x32_1075.asset using Guid(7cb6bf422c4a4734f9dcfd53c0e0fa8a) Importer(2089858483,b0f066a214c2f5e87bad3c948f4d605d) (ScriptedImporter) -> (Import Result ID: '239e6531e0915d220bc7b47f645a2be7') in 0.0085959 seconds [static and dynamic dependencies]. Details - ImportResultOutputID=35cc59d62a03d41f91917ea74836c6e4 DependenciesID=ae3fca6cdafef7fae9795553c0d86c63 StaticDependenciesID=f35fff07e799f9fd64ae0ce79b1dc9b9 
Number of updated asset objects reloaded before import = 0Number of asset objects unloaded after import = 2

========================================================================
Received Import Request.
  Time since last request: 0.000018 seconds.
  path: Assets/Modern tiles_Free/Interiors_free/32x32/Interiors_free_32x32_107.asset
  importAddress: Guid(bf3f5bddd9cef2545929242129452ed9) Importer(2089858483,b0f066a214c2f5e87bad3c948f4d605d)
Start importing Assets/Modern tiles_Free/Interiors_free/32x32/Interiors_free_32x32_107.asset using Guid(bf3f5bddd9cef2545929242129452ed9) Importer(2089858483,b0f066a214c2f5e87bad3c948f4d605d) (ScriptedImporter) -> (Import Result ID: '8bcc96b46e11b9bbef5e7b31e3c0e841') in 0.0088471 seconds [static and dynamic dependencies]. Details - ImportResultOutputID=84c658fd9a411d3124d2bd97c8afacaa DependenciesID=d0c060f7c6d07a6eb1f31e6f44a6bb73 StaticDependenciesID=8380ad07f48a986b5bd4c78e03e27cef 
Number of updated asset objects reloaded before import = 0Number of asset objects unloaded after import = 2

========================================================================
Received Import Request.
  Time since last request: 0.000015 seconds.
  path: Assets/Modern tiles_Free/Interiors_free/32x32/Interiors_free_32x32_698.asset
  importAddress: Guid(8f13b074b4383e74db0a7d6ca1d31f84) Importer(2089858483,b0f066a214c2f5e87bad3c948f4d605d)
Start importing Assets/Modern tiles_Free/Interiors_free/32x32/Interiors_free_32x32_698.asset using Guid(8f13b074b4383e74db0a7d6ca1d31f84) Importer(2089858483,b0f066a214c2f5e87bad3c948f4d605d) (ScriptedImporter) -> (Import Result ID: '6ebdc33615d075ba2d492006e5836569') in 0.0088146 seconds [static and dynamic dependencies]. Details - ImportResultOutputID=44830c68d1e2e87207cca5cdc3ffb01b DependenciesID=8e30c5fe0215dcf91d041504d99b2ff6 StaticDependenciesID=866bed09359601ecc4f0c4af489a091f 
Number of updated asset objects reloaded before import = 0Number of asset objects unloaded after import = 2

========================================================================
Received Import Request.
  Time since last request: 0.000021 seconds.
  path: Assets/Modern tiles_Free/Interiors_free/32x32/Interiors_free_32x32_1000.asset
  importAddress: Guid(ba940046758407c479b60dd304695af9) Importer(2089858483,b0f066a214c2f5e87bad3c948f4d605d)
Start importing Assets/Modern tiles_Free/Interiors_free/32x32/Interiors_free_32x32_1000.asset using Guid(ba940046758407c479b60dd304695af9) Importer(2089858483,b0f066a214c2f5e87bad3c948f4d605d) (ScriptedImporter) -> (Import Result ID: 'af2c780fcf8f6020e58ad437a0e9d55c') in 0.009074 seconds [static and dynamic dependencies]. Details - ImportResultOutputID=387fb192733dd8cad66cf050c9f440db DependenciesID=7c82d7d52740e9caf8f59033d0a67feb StaticDependenciesID=3f09f3510fe776a0fb701c75197c85d0 
Number of updated asset objects reloaded before import = 0Number of asset objects unloaded after import = 2

========================================================================
Received Import Request.
  Time since last request: 0.000015 seconds.
  path: Assets/Modern tiles_Free/Interiors_free/32x32/Interiors_free_32x32_273.asset
  importAddress: Guid(55ea610a97f6aa84cbaaac7f42cf62cd) Importer(2089858483,b0f066a214c2f5e87bad3c948f4d605d)
Start importing Assets/Modern tiles_Free/Interiors_free/32x32/Interiors_free_32x32_273.asset using Guid(55ea610a97f6aa84cbaaac7f42cf62cd) Importer(2089858483,b0f066a214c2f5e87bad3c948f4d605d) (ScriptedImporter) -> (Import Result ID: 'be00b36efeaf34d7acb058f3be2ed1a9') in 0.0089055 seconds [static and dynamic dependencies]. Details - ImportResultOutputID=8424dc55184bc91de08c748ceba276da DependenciesID=65b493a717500e3eb9e348277da392f3 StaticDependenciesID=702e257db5577aa90bd1550bdde1fadc 
Number of updated asset objects reloaded before import = 0Number of asset objects unloaded after import = 2

========================================================================
Received Import Request.
  Time since last request: 0.000016 seconds.
  path: Assets/Modern tiles_Free/Interiors_free/32x32/Interiors_free_32x32_353.asset
  importAddress: Guid(592055fba9d26f048be9e104c2959c6d) Importer(2089858483,b0f066a214c2f5e87bad3c948f4d605d)
Start importing Assets/Modern tiles_Free/Interiors_free/32x32/Interiors_free_32x32_353.asset using Guid(592055fba9d26f048be9e104c2959c6d) Importer(2089858483,b0f066a214c2f5e87bad3c948f4d605d) (ScriptedImporter) -> (Import Result ID: '15e657066631252b145fe2ae14c0dbdc') in 0.0098016 seconds [static and dynamic dependencies]. Details - ImportResultOutputID=1d5f6c635aceda48572a18102469df1e DependenciesID=78cceda1478e83bfeb651cac9b446307 StaticDependenciesID=cc6b5fb97e0b45c344cde7e12b7788b0 
Number of updated asset objects reloaded before import = 0Number of asset objects unloaded after import = 2

========================================================================
Received Import Request.
  Time since last request: 0.218546 seconds.
  path: Assets/Modern tiles_Free/Interiors_free/32x32/Interiors_free_32x32_1025.asset
  importAddress: Guid(aa20b6cb90c23564fa9159857f3f5b6d) Importer(2089858483,b0f066a214c2f5e87bad3c948f4d605d)
Start importing Assets/Modern tiles_Free/Interiors_free/32x32/Interiors_free_32x32_1025.asset using Guid(aa20b6cb90c23564fa9159857f3f5b6d) Importer(2089858483,b0f066a214c2f5e87bad3c948f4d605d) (ScriptedImporter) -> (Import Result ID: '1a0170b049e9b28b32dfdc0341ce9323') in 0.0094969 seconds [static and dynamic dependencies]. Details - ImportResultOutputID=a538ee6ab820c3c393ed59be5dc11d89 DependenciesID=0ca1647419bcaa88732ec52441807131 StaticDependenciesID=d31ff11f1fc4f6d578af923a1da420fe 
Number of updated asset objects reloaded before import = 0Number of asset objects unloaded after import = 2

========================================================================
Received Import Request.
  Time since last request: 0.000017 seconds.
  path: Assets/Modern tiles_Free/Interiors_free/32x32/Interiors_free_32x32_819.asset
  importAddress: Guid(640b767b97e80aa4f951de83eb70975f) Importer(2089858483,b0f066a214c2f5e87bad3c948f4d605d)
Start importing Assets/Modern tiles_Free/Interiors_free/32x32/Interiors_free_32x32_819.asset using Guid(640b767b97e80aa4f951de83eb70975f) Importer(2089858483,b0f066a214c2f5e87bad3c948f4d605d) (ScriptedImporter) -> (Import Result ID: 'a3999953f40b5c01768b9ee3bc71e92b') in 0.0092393 seconds [static and dynamic dependencies]. Details - ImportResultOutputID=9601cc39f2ae23d0b63e2bc80d0ca36d DependenciesID=f474fb12434427028bff5a5ff85304b2 StaticDependenciesID=9d3bf1f95361d2ae63a849b7209a3499 
Number of updated asset objects reloaded before import = 0Number of asset objects unloaded after import = 2

========================================================================
Received Import Request.
  Time since last request: 0.000013 seconds.
  path: Assets/Modern tiles_Free/Interiors_free/32x32/Interiors_free_32x32_1178.asset
  importAddress: Guid(0f2608f3f53997e4e8a1eb8e8cd78bd1) Importer(2089858483,b0f066a214c2f5e87bad3c948f4d605d)
Start importing Assets/Modern tiles_Free/Interiors_free/32x32/Interiors_free_32x32_1178.asset using Guid(0f2608f3f53997e4e8a1eb8e8cd78bd1) Importer(2089858483,b0f066a214c2f5e87bad3c948f4d605d) (ScriptedImporter) -> (Import Result ID: '13bb02839323c60fda0ab30e4092a521') in 0.0085183 seconds [static and dynamic dependencies]. Details - ImportResultOutputID=701a724126a6a2f97630b2c173350830 DependenciesID=c1346b9cdf4966baecd4eef28c5bef2e StaticDependenciesID=8d0394fe7930bcc60ada4c90f0a873d1 
Number of updated asset objects reloaded before import = 0Number of asset objects unloaded after import = 2

========================================================================
Received Import Request.
  Time since last request: 0.000020 seconds.
  path: Assets/Modern tiles_Free/Interiors_free/32x32/Interiors_free_32x32_982.asset
  importAddress: Guid(c4d9055b870bfa844af4f81eb9d191ff) Importer(2089858483,b0f066a214c2f5e87bad3c948f4d605d)
Start importing Assets/Modern tiles_Free/Interiors_free/32x32/Interiors_free_32x32_982.asset using Guid(c4d9055b870bfa844af4f81eb9d191ff) Importer(2089858483,b0f066a214c2f5e87bad3c948f4d605d) (ScriptedImporter) -> (Import Result ID: 'b4d3018c49bc79998c41a7c50a1cffbe') in 0.0096806 seconds [static and dynamic dependencies]. Details - ImportResultOutputID=8ab4285cdff0e13198acde24a0a11153 DependenciesID=4e86f6fc9fcf876b6c6d00c39e4b39ee StaticDependenciesID=faf2350acd08396f2078f5c6c7a9ed95 
Number of updated asset objects reloaded before import = 0Number of asset objects unloaded after import = 2

========================================================================
Received Import Request.
  Time since last request: 0.000014 seconds.
  path: Assets/Modern tiles_Free/Interiors_free/32x32/Interiors_free_32x32_1108.asset
  importAddress: Guid(2d4f2c705d01e804fb756ec9db21a7ea) Importer(2089858483,b0f066a214c2f5e87bad3c948f4d605d)
Start importing Assets/Modern tiles_Free/Interiors_free/32x32/Interiors_free_32x32_1108.asset using Guid(2d4f2c705d01e804fb756ec9db21a7ea) Importer(2089858483,b0f066a214c2f5e87bad3c948f4d605d) (ScriptedImporter) -> (Import Result ID: 'ae92227641400281114fadd28b030499') in 0.0085219 seconds [static and dynamic dependencies]. Details - ImportResultOutputID=87aa03424c6e8c94ed483b72f14e36cc DependenciesID=69b62d15e2382a37953944ae53f0a8e4 StaticDependenciesID=1c96682a92c033284e4389515dfefe34 
Number of updated asset objects reloaded before import = 0Number of asset objects unloaded after import = 2

========================================================================
Received Import Request.
  Time since last request: 0.000015 seconds.
  path: Assets/Modern tiles_Free/Interiors_free/32x32/Interiors_free_32x32_281.asset
  importAddress: Guid(e9e35eb5dea90d14cb06eb05d92327a0) Importer(2089858483,b0f066a214c2f5e87bad3c948f4d605d)
Start importing Assets/Modern tiles_Free/Interiors_free/32x32/Interiors_free_32x32_281.asset using Guid(e9e35eb5dea90d14cb06eb05d92327a0) Importer(2089858483,b0f066a214c2f5e87bad3c948f4d605d) (ScriptedImporter) -> (Import Result ID: 'd33b580f1e4bfc384c899b915fd539cb') in 0.0089596 seconds [static and dynamic dependencies]. Details - ImportResultOutputID=a1cc00888afbea40b82683991e88e601 DependenciesID=38772bb1ffec5b972e9c9676f04f29a4 StaticDependenciesID=570b4328efc839dc488ba8686cc7246f 
Number of updated asset objects reloaded before import = 0Number of asset objects unloaded after import = 2

========================================================================
Received Import Request.
  Time since last request: 0.000016 seconds.
  path: Assets/Modern tiles_Free/Interiors_free/32x32/Interiors_free_32x32_452.asset
  importAddress: Guid(33bff99af5ba05e4799aa908b30eb19c) Importer(2089858483,b0f066a214c2f5e87bad3c948f4d605d)
Start importing Assets/Modern tiles_Free/Interiors_free/32x32/Interiors_free_32x32_452.asset using Guid(33bff99af5ba05e4799aa908b30eb19c) Importer(2089858483,b0f066a214c2f5e87bad3c948f4d605d) (ScriptedImporter) -> (Import Result ID: '0128b2f2664b0186f5481f13c643faf5') in 0.0087159 seconds [static and dynamic dependencies]. Details - ImportResultOutputID=264604a81e051b0bd2ad3224421b363e DependenciesID=73c5326e48fb95e428084bc64fc57b13 StaticDependenciesID=f55b765753ba80d7e1df91d963108ef6 
Number of updated asset objects reloaded before import = 0Number of asset objects unloaded after import = 2

========================================================================
Received Import Request.
  Time since last request: 0.000014 seconds.
  path: Assets/Modern tiles_Free/Interiors_free/32x32/Interiors_free_32x32_1141.asset
  importAddress: Guid(1caa864581e91ba46a0b8eb7b736912a) Importer(2089858483,b0f066a214c2f5e87bad3c948f4d605d)
Start importing Assets/Modern tiles_Free/Interiors_free/32x32/Interiors_free_32x32_1141.asset using Guid(1caa864581e91ba46a0b8eb7b736912a) Importer(2089858483,b0f066a214c2f5e87bad3c948f4d605d) (ScriptedImporter) -> (Import Result ID: '8e72806382982a229b59570841342e1f') in 0.0093836 seconds [static and dynamic dependencies]. Details - ImportResultOutputID=d6dcb24d13c53aa4080d7b103d1fde62 DependenciesID=d3b4af36805b111998693f4374eb8fc7 StaticDependenciesID=9af2a96fbeb604de1d1d612c035e6924 
Number of updated asset objects reloaded before import = 0Number of asset objects unloaded after import = 2

========================================================================
Received Import Request.
  Time since last request: 0.000018 seconds.
  path: Assets/Modern tiles_Free/Interiors_free/32x32/Interiors_free_32x32_10.asset
  importAddress: Guid(4a4be90c4406c8f42a5b3d286d46ddc9) Importer(2089858483,b0f066a214c2f5e87bad3c948f4d605d)
Start importing Assets/Modern tiles_Free/Interiors_free/32x32/Interiors_free_32x32_10.asset using Guid(4a4be90c4406c8f42a5b3d286d46ddc9) Importer(2089858483,b0f066a214c2f5e87bad3c948f4d605d) (ScriptedImporter) -> (Import Result ID: 'c02772ee6c811efeed2e6303d355a229') in 0.0082294 seconds [static and dynamic dependencies]. Details - ImportResultOutputID=499d9c3b2e9149f5c649c083e38a9c83 DependenciesID=0e7a14a8f62f2b1930c090b01f3d3a4d StaticDependenciesID=8ae12f982d55b157c59cc175723cdaf9 
Number of updated asset objects reloaded before import = 0Number of asset objects unloaded after import = 2

========================================================================
Received Import Request.
  Time since last request: 0.000020 seconds.
  path: Assets/Modern tiles_Free/Interiors_free/32x32/Interiors_free_32x32_196.asset
  importAddress: Guid(d408e1a0e41eedc429288012e1eeb14c) Importer(2089858483,b0f066a214c2f5e87bad3c948f4d605d)
Start importing Assets/Modern tiles_Free/Interiors_free/32x32/Interiors_free_32x32_196.asset using Guid(d408e1a0e41eedc429288012e1eeb14c) Importer(2089858483,b0f066a214c2f5e87bad3c948f4d605d) (ScriptedImporter) -> (Import Result ID: 'bdac2855552a36f36080fe2bafc93a44') in 0.0093077 seconds [static and dynamic dependencies]. Details - ImportResultOutputID=875fb84c8017ec7a781b0abd2778eedd DependenciesID=54122d5a531f944af60005323797beb0 StaticDependenciesID=c4799929eaf41c15bcb41605c021b32b 
Number of updated asset objects reloaded before import = 0Number of asset objects unloaded after import = 2

========================================================================
Received Import Request.
  Time since last request: 0.000021 seconds.
  path: Assets/Modern tiles_Free/Interiors_free/32x32/Interiors_free_32x32_955.asset
  importAddress: Guid(76a91003b9f5b2e46b19c5cb4d09dcac) Importer(2089858483,b0f066a214c2f5e87bad3c948f4d605d)
Start importing Assets/Modern tiles_Free/Interiors_free/32x32/Interiors_free_32x32_955.asset using Guid(76a91003b9f5b2e46b19c5cb4d09dcac) Importer(2089858483,b0f066a214c2f5e87bad3c948f4d605d) (ScriptedImporter) -> (Import Result ID: 'def9fbece4657b27d867e5d7a1e838ca') in 0.0087255 seconds [static and dynamic dependencies]. Details - ImportResultOutputID=9d88fcd5fd2966840eae55d13584ff06 DependenciesID=017c59eb44d714dbbf32de56de0b2cf5 StaticDependenciesID=0ce991c4ddedb32bae4fed9840670a55 
Number of updated asset objects reloaded before import = 0Number of asset objects unloaded after import = 2

========================================================================
Received Import Request.
  Time since last request: 0.000014 seconds.
  path: Assets/Modern tiles_Free/Interiors_free/32x32/Interiors_free_32x32_577.asset
  importAddress: Guid(516c7f9dfbe676d43bc829ad60cc0012) Importer(2089858483,b0f066a214c2f5e87bad3c948f4d605d)
Start importing Assets/Modern tiles_Free/Interiors_free/32x32/Interiors_free_32x32_577.asset using Guid(516c7f9dfbe676d43bc829ad60cc0012) Importer(2089858483,b0f066a214c2f5e87bad3c948f4d605d) (ScriptedImporter) -> (Import Result ID: '12b8f7149d47bf6ebf068a77fc592af6') in 0.0089158 seconds [static and dynamic dependencies]. Details - ImportResultOutputID=6066723c70229fe3ec8c7b6a5e38246f DependenciesID=21ea5a4837353b62fb43fe2ff04346a2 StaticDependenciesID=86a3a4144e3ac2eeb5b297ecbaeff842 
Number of updated asset objects reloaded before import = 0Number of asset objects unloaded after import = 2

========================================================================
Received Import Request.
  Time since last request: 0.000021 seconds.
  path: Assets/Modern tiles_Free/Interiors_free/32x32/Interiors_free_32x32_1009.asset
  importAddress: Guid(fd0c1a64c9fd55f4a8dc897882ff763c) Importer(2089858483,b0f066a214c2f5e87bad3c948f4d605d)
Start importing Assets/Modern tiles_Free/Interiors_free/32x32/Interiors_free_32x32_1009.asset using Guid(fd0c1a64c9fd55f4a8dc897882ff763c) Importer(2089858483,b0f066a214c2f5e87bad3c948f4d605d) (ScriptedImporter) -> (Import Result ID: '23508ba210bcd03d410b64708ff04a20') in 0.0094593 seconds [static and dynamic dependencies]. Details - ImportResultOutputID=e4fcfd1b7bf29cde2dedee717cafb44d DependenciesID=7b7464c1740a32326ac609889872aaf2 StaticDependenciesID=377f8a1db8cf5e257af403a66287d76d 
Number of updated asset objects reloaded before import = 0Number of asset objects unloaded after import = 2

========================================================================
Received Import Request.
  Time since last request: 0.000030 seconds.
  path: Assets/Modern tiles_Free/Interiors_free/32x32/Interiors_free_32x32_47.asset
  importAddress: Guid(b39902b51516c2f42a0a1b0ff2e2473f) Importer(2089858483,b0f066a214c2f5e87bad3c948f4d605d)
Start importing Assets/Modern tiles_Free/Interiors_free/32x32/Interiors_free_32x32_47.asset using Guid(b39902b51516c2f42a0a1b0ff2e2473f) Importer(2089858483,b0f066a214c2f5e87bad3c948f4d605d) (ScriptedImporter) -> (Import Result ID: '7c67eb0eb53251f1ee5bd1c7aacfad07') in 0.0086596 seconds [static and dynamic dependencies]. Details - ImportResultOutputID=f61137dd36a6d40da25ec9a3f680095e DependenciesID=27f091e0b10c5105c327154c1e16e846 StaticDependenciesID=01ce75cd47b9267b1d616cd6864d3130 
Number of updated asset objects reloaded before import = 0Number of asset objects unloaded after import = 2

========================================================================
Received Import Request.
  Time since last request: 0.000022 seconds.
  path: Assets/Modern tiles_Free/Interiors_free/32x32/Interiors_free_32x32_83.asset
  importAddress: Guid(364776d49344c1d49b3ff0c597b7d12f) Importer(2089858483,b0f066a214c2f5e87bad3c948f4d605d)
Start importing Assets/Modern tiles_Free/Interiors_free/32x32/Interiors_free_32x32_83.asset using Guid(364776d49344c1d49b3ff0c597b7d12f) Importer(2089858483,b0f066a214c2f5e87bad3c948f4d605d) (ScriptedImporter) -> (Import Result ID: '714482c6c8d4371fab0c9b30c0757b3e') in 0.0089706 seconds [static and dynamic dependencies]. Details - ImportResultOutputID=624010d302d4e42715af11c39485e324 DependenciesID=25fce97559057bf6f4a0cecd5ab70f34 StaticDependenciesID=412c2c8878cd84899acc7abd9c9b3d6b 
Number of updated asset objects reloaded before import = 0Number of asset objects unloaded after import = 2

========================================================================
Received Import Request.
  Time since last request: 0.000016 seconds.
  path: Assets/Modern tiles_Free/Interiors_free/32x32/Interiors_free_32x32_724.asset
  importAddress: Guid(d50488dd8c3736846b5787a4f92de33d) Importer(2089858483,b0f066a214c2f5e87bad3c948f4d605d)
Start importing Assets/Modern tiles_Free/Interiors_free/32x32/Interiors_free_32x32_724.asset using Guid(d50488dd8c3736846b5787a4f92de33d) Importer(2089858483,b0f066a214c2f5e87bad3c948f4d605d) (ScriptedImporter) -> (Import Result ID: '4805a12d42701927b49f81b39f5c3c28') in 0.0089448 seconds [static and dynamic dependencies]. Details - ImportResultOutputID=b0153cb9b789ba9a724db7629e0956b2 DependenciesID=d22966eab1e052e22b8a2940d7c9a8d8 StaticDependenciesID=fcded2dae994e0c338d8b04a0516213e 
Number of updated asset objects reloaded before import = 0Number of asset objects unloaded after import = 2

========================================================================
Received Import Request.
  Time since last request: 0.000035 seconds.
  path: Assets/Modern tiles_Free/Interiors_free/32x32/Interiors_free_32x32_545.asset
  importAddress: Guid(2958c6067b80c6641887b644c3b5dbe9) Importer(2089858483,b0f066a214c2f5e87bad3c948f4d605d)
Start importing Assets/Modern tiles_Free/Interiors_free/32x32/Interiors_free_32x32_545.asset using Guid(2958c6067b80c6641887b644c3b5dbe9) Importer(2089858483,b0f066a214c2f5e87bad3c948f4d605d) (ScriptedImporter) -> (Import Result ID: '7a1d2c8e2b1cc76d4f0fbddbeff7a823') in 0.0091355 seconds [static and dynamic dependencies]. Details - ImportResultOutputID=6258e59895569ce0ad425809c4aad247 DependenciesID=560bc2b265b4a160c923829c472678c2 StaticDependenciesID=b26b36d8f88edf891e5d87da12028988 
Number of updated asset objects reloaded before import = 0Number of asset objects unloaded after import = 2

========================================================================
Received Import Request.
  Time since last request: 0.000019 seconds.
  path: Assets/Modern tiles_Free/Interiors_free/32x32/Interiors_free_32x32_227.asset
  importAddress: Guid(c7dd91fa580ae9f4b8eca73c83071e62) Importer(2089858483,b0f066a214c2f5e87bad3c948f4d605d)
Start importing Assets/Modern tiles_Free/Interiors_free/32x32/Interiors_free_32x32_227.asset using Guid(c7dd91fa580ae9f4b8eca73c83071e62) Importer(2089858483,b0f066a214c2f5e87bad3c948f4d605d) (ScriptedImporter) -> (Import Result ID: '0e4b884ddfc7af6ac8cd1cb02e056d62') in 0.0084441 seconds [static and dynamic dependencies]. Details - ImportResultOutputID=23b2e1165c30550eb9d7936938192876 DependenciesID=323f7d09469fe4ddd53d957db783d4e2 StaticDependenciesID=e0d4b832aefe5762c603cf6217a7f9ff 
Number of updated asset objects reloaded before import = 0Number of asset objects unloaded after import = 2

========================================================================
Received Import Request.
  Time since last request: 0.000016 seconds.
  path: Assets/Modern tiles_Free/Interiors_free/32x32/Interiors_free_32x32_940.asset
  importAddress: Guid(313dccfd8bafe5a4a8a4b526a8c9fdd6) Importer(2089858483,b0f066a214c2f5e87bad3c948f4d605d)
Start importing Assets/Modern tiles_Free/Interiors_free/32x32/Interiors_free_32x32_940.asset using Guid(313dccfd8bafe5a4a8a4b526a8c9fdd6) Importer(2089858483,b0f066a214c2f5e87bad3c948f4d605d) (ScriptedImporter) -> (Import Result ID: 'c4c5b20deb30a6b063cd93450c8d655f') in 0.0094614 seconds [static and dynamic dependencies]. Details - ImportResultOutputID=535c8a776c3cec354a9fc366e58b9d5b DependenciesID=4b65d199d78a69bf7571d4ec78346820 StaticDependenciesID=602b6a2448dee123dcc9e06060918548 
Number of updated asset objects reloaded before import = 0Number of asset objects unloaded after import = 2

========================================================================
Received Import Request.
  Time since last request: 0.000017 seconds.
  path: Assets/Modern tiles_Free/Interiors_free/32x32/Interiors_free_32x32_651.asset
  importAddress: Guid(06df3e7a0b6bd154d8af641a87a7cc9d) Importer(2089858483,b0f066a214c2f5e87bad3c948f4d605d)
Start importing Assets/Modern tiles_Free/Interiors_free/32x32/Interiors_free_32x32_651.asset using Guid(06df3e7a0b6bd154d8af641a87a7cc9d) Importer(2089858483,b0f066a214c2f5e87bad3c948f4d605d) (ScriptedImporter) -> (Import Result ID: '98f7afc9ceaecf295cf098bc10988b28') in 0.0084508 seconds [static and dynamic dependencies]. Details - ImportResultOutputID=54d7be8dd78a20269ad4686c0ce887b2 DependenciesID=22995af3581b6ca756180466134c28ff StaticDependenciesID=7aa8ba0a7cd0dd364133c99ecb9154e1 
Number of updated asset objects reloaded before import = 0Number of asset objects unloaded after import = 2

========================================================================
Received Import Request.
  Time since last request: 0.000017 seconds.
  path: Assets/Modern tiles_Free/Interiors_free/32x32/Interiors_free_32x32_570.asset
  importAddress: Guid(7ed88500279a54143b129a49517c0930) Importer(2089858483,b0f066a214c2f5e87bad3c948f4d605d)
Start importing Assets/Modern tiles_Free/Interiors_free/32x32/Interiors_free_32x32_570.asset using Guid(7ed88500279a54143b129a49517c0930) Importer(2089858483,b0f066a214c2f5e87bad3c948f4d605d) (ScriptedImporter) -> (Import Result ID: 'a5f7a71a79b4005c7e05b72660c801c5') in 0.0095648 seconds [static and dynamic dependencies]. Details - ImportResultOutputID=3084855fa387ef3ce5bd15ff51d3e111 DependenciesID=3be111b01f04998a9df0c98251882fe9 StaticDependenciesID=f9917873d9084b837819e4f0c22fd27f 
Number of updated asset objects reloaded before import = 0Number of asset objects unloaded after import = 2

========================================================================
Received Import Request.
  Time since last request: 0.000021 seconds.
  path: Assets/Modern tiles_Free/Interiors_free/32x32/Interiors_free_32x32_34.asset
  importAddress: Guid(18f5ecd812684a042ac1a77454372c60) Importer(2089858483,b0f066a214c2f5e87bad3c948f4d605d)
Start importing Assets/Modern tiles_Free/Interiors_free/32x32/Interiors_free_32x32_34.asset using Guid(18f5ecd812684a042ac1a77454372c60) Importer(2089858483,b0f066a214c2f5e87bad3c948f4d605d) (ScriptedImporter) -> (Import Result ID: 'e2f073ae89faff5d28e028fc313ea8ca') in 0.0086131 seconds [static and dynamic dependencies]. Details - ImportResultOutputID=0ddd724a1b2c67d50c1e077e36d24eaf DependenciesID=3c5ffc7b4e688f4d70730fd48832398e StaticDependenciesID=e1a4d443e9757522262994acf11506b6 
Number of updated asset objects reloaded before import = 0Number of asset objects unloaded after import = 2

========================================================================
Received Import Request.
  Time since last request: 0.000024 seconds.
  path: Assets/Modern tiles_Free/Interiors_free/32x32/Interiors_free_32x32_1197.asset
  importAddress: Guid(14e41a8c38ec7b0429f737bb2fe73622) Importer(2089858483,b0f066a214c2f5e87bad3c948f4d605d)
Start importing Assets/Modern tiles_Free/Interiors_free/32x32/Interiors_free_32x32_1197.asset using Guid(14e41a8c38ec7b0429f737bb2fe73622) Importer(2089858483,b0f066a214c2f5e87bad3c948f4d605d) (ScriptedImporter) -> (Import Result ID: 'ce3dbdf7bc278d34b28b95b053f761aa') in 0.0087366 seconds [static and dynamic dependencies]. Details - ImportResultOutputID=7cc94603cb94403553ffbe8e95916526 DependenciesID=09aa39345f4c3c2298b1f657dda509bb StaticDependenciesID=c96ef8ba871220074e957f2cc14c71f4 
Number of updated asset objects reloaded before import = 0Number of asset objects unloaded after import = 2

========================================================================
Received Import Request.
  Time since last request: 0.000019 seconds.
  path: Assets/Modern tiles_Free/Interiors_free/32x32/Interiors_free_32x32_838.asset
  importAddress: Guid(19a46e840f047974c843cd139dbf8149) Importer(2089858483,b0f066a214c2f5e87bad3c948f4d605d)
Start importing Assets/Modern tiles_Free/Interiors_free/32x32/Interiors_free_32x32_838.asset using Guid(19a46e840f047974c843cd139dbf8149) Importer(2089858483,b0f066a214c2f5e87bad3c948f4d605d) (ScriptedImporter) -> (Import Result ID: '7bb171b020b6e70b8568eb63a8a177e4') in 0.0089592 seconds [static and dynamic dependencies]. Details - ImportResultOutputID=19f3d06764b74e080bc389f7ef8849f8 DependenciesID=35098d2d9c6881d5c1e3f1bf1f03ca9e StaticDependenciesID=ca39a7fea560231dcb742f396008ec7e 
Number of updated asset objects reloaded before import = 0Number of asset objects unloaded after import = 2

========================================================================
Received Import Request.
  Time since last request: 0.000017 seconds.
  path: Assets/Modern tiles_Free/Interiors_free/32x32/Interiors_free_32x32_133.asset
  importAddress: Guid(89bf1ef31372c6f45931eca817717873) Importer(2089858483,b0f066a214c2f5e87bad3c948f4d605d)
Start importing Assets/Modern tiles_Free/Interiors_free/32x32/Interiors_free_32x32_133.asset using Guid(89bf1ef31372c6f45931eca817717873) Importer(2089858483,b0f066a214c2f5e87bad3c948f4d605d) (ScriptedImporter) -> (Import Result ID: 'f0472b6380dbd980476971fa9fb739b6') in 0.0116418 seconds [static and dynamic dependencies]. Details - ImportResultOutputID=e8be70f069f7d70a3c913280a88a3097 DependenciesID=2df03d3cefa85deaea8ba2a15eca0270 StaticDependenciesID=d28744a22df7306ab8a34d4481e9136a 
Number of updated asset objects reloaded before import = 0Number of asset objects unloaded after import = 2

========================================================================
Received Import Request.
  Time since last request: 0.000013 seconds.
  path: Assets/Modern tiles_Free/Interiors_free/32x32/Interiors_free_32x32_703.asset
  importAddress: Guid(81011844756e1f749b7060988434523e) Importer(2089858483,b0f066a214c2f5e87bad3c948f4d605d)
Start importing Assets/Modern tiles_Free/Interiors_free/32x32/Interiors_free_32x32_703.asset using Guid(81011844756e1f749b7060988434523e) Importer(2089858483,b0f066a214c2f5e87bad3c948f4d605d) (ScriptedImporter) -> (Import Result ID: '8d472848caf4180e208af3c7200a32ad') in 0.0078929 seconds [static and dynamic dependencies]. Details - ImportResultOutputID=d2d7dd99adccdd596e78c8363bb40737 DependenciesID=e4bbf1c43b0461fa28ff48e8666555d1 StaticDependenciesID=8a3f1f7cba0913cbf76e306a78414752 
Number of updated asset objects reloaded before import = 0Number of asset objects unloaded after import = 2

========================================================================
Received Import Request.
  Time since last request: 0.000015 seconds.
  path: Assets/Modern tiles_Free/Interiors_free/32x32/Interiors_free_32x32_1089.asset
  importAddress: Guid(d05c5c7b1ea21674c9c9ee93f9235e18) Importer(2089858483,b0f066a214c2f5e87bad3c948f4d605d)
Start importing Assets/Modern tiles_Free/Interiors_free/32x32/Interiors_free_32x32_1089.asset using Guid(d05c5c7b1ea21674c9c9ee93f9235e18) Importer(2089858483,b0f066a214c2f5e87bad3c948f4d605d) (ScriptedImporter) -> (Import Result ID: '145c41f5928f11700a4c8923abb47595') in 0.0071399 seconds [static and dynamic dependencies]. Details - ImportResultOutputID=91c21048c30e3e72a9da292052fd576d DependenciesID=8a575d243e33ab68a8c119a988f586ec StaticDependenciesID=5730fdc43b00ef0d920c741bb982ea3b 
Number of updated asset objects reloaded before import = 0Number of asset objects unloaded after import = 2

========================================================================
Received Import Request.
  Time since last request: 0.000014 seconds.
  path: Assets/Modern tiles_Free/Interiors_free/32x32/Interiors_free_32x32_850.asset
  importAddress: Guid(0fae0aaf4a221ce459ffc65c7c2924cf) Importer(2089858483,b0f066a214c2f5e87bad3c948f4d605d)
Start importing Assets/Modern tiles_Free/Interiors_free/32x32/Interiors_free_32x32_850.asset using Guid(0fae0aaf4a221ce459ffc65c7c2924cf) Importer(2089858483,b0f066a214c2f5e87bad3c948f4d605d) (ScriptedImporter) -> (Import Result ID: '3320f68a82367b65e2b2ad36f8699893') in 0.0082423 seconds [static and dynamic dependencies]. Details - ImportResultOutputID=9162b4cf76a1cfb8bbcd9c10dd482b8a DependenciesID=27c35bb9cadc07c4fdbac11c6613b746 StaticDependenciesID=88249e45bcdea8b7d0ddfd7943fbdbc6 
Number of updated asset objects reloaded before import = 0Number of asset objects unloaded after import = 2

========================================================================
Received Import Request.
  Time since last request: 0.000015 seconds.
  path: Assets/Modern tiles_Free/Interiors_free/32x32/Interiors_free_32x32_513.asset
  importAddress: Guid(2fa37e2e37e89e74eada828214d2642c) Importer(2089858483,b0f066a214c2f5e87bad3c948f4d605d)
Start importing Assets/Modern tiles_Free/Interiors_free/32x32/Interiors_free_32x32_513.asset using Guid(2fa37e2e37e89e74eada828214d2642c) Importer(2089858483,b0f066a214c2f5e87bad3c948f4d605d) (ScriptedImporter) -> (Import Result ID: 'eafd261b5cf47416be0f327ec8a84689') in 0.0089097 seconds [static and dynamic dependencies]. Details - ImportResultOutputID=2414d11768fd1c102594bf0a9913f31c DependenciesID=a3b0e3eb605731249cac3223f12ec7d5 StaticDependenciesID=a9bb104b03d4c854b12c9978318a7356 
Number of updated asset objects reloaded before import = 0Number of asset objects unloaded after import = 2

========================================================================
Received Import Request.
  Time since last request: 0.000017 seconds.
  path: Assets/Modern tiles_Free/Interiors_free/32x32/Interiors_free_32x32_891.asset
  importAddress: Guid(1ffc5ea59105ef44e99c2a71d37c0673) Importer(2089858483,b0f066a214c2f5e87bad3c948f4d605d)
Start importing Assets/Modern tiles_Free/Interiors_free/32x32/Interiors_free_32x32_891.asset using Guid(1ffc5ea59105ef44e99c2a71d37c0673) Importer(2089858483,b0f066a214c2f5e87bad3c948f4d605d) (ScriptedImporter) -> (Import Result ID: '8e2f756a463f8a7a2db5f2532e779710') in 0.0087677 seconds [static and dynamic dependencies]. Details - ImportResultOutputID=f21be45d59e718c5d2696c6117803da8 DependenciesID=aaf765ba04c1a25ad5cc2155a5df16a3 StaticDependenciesID=1ae9e106d955c356c1b3e279adc3b71b 
Number of updated asset objects reloaded before import = 0Number of asset objects unloaded after import = 2

========================================================================
Received Import Request.
  Time since last request: 0.000014 seconds.
  path: Assets/Modern tiles_Free/Interiors_free/32x32/Interiors_free_32x32_784.asset
  importAddress: Guid(f5c468863e9fe3640a156dd6e1f65899) Importer(2089858483,b0f066a214c2f5e87bad3c948f4d605d)
Start importing Assets/Modern tiles_Free/Interiors_free/32x32/Interiors_free_32x32_784.asset using Guid(f5c468863e9fe3640a156dd6e1f65899) Importer(2089858483,b0f066a214c2f5e87bad3c948f4d605d) (ScriptedImporter) -> (Import Result ID: '03a1a8eecc622ceddfe7a088bc0bc46b') in 0.0086926 seconds [static and dynamic dependencies]. Details - ImportResultOutputID=f17963ffe78140032e972ddc648ab2a2 DependenciesID=2711e72efcfb57e1239a6fe06457238c StaticDependenciesID=39fd7e2cb8b05fb861c0bf98a85ae4f0 
Number of updated asset objects reloaded before import = 0Number of asset objects unloaded after import = 2

========================================================================
Received Import Request.
  Time since last request: 0.000018 seconds.
  path: Assets/Modern tiles_Free/Interiors_free/32x32/Interiors_free_32x32_897.asset
  importAddress: Guid(6e17114e26fdbc04f9e09167ca6e0ebb) Importer(2089858483,b0f066a214c2f5e87bad3c948f4d605d)
Start importing Assets/Modern tiles_Free/Interiors_free/32x32/Interiors_free_32x32_897.asset using Guid(6e17114e26fdbc04f9e09167ca6e0ebb) Importer(2089858483,b0f066a214c2f5e87bad3c948f4d605d) (ScriptedImporter) -> (Import Result ID: 'd0e32ac6a78007118d58ce0bc086de9b') in 0.0089009 seconds [static and dynamic dependencies]. Details - ImportResultOutputID=103af75617476efb16ab0880f656b4e4 DependenciesID=e45725e89b801f520f873cfd579507a4 StaticDependenciesID=3b71858d8b56ad415b4b858ac3152de9 
Number of updated asset objects reloaded before import = 0Number of asset objects unloaded after import = 2

========================================================================
Received Import Request.
  Time since last request: 0.000012 seconds.
  path: Assets/Modern tiles_Free/Interiors_free/32x32/Interiors_free_32x32_638.asset
  importAddress: Guid(b337c8e1e91c24548a4326dc5cc64bdb) Importer(2089858483,b0f066a214c2f5e87bad3c948f4d605d)
Start importing Assets/Modern tiles_Free/Interiors_free/32x32/Interiors_free_32x32_638.asset using Guid(b337c8e1e91c24548a4326dc5cc64bdb) Importer(2089858483,b0f066a214c2f5e87bad3c948f4d605d) (ScriptedImporter) -> (Import Result ID: '5f2ca8bd46f02ec0b3e0bbc80a13e1de') in 0.008733 seconds [static and dynamic dependencies]. Details - ImportResultOutputID=c1b6d02980c18898edf01a262c765d66 DependenciesID=fa96896b72992c5756e5373183eec87f StaticDependenciesID=fe994c32fa58085d22683c34e80abfbe 
Number of updated asset objects reloaded before import = 0Number of asset objects unloaded after import = 2

========================================================================
Received Import Request.
  Time since last request: 0.000018 seconds.
  path: Assets/Modern tiles_Free/Interiors_free/32x32/Interiors_free_32x32_190.asset
  importAddress: Guid(3403a7605fb346546a2ffbf15f7faa2c) Importer(2089858483,b0f066a214c2f5e87bad3c948f4d605d)
Start importing Assets/Modern tiles_Free/Interiors_free/32x32/Interiors_free_32x32_190.asset using Guid(3403a7605fb346546a2ffbf15f7faa2c) Importer(2089858483,b0f066a214c2f5e87bad3c948f4d605d) (ScriptedImporter) -> (Import Result ID: '479f5f3df21ede224781e0589ebb0201') in 0.0090007 seconds [static and dynamic dependencies]. Details - ImportResultOutputID=e93cb938da9f53dce43c9bdeb64dd882 DependenciesID=1909b01cc63a652ebd2f58ac44a6124f StaticDependenciesID=a2f4dbed624555b7db73de14d5b2db34 
Number of updated asset objects reloaded before import = 0Number of asset objects unloaded after import = 2

========================================================================
Received Import Request.
  Time since last request: 0.000016 seconds.
  path: Assets/Modern tiles_Free/Interiors_free/32x32/Interiors_free_32x32_382.asset
  importAddress: Guid(e3f15ef7ef002a640ab4ada5032ada25) Importer(2089858483,b0f066a214c2f5e87bad3c948f4d605d)
Start importing Assets/Modern tiles_Free/Interiors_free/32x32/Interiors_free_32x32_382.asset using Guid(e3f15ef7ef002a640ab4ada5032ada25) Importer(2089858483,b0f066a214c2f5e87bad3c948f4d605d) (ScriptedImporter) -> (Import Result ID: '048c74b9e6ff722408dc4a1c25d7a172') in 0.0090305 seconds [static and dynamic dependencies]. Details - ImportResultOutputID=e234370e9536bad189d290b157383f62 DependenciesID=ba8785d4435872dbd24d60fb7f11451a StaticDependenciesID=59ca6ba94b2fbe3c1b91666e63619393 
Number of updated asset objects reloaded before import = 0Number of asset objects unloaded after import = 2

========================================================================
Received Import Request.
  Time since last request: 0.000017 seconds.
  path: Assets/Modern tiles_Free/Interiors_free/32x32/Interiors_free_32x32_793.asset
  importAddress: Guid(012a904fb4e0ad1419f8de75f453ca07) Importer(2089858483,b0f066a214c2f5e87bad3c948f4d605d)
Start importing Assets/Modern tiles_Free/Interiors_free/32x32/Interiors_free_32x32_793.asset using Guid(012a904fb4e0ad1419f8de75f453ca07) Importer(2089858483,b0f066a214c2f5e87bad3c948f4d605d) (ScriptedImporter) -> (Import Result ID: '49c9734c5f5e7efb29482e8e944cf13f') in 0.0088408 seconds [static and dynamic dependencies]. Details - ImportResultOutputID=eaac1816aa5fd1c7a04237def5ff0c4a DependenciesID=72c2ccb76c91553c390a9444535ecc7e StaticDependenciesID=c9b4b90a40e5a9a7590107e6f0e475c0 
Number of updated asset objects reloaded before import = 0Number of asset objects unloaded after import = 2

========================================================================
Received Import Request.
  Time since last request: 0.000024 seconds.
  path: Assets/Modern tiles_Free/Interiors_free/32x32/Interiors_free_32x32_199.asset
  importAddress: Guid(711f986d3343b5f45b42f8d7ca11625c) Importer(2089858483,b0f066a214c2f5e87bad3c948f4d605d)
Start importing Assets/Modern tiles_Free/Interiors_free/32x32/Interiors_free_32x32_199.asset using Guid(711f986d3343b5f45b42f8d7ca11625c) Importer(2089858483,b0f066a214c2f5e87bad3c948f4d605d) (ScriptedImporter) -> (Import Result ID: 'a69ff84ad8074d429ff55f53c80c06f5') in 0.0087988 seconds [static and dynamic dependencies]. Details - ImportResultOutputID=a6f1d0f1d85cec4ac5ef5af963f8a247 DependenciesID=8c93119f038cffdd94bef06e85f5bddc StaticDependenciesID=1f19e90ffc19bfee3e3560744ecfc0fa 
Number of updated asset objects reloaded before import = 0Number of asset objects unloaded after import = 2

========================================================================
Received Import Request.
  Time since last request: 0.000022 seconds.
  path: Assets/Modern tiles_Free/Interiors_free/32x32/Interiors_free_32x32_612.asset
  importAddress: Guid(ae97e17225e35994ca903f3229673d91) Importer(2089858483,b0f066a214c2f5e87bad3c948f4d605d)
Start importing Assets/Modern tiles_Free/Interiors_free/32x32/Interiors_free_32x32_612.asset using Guid(ae97e17225e35994ca903f3229673d91) Importer(2089858483,b0f066a214c2f5e87bad3c948f4d605d) (ScriptedImporter) -> (Import Result ID: 'ec126cf12830e589d5ddebd14f084600') in 0.0092926 seconds [static and dynamic dependencies]. Details - ImportResultOutputID=113578fb848695961094f77bae79bd9a DependenciesID=fb4e64087044d98b783f34459114e4c8 StaticDependenciesID=07a3f865744766daeef234a62881541b 
Number of updated asset objects reloaded before import = 0Number of asset objects unloaded after import = 2

========================================================================
Received Import Request.
  Time since last request: 0.000017 seconds.
  path: Assets/Modern tiles_Free/Interiors_free/32x32/Interiors_free_32x32_428.asset
  importAddress: Guid(e3f56961d7c3a334f9428235a005de33) Importer(2089858483,b0f066a214c2f5e87bad3c948f4d605d)
Start importing Assets/Modern tiles_Free/Interiors_free/32x32/Interiors_free_32x32_428.asset using Guid(e3f56961d7c3a334f9428235a005de33) Importer(2089858483,b0f066a214c2f5e87bad3c948f4d605d) (ScriptedImporter) -> (Import Result ID: 'c9e6522a7c68dc5203e771d7148f36a9') in 0.0085836 seconds [static and dynamic dependencies]. Details - ImportResultOutputID=6627396a1ec43b088a9ca5963ac36bff DependenciesID=f896595174c68b0b34cbda2e9ec06774 StaticDependenciesID=2cbdc57491f3d89d4cb05028affe00ed 
Number of updated asset objects reloaded before import = 0Number of asset objects unloaded after import = 2

========================================================================
Received Import Request.
  Time since last request: 0.000019 seconds.
  path: Assets/Modern tiles_Free/Interiors_free/32x32/Interiors_free_32x32_272.asset
  importAddress: Guid(32d81d8090cefcf43ad9c841d5acfbdd) Importer(2089858483,b0f066a214c2f5e87bad3c948f4d605d)
Start importing Assets/Modern tiles_Free/Interiors_free/32x32/Interiors_free_32x32_272.asset using Guid(32d81d8090cefcf43ad9c841d5acfbdd) Importer(2089858483,b0f066a214c2f5e87bad3c948f4d605d) (ScriptedImporter) -> (Import Result ID: 'a0015a20c135762cf24b7798f1739d3e') in 0.0092975 seconds [static and dynamic dependencies]. Details - ImportResultOutputID=2f106d807847fb787a0f80d8f5456f86 DependenciesID=aa7ab8ae5e9909c151fc66ffcf9e7985 StaticDependenciesID=7b5498ca41be403ab6ee4237308e8de4 
Number of updated asset objects reloaded before import = 0Number of asset objects unloaded after import = 2

========================================================================
Received Import Request.
  Time since last request: 0.000014 seconds.
  path: Assets/Modern tiles_Free/Interiors_free/32x32/Interiors_free_32x32_399.asset
  importAddress: Guid(0dd73b5e1c38c3849aa6de8a027ac679) Importer(2089858483,b0f066a214c2f5e87bad3c948f4d605d)
Start importing Assets/Modern tiles_Free/Interiors_free/32x32/Interiors_free_32x32_399.asset using Guid(0dd73b5e1c38c3849aa6de8a027ac679) Importer(2089858483,b0f066a214c2f5e87bad3c948f4d605d) (ScriptedImporter) -> (Import Result ID: 'b5b260c29487f252019aa1e6e7c1bcec') in 0.0084657 seconds [static and dynamic dependencies]. Details - ImportResultOutputID=c65be5114bd8ef5b4556b88407f80e19 DependenciesID=a830c14a13196a57635c99662f57560f StaticDependenciesID=9a5ac0ee9d3d41980c3676683b20d6f8 
Number of updated asset objects reloaded before import = 0Number of asset objects unloaded after import = 2

========================================================================
Received Import Request.
  Time since last request: 0.000014 seconds.
  path: Assets/Modern tiles_Free/Interiors_free/32x32/Interiors_free_32x32_576.asset
  importAddress: Guid(913dae5531d666e41abdbf73ac73f79a) Importer(2089858483,b0f066a214c2f5e87bad3c948f4d605d)
Start importing Assets/Modern tiles_Free/Interiors_free/32x32/Interiors_free_32x32_576.asset using Guid(913dae5531d666e41abdbf73ac73f79a) Importer(2089858483,b0f066a214c2f5e87bad3c948f4d605d) (ScriptedImporter) -> (Import Result ID: 'a283af5617e41f16b3043ac51a21ff58') in 0.0094151 seconds [static and dynamic dependencies]. Details - ImportResultOutputID=8f108d8284837b60538645b53ea66c28 DependenciesID=6719740762c65d98c2bf47234fcf108d StaticDependenciesID=dbaafcd180424a74e4bed2ecc70c7b2f 
Number of updated asset objects reloaded before import = 0Number of asset objects unloaded after import = 2

========================================================================
Received Import Request.
  Time since last request: 0.000018 seconds.
  path: Assets/Modern tiles_Free/Interiors_free/32x32/Interiors_free_32x32_787.asset
  importAddress: Guid(190f8be83b5b95f4f991571e289c19a8) Importer(2089858483,b0f066a214c2f5e87bad3c948f4d605d)
Start importing Assets/Modern tiles_Free/Interiors_free/32x32/Interiors_free_32x32_787.asset using Guid(190f8be83b5b95f4f991571e289c19a8) Importer(2089858483,b0f066a214c2f5e87bad3c948f4d605d) (ScriptedImporter) -> (Import Result ID: '4326df9769ad9e0904d205ca3fa8b39f') in 0.008447 seconds [static and dynamic dependencies]. Details - ImportResultOutputID=0ec9e7e42e1284b5add66c7dbe0854f4 DependenciesID=04ad43df44682988fc7a97be3ae8470f StaticDependenciesID=05d688676655236805c7b75be8c7704e 
Number of updated asset objects reloaded before import = 0Number of asset objects unloaded after import = 2

========================================================================
Received Import Request.
  Time since last request: 0.000015 seconds.
  path: Assets/Modern tiles_Free/Interiors_free/32x32/Interiors_free_32x32_907.asset
  importAddress: Guid(3cdf0f2fd99f7724bbb9d590fd9499c5) Importer(2089858483,b0f066a214c2f5e87bad3c948f4d605d)
Start importing Assets/Modern tiles_Free/Interiors_free/32x32/Interiors_free_32x32_907.asset using Guid(3cdf0f2fd99f7724bbb9d590fd9499c5) Importer(2089858483,b0f066a214c2f5e87bad3c948f4d605d) (ScriptedImporter) -> (Import Result ID: '609e82b300480257657409cc2e37bfc2') in 0.0094274 seconds [static and dynamic dependencies]. Details - ImportResultOutputID=2122101af0a5301942ed6572c1cb84c6 DependenciesID=82100265cc08cc907fbe2d875b282759 StaticDependenciesID=ca1c9cec64727237e20e9d1959dee635 
Number of updated asset objects reloaded before import = 0Number of asset objects unloaded after import = 2

========================================================================
Received Import Request.
  Time since last request: 0.000016 seconds.
  path: Assets/Modern tiles_Free/Interiors_free/32x32/Interiors_free_32x32_729.asset
  importAddress: Guid(6c03874478057b74392b56ee8662428a) Importer(2089858483,b0f066a214c2f5e87bad3c948f4d605d)
Start importing Assets/Modern tiles_Free/Interiors_free/32x32/Interiors_free_32x32_729.asset using Guid(6c03874478057b74392b56ee8662428a) Importer(2089858483,b0f066a214c2f5e87bad3c948f4d605d) (ScriptedImporter) -> (Import Result ID: '442996f17d86319fab694a8822cbac8e') in 0.0083014 seconds [static and dynamic dependencies]. Details - ImportResultOutputID=f7450fcad9a34bf61a5482f8f3344e43 DependenciesID=bddc918956b2473acfc9e4eeb994770e StaticDependenciesID=06244654f8709bf032c93d64acc44d01 
Number of updated asset objects reloaded before import = 0Number of asset objects unloaded after import = 2

========================================================================
Received Import Request.
  Time since last request: 0.000015 seconds.
  path: Assets/Modern tiles_Free/Interiors_free/32x32/Interiors_free_32x32_319.asset
  importAddress: Guid(6b423160358736746825afedbbe9612d) Importer(2089858483,b0f066a214c2f5e87bad3c948f4d605d)
Start importing Assets/Modern tiles_Free/Interiors_free/32x32/Interiors_free_32x32_319.asset using Guid(6b423160358736746825afedbbe9612d) Importer(2089858483,b0f066a214c2f5e87bad3c948f4d605d) (ScriptedImporter) -> (Import Result ID: 'c6a1ed26e6aaf9837282949853ab5326') in 0.0088701 seconds [static and dynamic dependencies]. Details - ImportResultOutputID=27966f30c91a06ee94ed45696c69d3fb DependenciesID=4d63b94f562c51d0110ccad083fbcbe3 StaticDependenciesID=c1d748812eae002f8e63b60bcb7c2276 
Number of updated asset objects reloaded before import = 0Number of asset objects unloaded after import = 2

========================================================================
Received Import Request.
  Time since last request: 0.000018 seconds.
  path: Assets/Modern tiles_Free/Interiors_free/32x32/Interiors_free_32x32_131.asset
  importAddress: Guid(5d24d268b7397724ead3b33a881eb731) Importer(2089858483,b0f066a214c2f5e87bad3c948f4d605d)
Start importing Assets/Modern tiles_Free/Interiors_free/32x32/Interiors_free_32x32_131.asset using Guid(5d24d268b7397724ead3b33a881eb731) Importer(2089858483,b0f066a214c2f5e87bad3c948f4d605d) (ScriptedImporter) -> (Import Result ID: '07ee92f02e9a2de598c766e6838df1bf') in 0.0088426 seconds [static and dynamic dependencies]. Details - ImportResultOutputID=a548b20c118350e81b09e32631dd6c9a DependenciesID=a628209c8e180f6ffce6017f927f340c StaticDependenciesID=43f0f2a6401f3ebf6db4d24bb5648720 
Number of updated asset objects reloaded before import = 0Number of asset objects unloaded after import = 2

========================================================================
Received Import Request.
  Time since last request: 0.000016 seconds.
  path: Assets/Modern tiles_Free/Interiors_free/32x32/Interiors_free_32x32_163.asset
  importAddress: Guid(9ae60703950c14a428432aa19ba5feaa) Importer(2089858483,b0f066a214c2f5e87bad3c948f4d605d)
Start importing Assets/Modern tiles_Free/Interiors_free/32x32/Interiors_free_32x32_163.asset using Guid(9ae60703950c14a428432aa19ba5feaa) Importer(2089858483,b0f066a214c2f5e87bad3c948f4d605d) (ScriptedImporter) -> (Import Result ID: '9e9339bd2ec517fc0cea36f7f67eb754') in 0.0093081 seconds [static and dynamic dependencies]. Details - ImportResultOutputID=8f17fdb185b9024e100134107afe7d72 DependenciesID=2f3f6d235ae87f3dfa4b87f61fd011a1 StaticDependenciesID=0562bd1d6d20b318d9f4ad22df4ecf0e 
Number of updated asset objects reloaded before import = 0Number of asset objects unloaded after import = 2

========================================================================
Received Import Request.
  Time since last request: 0.000015 seconds.
  path: Assets/Modern tiles_Free/Interiors_free/32x32/Interiors_free_32x32_549.asset
  importAddress: Guid(368882597de26ef43bc9440e4e2ece47) Importer(2089858483,b0f066a214c2f5e87bad3c948f4d605d)
Start importing Assets/Modern tiles_Free/Interiors_free/32x32/Interiors_free_32x32_549.asset using Guid(368882597de26ef43bc9440e4e2ece47) Importer(2089858483,b0f066a214c2f5e87bad3c948f4d605d) (ScriptedImporter) -> (Import Result ID: 'c9961666083722a7d0310d1037f6b54a') in 0.008252 seconds [static and dynamic dependencies]. Details - ImportResultOutputID=345397ed85eed0c889ef9c2f631eb34a DependenciesID=9fc0200e7b76a74ee7de79b1e4c67690 StaticDependenciesID=bcc7c6409fbfd5fe959e413192454ebc 
Number of updated asset objects reloaded before import = 0Number of asset objects unloaded after import = 2

========================================================================
Received Import Request.
  Time since last request: 0.000016 seconds.
  path: Assets/Modern tiles_Free/Interiors_free/32x32/Interiors_free_32x32_914.asset
  importAddress: Guid(7e875fce99cb6a34baee1a7bb4b28968) Importer(2089858483,b0f066a214c2f5e87bad3c948f4d605d)
Start importing Assets/Modern tiles_Free/Interiors_free/32x32/Interiors_free_32x32_914.asset using Guid(7e875fce99cb6a34baee1a7bb4b28968) Importer(2089858483,b0f066a214c2f5e87bad3c948f4d605d) (ScriptedImporter) -> (Import Result ID: '33e3230f65470c7ad0b5813a978169f3') in 0.0093616 seconds [static and dynamic dependencies]. Details - ImportResultOutputID=ef42db56f397fd60a832b1206d9e14fd DependenciesID=629d251c2c100fb3b18560754d0ae31a StaticDependenciesID=c82cb63dfd51a36d4f426fc9a6734141 
Number of updated asset objects reloaded before import = 0Number of asset objects unloaded after import = 2

========================================================================
Received Import Request.
  Time since last request: 0.000016 seconds.
  path: Assets/Modern tiles_Free/Interiors_free/32x32/Interiors_free_32x32_858.asset
  importAddress: Guid(15fdc009920823949a43ad632100de5e) Importer(2089858483,b0f066a214c2f5e87bad3c948f4d605d)
Start importing Assets/Modern tiles_Free/Interiors_free/32x32/Interiors_free_32x32_858.asset using Guid(15fdc009920823949a43ad632100de5e) Importer(2089858483,b0f066a214c2f5e87bad3c948f4d605d) (ScriptedImporter) -> (Import Result ID: 'ab3fef635a9e4499e1888fe8844223f9') in 0.0083691 seconds [static and dynamic dependencies]. Details - ImportResultOutputID=0f7684647b087163d6e6b61b67cf8374 DependenciesID=37dfa2b013b36f100248219db6e33810 StaticDependenciesID=e58e712bfa8f3d579139810c83258107 
Number of updated asset objects reloaded before import = 0Number of asset objects unloaded after import = 2

========================================================================
Received Import Request.
  Time since last request: 0.000017 seconds.
  path: Assets/Modern tiles_Free/Interiors_free/32x32/Interiors_free_32x32_427.asset
  importAddress: Guid(c9ba29918e61cef41881e02ea8e70cc5) Importer(2089858483,b0f066a214c2f5e87bad3c948f4d605d)
Start importing Assets/Modern tiles_Free/Interiors_free/32x32/Interiors_free_32x32_427.asset using Guid(c9ba29918e61cef41881e02ea8e70cc5) Importer(2089858483,b0f066a214c2f5e87bad3c948f4d605d) (ScriptedImporter) -> (Import Result ID: '2f654d6f5eaeda7f89233c8bfad57631') in 0.0084829 seconds [static and dynamic dependencies]. Details - ImportResultOutputID=1f6ce505b91241188ac73f26db9bf53f DependenciesID=299af43d1154c702b8a6ec7c6b455db0 StaticDependenciesID=a3f6a643449e9503d4e4b5145b45bb96 
Number of updated asset objects reloaded before import = 0Number of asset objects unloaded after import = 2

========================================================================
Received Import Request.
  Time since last request: 0.000016 seconds.
  path: Assets/Modern tiles_Free/Interiors_free/32x32/Interiors_free_32x32_1097.asset
  importAddress: Guid(2b85dcfcc95275d4fbad55c4a5e633c9) Importer(2089858483,b0f066a214c2f5e87bad3c948f4d605d)
Start importing Assets/Modern tiles_Free/Interiors_free/32x32/Interiors_free_32x32_1097.asset using Guid(2b85dcfcc95275d4fbad55c4a5e633c9) Importer(2089858483,b0f066a214c2f5e87bad3c948f4d605d) (ScriptedImporter) -> (Import Result ID: '7d4483093c5cbfb25d17ccc2100def2b') in 0.0089777 seconds [static and dynamic dependencies]. Details - ImportResultOutputID=9713b68f9070b616820f99664180a817 DependenciesID=29d21ce3b8f280d2f37067a2eed9b1c7 StaticDependenciesID=5cbb06f91b6b1ca81049a00b816f80c6 
Number of updated asset objects reloaded before import = 0Number of asset objects unloaded after import = 2

========================================================================
Received Import Request.
  Time since last request: 0.000019 seconds.
  path: Assets/Modern tiles_Free/Interiors_free/32x32/Interiors_free_32x32_1067.asset
  importAddress: Guid(bf08b93fc26b6e1409538e6dd0164c25) Importer(2089858483,b0f066a214c2f5e87bad3c948f4d605d)
Start importing Assets/Modern tiles_Free/Interiors_free/32x32/Interiors_free_32x32_1067.asset using Guid(bf08b93fc26b6e1409538e6dd0164c25) Importer(2089858483,b0f066a214c2f5e87bad3c948f4d605d) (ScriptedImporter) -> (Import Result ID: 'a153499031a29e3cd622d8e39abcb4ac') in 0.0092316 seconds [static and dynamic dependencies]. Details - ImportResultOutputID=bd75bf3c787009294b03b82bb1e46787 DependenciesID=d5080af483ad4a1941faaef88a8249aa StaticDependenciesID=1c443f3ea80ea0901c0a9c3a27928594 
Number of updated asset objects reloaded before import = 0Number of asset objects unloaded after import = 2

========================================================================
Received Import Request.
  Time since last request: 0.000015 seconds.
  path: Assets/Modern tiles_Free/Interiors_free/32x32/Interiors_free_32x32_146.asset
  importAddress: Guid(18c65ed702fce1f49a348f60eed97cd0) Importer(2089858483,b0f066a214c2f5e87bad3c948f4d605d)
Start importing Assets/Modern tiles_Free/Interiors_free/32x32/Interiors_free_32x32_146.asset using Guid(18c65ed702fce1f49a348f60eed97cd0) Importer(2089858483,b0f066a214c2f5e87bad3c948f4d605d) (ScriptedImporter) -> (Import Result ID: '3e2e807245e86a275934e7d6508b5471') in 0.009892 seconds [static and dynamic dependencies]. Details - ImportResultOutputID=309af31c4353fdfd1224cb918fbf2dff DependenciesID=aa69525cd7de61c1227530dbe5c9a23a StaticDependenciesID=7588cc4e163e7d1f2acefbeafee06c7a 
Number of updated asset objects reloaded before import = 0Number of asset objects unloaded after import = 2

========================================================================
Received Import Request.
  Time since last request: 0.004133 seconds.
  path: Assets/Modern tiles_Free/Interiors_free/32x32/Interiors_free_32x32_104.asset
  importAddress: Guid(3f2cb07215199d145bfca775e86e6a40) Importer(2089858483,b0f066a214c2f5e87bad3c948f4d605d)
Start importing Assets/Modern tiles_Free/Interiors_free/32x32/Interiors_free_32x32_104.asset using Guid(3f2cb07215199d145bfca775e86e6a40) Importer(2089858483,b0f066a214c2f5e87bad3c948f4d605d) (ScriptedImporter) -> (Import Result ID: '5b5bed86596ce8c26ddddd3503fba440') in 0.007645 seconds [static and dynamic dependencies]. Details - ImportResultOutputID=e3180abef5518748b7ba0a2ce7fb1b16 DependenciesID=97d60dc542372f6d361798aa32adf1a2 StaticDependenciesID=57581e4345bef90a9b01b5debf53eac6 
Number of updated asset objects reloaded before import = 0Number of asset objects unloaded after import = 2

========================================================================
Received Import Request.
  Time since last request: 0.000022 seconds.
  path: Assets/Modern tiles_Free/Interiors_free/32x32/Interiors_free_32x32_892.asset
  importAddress: Guid(bd77490a14df6774f84c865a4317d07f) Importer(2089858483,b0f066a214c2f5e87bad3c948f4d605d)
Start importing Assets/Modern tiles_Free/Interiors_free/32x32/Interiors_free_32x32_892.asset using Guid(bd77490a14df6774f84c865a4317d07f) Importer(2089858483,b0f066a214c2f5e87bad3c948f4d605d) (ScriptedImporter) -> (Import Result ID: '0f1a2f4c97c119cedd19933362e03e1b') in 0.0115771 seconds [static and dynamic dependencies]. Details - ImportResultOutputID=0a7691b24c6dce1f44f75b923657bb0a DependenciesID=0e03fb3f1260aa4b7d3c89783b0fb76f StaticDependenciesID=d44206a8fc05a113f45f768a0538dcc2 
Number of updated asset objects reloaded before import = 0Number of asset objects unloaded after import = 2

========================================================================
Received Import Request.
  Time since last request: 0.000017 seconds.
  path: Assets/Modern tiles_Free/Interiors_free/32x32/Interiors_free_32x32_1104.asset
  importAddress: Guid(9c5ceb8951acb564f96ba7622f8eee2a) Importer(2089858483,b0f066a214c2f5e87bad3c948f4d605d)
Start importing Assets/Modern tiles_Free/Interiors_free/32x32/Interiors_free_32x32_1104.asset using Guid(9c5ceb8951acb564f96ba7622f8eee2a) Importer(2089858483,b0f066a214c2f5e87bad3c948f4d605d) (ScriptedImporter) -> (Import Result ID: '4148214460732e4d0791102808fd5948') in 0.0088862 seconds [static and dynamic dependencies]. Details - ImportResultOutputID=7d0bac13b05bb2a7df66a360aee28969 DependenciesID=dace071ac428362f61e87f54be167745 StaticDependenciesID=14268db617207ec0eba92645fda6d3d6 
Number of updated asset objects reloaded before import = 0Number of asset objects unloaded after import = 2

========================================================================
Received Import Request.
  Time since last request: 0.000024 seconds.
  path: Assets/Modern tiles_Free/Interiors_free/32x32/Interiors_free_32x32_661.asset
  importAddress: Guid(78f050b9fad09dd4d82b89fa1961b784) Importer(2089858483,b0f066a214c2f5e87bad3c948f4d605d)
Start importing Assets/Modern tiles_Free/Interiors_free/32x32/Interiors_free_32x32_661.asset using Guid(78f050b9fad09dd4d82b89fa1961b784) Importer(2089858483,b0f066a214c2f5e87bad3c948f4d605d) (ScriptedImporter) -> (Import Result ID: '3b1427115049d62f0717bc8b2923446f') in 0.0085113 seconds [static and dynamic dependencies]. Details - ImportResultOutputID=9c7a1667232042875345dee0eb2f4e94 DependenciesID=1238c2816a00b3330ac63016a92808a1 StaticDependenciesID=78961d471727d78a3f12ba70995013d0 
Number of updated asset objects reloaded before import = 0Number of asset objects unloaded after import = 2

========================================================================
Received Import Request.
  Time since last request: 0.000023 seconds.
  path: Assets/Modern tiles_Free/Interiors_free/32x32/Interiors_free_32x32_750.asset
  importAddress: Guid(4abbc5f0dfe63294b9ce30b4f7d6e077) Importer(2089858483,b0f066a214c2f5e87bad3c948f4d605d)
Start importing Assets/Modern tiles_Free/Interiors_free/32x32/Interiors_free_32x32_750.asset using Guid(4abbc5f0dfe63294b9ce30b4f7d6e077) Importer(2089858483,b0f066a214c2f5e87bad3c948f4d605d) (ScriptedImporter) -> (Import Result ID: 'cbb48f0e458b5db65500a139c9fc704d') in 0.0090383 seconds [static and dynamic dependencies]. Details - ImportResultOutputID=932c28cc9301d54cebb54f14861d3815 DependenciesID=09d3edd31f9b067aa1b819f5805e6760 StaticDependenciesID=c99c314ee787f883f137b63c261e8e88 
Number of updated asset objects reloaded before import = 0Number of asset objects unloaded after import = 2

========================================================================
Received Import Request.
  Time since last request: 0.000016 seconds.
  path: Assets/Modern tiles_Free/Interiors_free/32x32/Interiors_free_32x32_141.asset
  importAddress: Guid(9272a6a5fc393f94da9ed5150e76bd31) Importer(2089858483,b0f066a214c2f5e87bad3c948f4d605d)
Start importing Assets/Modern tiles_Free/Interiors_free/32x32/Interiors_free_32x32_141.asset using Guid(9272a6a5fc393f94da9ed5150e76bd31) Importer(2089858483,b0f066a214c2f5e87bad3c948f4d605d) (ScriptedImporter) -> (Import Result ID: 'cfc6610c35e78f7875ccf9e64c63a12c') in 0.0086963 seconds [static and dynamic dependencies]. Details - ImportResultOutputID=ee1e48b3a36acefea24f295b687d2836 DependenciesID=04aa8724f1d1857fa3d64991f9566af0 StaticDependenciesID=ab6d7b8be2755cc6a625ad5acb39fae3 
Number of updated asset objects reloaded before import = 0Number of asset objects unloaded after import = 2

========================================================================
Received Import Request.
  Time since last request: 0.000014 seconds.
  path: Assets/Modern tiles_Free/Interiors_free/32x32/Interiors_free_32x32_1155.asset
  importAddress: Guid(9e773bbb994f1f047a263350db71f732) Importer(2089858483,b0f066a214c2f5e87bad3c948f4d605d)
Start importing Assets/Modern tiles_Free/Interiors_free/32x32/Interiors_free_32x32_1155.asset using Guid(9e773bbb994f1f047a263350db71f732) Importer(2089858483,b0f066a214c2f5e87bad3c948f4d605d) (ScriptedImporter) -> (Import Result ID: 'fac47ce8aa57bc6be5f83f1a0497be26') in 0.0086153 seconds [static and dynamic dependencies]. Details - ImportResultOutputID=91fdace19186937bed66a277075d931f DependenciesID=8682f10fc37199cd03ee79ddb03e457f StaticDependenciesID=8b69b9144b7daf1f969850b992b8cf10 
Number of updated asset objects reloaded before import = 0Number of asset objects unloaded after import = 2

========================================================================
Received Import Request.
  Time since last request: 0.000016 seconds.
  path: Assets/Modern tiles_Free/Interiors_free/32x32/Interiors_free_32x32_644.asset
  importAddress: Guid(9daaec3d7962e994da2c58091f74157a) Importer(2089858483,b0f066a214c2f5e87bad3c948f4d605d)
Start importing Assets/Modern tiles_Free/Interiors_free/32x32/Interiors_free_32x32_644.asset using Guid(9daaec3d7962e994da2c58091f74157a) Importer(2089858483,b0f066a214c2f5e87bad3c948f4d605d) (ScriptedImporter) -> (Import Result ID: 'b073c7125249d908558a6020c9bc5f4f') in 0.0094235 seconds [static and dynamic dependencies]. Details - ImportResultOutputID=d39b86598102814ca2168b917ab280b4 DependenciesID=5e861dabfc23e5bf7d97b3c5d45e63b1 StaticDependenciesID=c1f6e712a10e3103fc9265b666df2c64 
Number of updated asset objects reloaded before import = 0Number of asset objects unloaded after import = 2

========================================================================
Received Import Request.
  Time since last request: 0.000016 seconds.
  path: Assets/Modern tiles_Free/Interiors_free/32x32/Interiors_free_32x32_547.asset
  importAddress: Guid(f48c830b089cc6d428b7480ddbc714f0) Importer(2089858483,b0f066a214c2f5e87bad3c948f4d605d)
Start importing Assets/Modern tiles_Free/Interiors_free/32x32/Interiors_free_32x32_547.asset using Guid(f48c830b089cc6d428b7480ddbc714f0) Importer(2089858483,b0f066a214c2f5e87bad3c948f4d605d) (ScriptedImporter) -> (Import Result ID: '07629a33703060f121162bc9825f6577') in 0.0089018 seconds [static and dynamic dependencies]. Details - ImportResultOutputID=11397f0b379714c8f9f1d01ccc329e3f DependenciesID=385fd626086597ca7504db30278c1cdd StaticDependenciesID=7d9d1528c755b66dc0a86414687a702a 
Number of updated asset objects reloaded before import = 0Number of asset objects unloaded after import = 2

========================================================================
Received Import Request.
  Time since last request: 0.000017 seconds.
  path: Assets/Modern tiles_Free/Interiors_free/32x32/Interiors_free_32x32_745.asset
  importAddress: Guid(88c6f8940b5340746b3267255fa9c005) Importer(2089858483,b0f066a214c2f5e87bad3c948f4d605d)
Start importing Assets/Modern tiles_Free/Interiors_free/32x32/Interiors_free_32x32_745.asset using Guid(88c6f8940b5340746b3267255fa9c005) Importer(2089858483,b0f066a214c2f5e87bad3c948f4d605d) (ScriptedImporter) -> (Import Result ID: '297c5bc7aa1b68bcc495d1aca9211a44') in 0.0091473 seconds [static and dynamic dependencies]. Details - ImportResultOutputID=f56d309339b53f40077a4a3c946cd587 DependenciesID=e1f597f53bf9a39eda8d78d6324ba1ba StaticDependenciesID=efa4174386bddee329a7a7a3c17e2350 
Number of updated asset objects reloaded before import = 0Number of asset objects unloaded after import = 2

========================================================================
Received Import Request.
  Time since last request: 0.000014 seconds.
  path: Assets/Modern tiles_Free/Interiors_free/32x32/Interiors_free_32x32_816.asset
  importAddress: Guid(191995fb0afc72548b0f7f111b11acf5) Importer(2089858483,b0f066a214c2f5e87bad3c948f4d605d)
Start importing Assets/Modern tiles_Free/Interiors_free/32x32/Interiors_free_32x32_816.asset using Guid(191995fb0afc72548b0f7f111b11acf5) Importer(2089858483,b0f066a214c2f5e87bad3c948f4d605d) (ScriptedImporter) -> (Import Result ID: 'f861e9b84928efc5a6976ab1f46f09ad') in 0.0084356 seconds [static and dynamic dependencies]. Details - ImportResultOutputID=dd6edcfc74465586d151398a97a2a8cb DependenciesID=e34de9de7d7f871b70067beafc4d00d3 StaticDependenciesID=d7cc411c796610915edf47bd110d7227 
Number of updated asset objects reloaded before import = 0Number of asset objects unloaded after import = 2

========================================================================
Received Import Request.
  Time since last request: 0.000015 seconds.
  path: Assets/Modern tiles_Free/Interiors_free/32x32/Interiors_free_32x32_535.asset
  importAddress: Guid(f5ba5c8fa44dbe4468b996279fe6f7ec) Importer(2089858483,b0f066a214c2f5e87bad3c948f4d605d)
Start importing Assets/Modern tiles_Free/Interiors_free/32x32/Interiors_free_32x32_535.asset using Guid(f5ba5c8fa44dbe4468b996279fe6f7ec) Importer(2089858483,b0f066a214c2f5e87bad3c948f4d605d) (ScriptedImporter) -> (Import Result ID: '181368b465d1e33ac42770c0f49c69a0') in 0.0092496 seconds [static and dynamic dependencies]. Details - ImportResultOutputID=c6c7b56fc0a8a71d70d82540e397c4b0 DependenciesID=14051d93d227090bad8613508460083f StaticDependenciesID=43ce160266e090a7ac7077d49dca27c5 
Number of updated asset objects reloaded before import = 0Number of asset objects unloaded after import = 2

========================================================================
Received Import Request.
  Time since last request: 0.000016 seconds.
  path: Assets/Modern tiles_Free/Interiors_free/32x32/Interiors_free_32x32_13.asset
  importAddress: Guid(bf1d8fc1244586a4c9f1c35a7f060018) Importer(2089858483,b0f066a214c2f5e87bad3c948f4d605d)
Start importing Assets/Modern tiles_Free/Interiors_free/32x32/Interiors_free_32x32_13.asset using Guid(bf1d8fc1244586a4c9f1c35a7f060018) Importer(2089858483,b0f066a214c2f5e87bad3c948f4d605d) (ScriptedImporter) -> (Import Result ID: 'f73592f66c50a6dc37f7073cd2f01666') in 0.009039 seconds [static and dynamic dependencies]. Details - ImportResultOutputID=1053c3166af9b393fb3931a8c211c8ce DependenciesID=3f877d9d4f7a7ce7cec7bb4829d2fadf StaticDependenciesID=7e26a3c39599f3de22e9821429bd06a2 
Number of updated asset objects reloaded before import = 0Number of asset objects unloaded after import = 2

========================================================================
Received Import Request.
  Time since last request: 0.000023 seconds.
  path: Assets/Modern tiles_Free/Interiors_free/32x32/Interiors_free_32x32_1083.asset
  importAddress: Guid(ea2d5c0e06764d14ab4eeb0e906edc86) Importer(2089858483,b0f066a214c2f5e87bad3c948f4d605d)
Start importing Assets/Modern tiles_Free/Interiors_free/32x32/Interiors_free_32x32_1083.asset using Guid(ea2d5c0e06764d14ab4eeb0e906edc86) Importer(2089858483,b0f066a214c2f5e87bad3c948f4d605d) (ScriptedImporter) -> (Import Result ID: 'c9a592cc59dbc571ad703023c1a89fc1') in 0.0092964 seconds [static and dynamic dependencies]. Details - ImportResultOutputID=36d63ddb375b18112d6418f4f60a6e74 DependenciesID=d80ac78e6e324866492e414f8c5591c7 StaticDependenciesID=bd5c0ec40715961ccf6c032ecaab6111 
Number of updated asset objects reloaded before import = 0Number of asset objects unloaded after import = 2

========================================================================
Received Import Request.
  Time since last request: 0.000020 seconds.
  path: Assets/Modern tiles_Free/Interiors_free/32x32/Interiors_free_32x32_923.asset
  importAddress: Guid(52942a60c0416874ebed18838025465d) Importer(2089858483,b0f066a214c2f5e87bad3c948f4d605d)
Start importing Assets/Modern tiles_Free/Interiors_free/32x32/Interiors_free_32x32_923.asset using Guid(52942a60c0416874ebed18838025465d) Importer(2089858483,b0f066a214c2f5e87bad3c948f4d605d) (ScriptedImporter) -> (Import Result ID: '9cd961b145e9e4289eaa1de28b250ba9') in 0.0085349 seconds [static and dynamic dependencies]. Details - ImportResultOutputID=c7e8cb6cd73ab2b9250b98ac019a932a DependenciesID=000c82e13d6a5524750526cb2f83ff4b StaticDependenciesID=3574524cccd13089b1c807f401e0a8a9 
Number of updated asset objects reloaded before import = 0Number of asset objects unloaded after import = 2

========================================================================
Received Import Request.
  Time since last request: 0.000019 seconds.
  path: Assets/Modern tiles_Free/Interiors_free/32x32/Interiors_free_32x32_747.asset
  importAddress: Guid(328761fd0089a464192d7c6efa1b1183) Importer(2089858483,b0f066a214c2f5e87bad3c948f4d605d)
Start importing Assets/Modern tiles_Free/Interiors_free/32x32/Interiors_free_32x32_747.asset using Guid(328761fd0089a464192d7c6efa1b1183) Importer(2089858483,b0f066a214c2f5e87bad3c948f4d605d) (ScriptedImporter) -> (Import Result ID: 'a045db3a7038820c753444788cbe4021') in 0.009164 seconds [static and dynamic dependencies]. Details - ImportResultOutputID=8beb3571bdcd7703672a987af175e232 DependenciesID=176947fa5b594e17e678c027324f9011 StaticDependenciesID=655ca5bada35b3b3ae75e67f1c9aabe9 
Number of updated asset objects reloaded before import = 0Number of asset objects unloaded after import = 2

========================================================================
Received Import Request.
  Time since last request: 0.000016 seconds.
  path: Assets/Modern tiles_Free/Interiors_free/32x32/Interiors_free_32x32_880.asset
  importAddress: Guid(adf22661854499248bc23aa023c43c3e) Importer(2089858483,b0f066a214c2f5e87bad3c948f4d605d)
Start importing Assets/Modern tiles_Free/Interiors_free/32x32/Interiors_free_32x32_880.asset using Guid(adf22661854499248bc23aa023c43c3e) Importer(2089858483,b0f066a214c2f5e87bad3c948f4d605d) (ScriptedImporter) -> (Import Result ID: '60ee965088f8d8bab64a11daf5a3e552') in 0.0091039 seconds [static and dynamic dependencies]. Details - ImportResultOutputID=af46a748dbe07a1c7bea3c69666421c4 DependenciesID=f72079bbdd695e61167067f85d60decd StaticDependenciesID=82afdc226a3e82f7a5bdb203a34605b3 
Number of updated asset objects reloaded before import = 0Number of asset objects unloaded after import = 2

========================================================================
Received Import Request.
  Time since last request: 0.000016 seconds.
  path: Assets/Modern tiles_Free/Interiors_free/32x32/Interiors_free_32x32_176.asset
  importAddress: Guid(38002e221701ba344954fe4c9b692f9a) Importer(2089858483,b0f066a214c2f5e87bad3c948f4d605d)
Start importing Assets/Modern tiles_Free/Interiors_free/32x32/Interiors_free_32x32_176.asset using Guid(38002e221701ba344954fe4c9b692f9a) Importer(2089858483,b0f066a214c2f5e87bad3c948f4d605d) (ScriptedImporter) -> (Import Result ID: 'f716d4d29b8025dcf64a820afe72cb2c') in 0.0091496 seconds [static and dynamic dependencies]. Details - ImportResultOutputID=41a33e4521225c7979e23d2c982853b1 DependenciesID=20c11d9401d3a24bf54bec04f539e228 StaticDependenciesID=02c7e560ec78315317ff77d3682f8d8e 
Number of updated asset objects reloaded before import = 0Number of asset objects unloaded after import = 2

========================================================================
Received Import Request.
  Time since last request: 0.000021 seconds.
  path: Assets/Modern tiles_Free/Interiors_free/32x32/Interiors_free_32x32_1033.asset
  importAddress: Guid(b056eb53cb489844799674aa17ef695a) Importer(2089858483,b0f066a214c2f5e87bad3c948f4d605d)
Start importing Assets/Modern tiles_Free/Interiors_free/32x32/Interiors_free_32x32_1033.asset using Guid(b056eb53cb489844799674aa17ef695a) Importer(2089858483,b0f066a214c2f5e87bad3c948f4d605d) (ScriptedImporter) -> (Import Result ID: '97fc7b6f717a0f690ee58df74b9a83b7') in 0.0092205 seconds [static and dynamic dependencies]. Details - ImportResultOutputID=7b0f569e9d07c680c655855783b5c8da DependenciesID=d33df2402c5065faf7980ee964586207 StaticDependenciesID=3b8139c638cee6a023480cf28975e452 
Number of updated asset objects reloaded before import = 0Number of asset objects unloaded after import = 2

========================================================================
Received Import Request.
  Time since last request: 0.000016 seconds.
  path: Assets/Modern tiles_Free/Interiors_free/32x32/Interiors_free_32x32_1145.asset
  importAddress: Guid(2ffc0ff05a68fd444b37789699a8e1cb) Importer(2089858483,b0f066a214c2f5e87bad3c948f4d605d)
Start importing Assets/Modern tiles_Free/Interiors_free/32x32/Interiors_free_32x32_1145.asset using Guid(2ffc0ff05a68fd444b37789699a8e1cb) Importer(2089858483,b0f066a214c2f5e87bad3c948f4d605d) (ScriptedImporter) -> (Import Result ID: '09e9120fc41686a467c334cb7a8ca96c') in 0.0087793 seconds [static and dynamic dependencies]. Details - ImportResultOutputID=4bcf0c395e350f67ade95ab170de981b DependenciesID=b84b5653bb786102fbc044aa3625e429 StaticDependenciesID=096797ffb4b8fd90b96cf4a91cd67381 
Number of updated asset objects reloaded before import = 0Number of asset objects unloaded after import = 2

========================================================================
Received Import Request.
  Time since last request: 0.000021 seconds.
  path: Assets/Modern tiles_Free/Interiors_free/32x32/Interiors_free_32x32_579.asset
  importAddress: Guid(b272f77772194714cb905135167ba10a) Importer(2089858483,b0f066a214c2f5e87bad3c948f4d605d)
Start importing Assets/Modern tiles_Free/Interiors_free/32x32/Interiors_free_32x32_579.asset using Guid(b272f77772194714cb905135167ba10a) Importer(2089858483,b0f066a214c2f5e87bad3c948f4d605d) (ScriptedImporter) -> (Import Result ID: 'ab69bab69d3a5d872e32b29ce0a5b34c') in 0.0089478 seconds [static and dynamic dependencies]. Details - ImportResultOutputID=4e457be49c77a6197472f8ee6f56b0fa DependenciesID=1962bd7e67bbd42b76b126de314783c3 StaticDependenciesID=d55143bc75744e76a58c48c720bb7fab 
Number of updated asset objects reloaded before import = 0Number of asset objects unloaded after import = 2

========================================================================
Received Import Request.
  Time since last request: 0.000016 seconds.
  path: Assets/Modern tiles_Free/Interiors_free/32x32/Interiors_free_32x32_26.asset
  importAddress: Guid(4b43b13ccc46424499ec4a403560a961) Importer(2089858483,b0f066a214c2f5e87bad3c948f4d605d)
Start importing Assets/Modern tiles_Free/Interiors_free/32x32/Interiors_free_32x32_26.asset using Guid(4b43b13ccc46424499ec4a403560a961) Importer(2089858483,b0f066a214c2f5e87bad3c948f4d605d) (ScriptedImporter) -> (Import Result ID: 'fb3038665e78c2645f14d07aadae046d') in 0.009302 seconds [static and dynamic dependencies]. Details - ImportResultOutputID=c09b3252c5dc3531c12f2d6a9bfd745c DependenciesID=c02a153da51134e6d48e44e8dd6c96f1 StaticDependenciesID=961b70943d4a70c2aaa6c64599368040 
Number of updated asset objects reloaded before import = 0Number of asset objects unloaded after import = 2

========================================================================
Received Import Request.
  Time since last request: 0.000015 seconds.
  path: Assets/Modern tiles_Free/Interiors_free/32x32/Interiors_free_32x32_802.asset
  importAddress: Guid(023d23ef7185a794e8b71040227b9e84) Importer(2089858483,b0f066a214c2f5e87bad3c948f4d605d)
Start importing Assets/Modern tiles_Free/Interiors_free/32x32/Interiors_free_32x32_802.asset using Guid(023d23ef7185a794e8b71040227b9e84) Importer(2089858483,b0f066a214c2f5e87bad3c948f4d605d) (ScriptedImporter) -> (Import Result ID: '1d1a62fbbf7d0e7090568eee1da5ddd0') in 0.0090335 seconds [static and dynamic dependencies]. Details - ImportResultOutputID=de188eafe2fc244ffe5cdd8bf9629a88 DependenciesID=0067e5b691716369a06b2fff57716d06 StaticDependenciesID=7f8fc8f3c42e7dfccdd9ca2f8353078c 
Number of updated asset objects reloaded before import = 0Number of asset objects unloaded after import = 2

========================================================================
Received Import Request.
  Time since last request: 0.000013 seconds.
  path: Assets/Modern tiles_Free/Interiors_free/32x32/Interiors_free_32x32_14.asset
  importAddress: Guid(260cf07fa41542b4d852284b541744c7) Importer(2089858483,b0f066a214c2f5e87bad3c948f4d605d)
Start importing Assets/Modern tiles_Free/Interiors_free/32x32/Interiors_free_32x32_14.asset using Guid(260cf07fa41542b4d852284b541744c7) Importer(2089858483,b0f066a214c2f5e87bad3c948f4d605d) (ScriptedImporter) -> (Import Result ID: 'bfea1a20b39e760bc272c5efef0ad072') in 0.0088132 seconds [static and dynamic dependencies]. Details - ImportResultOutputID=e8ca575bc72815d998af24584b28ef4a DependenciesID=c8ed9bd73e9162de7a29731f63a37fb0 StaticDependenciesID=1ab6eb107bed7524512ff8eb52700af6 
Number of updated asset objects reloaded before import = 0Number of asset objects unloaded after import = 2

========================================================================
Received Import Request.
  Time since last request: 0.000016 seconds.
  path: Assets/Modern tiles_Free/Interiors_free/32x32/Interiors_free_32x32_232.asset
  importAddress: Guid(88eec7b60c5045e478ebbeb044ee768f) Importer(2089858483,b0f066a214c2f5e87bad3c948f4d605d)
Start importing Assets/Modern tiles_Free/Interiors_free/32x32/Interiors_free_32x32_232.asset using Guid(88eec7b60c5045e478ebbeb044ee768f) Importer(2089858483,b0f066a214c2f5e87bad3c948f4d605d) (ScriptedImporter) -> (Import Result ID: '7cfe206c0fe0a263471714235fdd5faa') in 0.0090259 seconds [static and dynamic dependencies]. Details - ImportResultOutputID=05b6de53cef1cf7bc6fbd264f826544b DependenciesID=0e874b8e05ab5549e3a8b3f81dc7d582 StaticDependenciesID=606275281bf5815d3df9898f317f7d38 
Number of updated asset objects reloaded before import = 0Number of asset objects unloaded after import = 2

========================================================================
Received Import Request.
  Time since last request: 0.000017 seconds.
  path: Assets/Modern tiles_Free/Interiors_free/32x32/Interiors_free_32x32_1006.asset
  importAddress: Guid(c2ea80fcaab9fd2439adfcfa3acc85ad) Importer(2089858483,b0f066a214c2f5e87bad3c948f4d605d)
Start importing Assets/Modern tiles_Free/Interiors_free/32x32/Interiors_free_32x32_1006.asset using Guid(c2ea80fcaab9fd2439adfcfa3acc85ad) Importer(2089858483,b0f066a214c2f5e87bad3c948f4d605d) (ScriptedImporter) -> (Import Result ID: 'eb2cf3186968b8435ae7a424db384434') in 0.008705 seconds [static and dynamic dependencies]. Details - ImportResultOutputID=369c3b3e6d29b2a6277093401a972149 DependenciesID=3d523e5bb4026d7f7933e2b44da11320 StaticDependenciesID=706b66a3ed00b7a1ccc750d6aa4905ef 
Number of updated asset objects reloaded before import = 0Number of asset objects unloaded after import = 2

========================================================================
Received Import Request.
  Time since last request: 0.000020 seconds.
  path: Assets/Modern tiles_Free/Interiors_free/32x32/Interiors_free_32x32_463.asset
  importAddress: Guid(a06a5ce0c3dbe24478904899ebae4687) Importer(2089858483,b0f066a214c2f5e87bad3c948f4d605d)
Start importing Assets/Modern tiles_Free/Interiors_free/32x32/Interiors_free_32x32_463.asset using Guid(a06a5ce0c3dbe24478904899ebae4687) Importer(2089858483,b0f066a214c2f5e87bad3c948f4d605d) (ScriptedImporter) -> (Import Result ID: '61a749c5e92e096c93a2efaeac9ccc12') in 0.0089376 seconds [static and dynamic dependencies]. Details - ImportResultOutputID=c3edb77009924f473de061ea86f5dd67 DependenciesID=cec636d338573fe1858c430742d6550d StaticDependenciesID=634f6a4925fd8dea32975a2b45be5449 
Number of updated asset objects reloaded before import = 0Number of asset objects unloaded after import = 2

========================================================================
Received Import Request.
  Time since last request: 0.000022 seconds.
  path: Assets/Modern tiles_Free/Interiors_free/32x32/Interiors_free_32x32_269.asset
  importAddress: Guid(eeb2d63899369fa44bff4a08c4ac9d29) Importer(2089858483,b0f066a214c2f5e87bad3c948f4d605d)
Start importing Assets/Modern tiles_Free/Interiors_free/32x32/Interiors_free_32x32_269.asset using Guid(eeb2d63899369fa44bff4a08c4ac9d29) Importer(2089858483,b0f066a214c2f5e87bad3c948f4d605d) (ScriptedImporter) -> (Import Result ID: '69c554ecce7e77ff47fdbee09e384019') in 0.0084526 seconds [static and dynamic dependencies]. Details - ImportResultOutputID=c80ee9c499624639d44afc1a5d7d8d49 DependenciesID=3bba6f9cce9f36a5f4cd12adac079131 StaticDependenciesID=e3e74438dd36795985d8ebe077b4bcc0 
Number of updated asset objects reloaded before import = 0Number of asset objects unloaded after import = 2

========================================================================
Received Import Request.
  Time since last request: 0.000020 seconds.
  path: Assets/Modern tiles_Free/Interiors_free/32x32/Interiors_free_32x32_30.asset
  importAddress: Guid(10a66bac34e3d1d4f87182cffbdc1018) Importer(2089858483,b0f066a214c2f5e87bad3c948f4d605d)
Start importing Assets/Modern tiles_Free/Interiors_free/32x32/Interiors_free_32x32_30.asset using Guid(10a66bac34e3d1d4f87182cffbdc1018) Importer(2089858483,b0f066a214c2f5e87bad3c948f4d605d) (ScriptedImporter) -> (Import Result ID: '5b9bbb56d33f254f26b6248e64afbd7d') in 0.0093078 seconds [static and dynamic dependencies]. Details - ImportResultOutputID=cfba964eb59701a169a07b4db4611a0f DependenciesID=aa444e7c08f683e7784e5e85c0f833c0 StaticDependenciesID=1b9619b3e64b4affd145f626dc8780cc 
Number of updated asset objects reloaded before import = 0Number of asset objects unloaded after import = 2

========================================================================
Received Import Request.
  Time since last request: 0.000015 seconds.
  path: Assets/Modern tiles_Free/Interiors_free/32x32/Interiors_free_32x32_669.asset
  importAddress: Guid(becc1a05f8670a74fa8dd77c1a3eb833) Importer(2089858483,b0f066a214c2f5e87bad3c948f4d605d)
Start importing Assets/Modern tiles_Free/Interiors_free/32x32/Interiors_free_32x32_669.asset using Guid(becc1a05f8670a74fa8dd77c1a3eb833) Importer(2089858483,b0f066a214c2f5e87bad3c948f4d605d) (ScriptedImporter) -> (Import Result ID: 'f66bf254d013d003ee3614a0b3ac1fc1') in 0.0086806 seconds [static and dynamic dependencies]. Details - ImportResultOutputID=8acfe29f1677e6e1802af58384631ad1 DependenciesID=24d1d2d4265328f96eb6c56598e93bf3 StaticDependenciesID=6e92e514efabd7a690e560a28c63065b 
Number of updated asset objects reloaded before import = 0Number of asset objects unloaded after import = 2

========================================================================
Received Import Request.
  Time since last request: 0.000015 seconds.
  path: Assets/Modern tiles_Free/Interiors_free/32x32/Interiors_free_32x32_847.asset
  importAddress: Guid(07d0d89530feb0b418dc9d636b9f263b) Importer(2089858483,b0f066a214c2f5e87bad3c948f4d605d)
Start importing Assets/Modern tiles_Free/Interiors_free/32x32/Interiors_free_32x32_847.asset using Guid(07d0d89530feb0b418dc9d636b9f263b) Importer(2089858483,b0f066a214c2f5e87bad3c948f4d605d) (ScriptedImporter) -> (Import Result ID: '228d609a8136fd358dd50b25c2cf975d') in 0.009351 seconds [static and dynamic dependencies]. Details - ImportResultOutputID=1a5a05f203192770298c14707a953208 DependenciesID=3a5b2dedfd154d3e646efe97107b2770 StaticDependenciesID=39dfe17786a1f1851ead8356b62371ce 
Number of updated asset objects reloaded before import = 0Number of asset objects unloaded after import = 2

========================================================================
Received Import Request.
  Time since last request: 0.000015 seconds.
  path: Assets/Modern tiles_Free/Interiors_free/32x32/Interiors_free_32x32_639.asset
  importAddress: Guid(3f60ae18aaf51264f938fd4ee71ed252) Importer(2089858483,b0f066a214c2f5e87bad3c948f4d605d)
Start importing Assets/Modern tiles_Free/Interiors_free/32x32/Interiors_free_32x32_639.asset using Guid(3f60ae18aaf51264f938fd4ee71ed252) Importer(2089858483,b0f066a214c2f5e87bad3c948f4d605d) (ScriptedImporter) -> (Import Result ID: 'bf01e5c0a2d1f3c27291819115c361d4') in 0.0086733 seconds [static and dynamic dependencies]. Details - ImportResultOutputID=4b3630e1de81c8963ecc6f3d13c2380c DependenciesID=555d664b2bfe071a02b808d3b11eebb4 StaticDependenciesID=e899cac07453258ae1e25179def00107 
Number of updated asset objects reloaded before import = 0Number of asset objects unloaded after import = 2

========================================================================
Received Import Request.
  Time since last request: 0.000020 seconds.
  path: Assets/Modern tiles_Free/Interiors_free/32x32/Interiors_free_32x32_3.asset
  importAddress: Guid(1293ee7be42e679488b54fb9bd223121) Importer(2089858483,b0f066a214c2f5e87bad3c948f4d605d)
Start importing Assets/Modern tiles_Free/Interiors_free/32x32/Interiors_free_32x32_3.asset using Guid(1293ee7be42e679488b54fb9bd223121) Importer(2089858483,b0f066a214c2f5e87bad3c948f4d605d) (ScriptedImporter) -> (Import Result ID: '9f35b45208a13af4781d4b6d704481ff') in 0.0092886 seconds [static and dynamic dependencies]. Details - ImportResultOutputID=3d2a3bfed1d4812c7ddf3cc349b677f0 DependenciesID=1ae8fdeaa01ef76fa42e3c4aec35b4a4 StaticDependenciesID=d71903edd23ceef9fdde8891eff68aec 
Number of updated asset objects reloaded before import = 0Number of asset objects unloaded after import = 2

========================================================================
Received Import Request.
  Time since last request: 0.000014 seconds.
  path: Assets/Modern tiles_Free/Interiors_free/32x32/Interiors_free_32x32_516.asset
  importAddress: Guid(764a0eafe79e27745b17e4ca23c30d16) Importer(2089858483,b0f066a214c2f5e87bad3c948f4d605d)
Start importing Assets/Modern tiles_Free/Interiors_free/32x32/Interiors_free_32x32_516.asset using Guid(764a0eafe79e27745b17e4ca23c30d16) Importer(2089858483,b0f066a214c2f5e87bad3c948f4d605d) (ScriptedImporter) -> (Import Result ID: '5373e841bc7a35b3fe845b9f4ec0e5a4') in 0.008911 seconds [static and dynamic dependencies]. Details - ImportResultOutputID=2d30ad360800a4060bf02d6157f7113b DependenciesID=c60e8fbabc599e7edf4feedf0353636f StaticDependenciesID=52f9bafbadc24b754871d54ed215a9ab 
Number of updated asset objects reloaded before import = 0Number of asset objects unloaded after import = 2

========================================================================
Received Import Request.
  Time since last request: 0.000014 seconds.
  path: Assets/Modern tiles_Free/Interiors_free/32x32/Interiors_free_32x32_410.asset
  importAddress: Guid(048fd799c98e45b4192edd6ac67bb139) Importer(2089858483,b0f066a214c2f5e87bad3c948f4d605d)
Start importing Assets/Modern tiles_Free/Interiors_free/32x32/Interiors_free_32x32_410.asset using Guid(048fd799c98e45b4192edd6ac67bb139) Importer(2089858483,b0f066a214c2f5e87bad3c948f4d605d) (ScriptedImporter) -> (Import Result ID: '5b98e6156c220129e69ae9648fef9cf9') in 0.0095346 seconds [static and dynamic dependencies]. Details - ImportResultOutputID=100b7bbe484ec883fc6e13e57389607f DependenciesID=520f6605ad52c063df7edc4ba43de0ed StaticDependenciesID=363c8de4d269a6ada6bd353abecca56f 
Number of updated asset objects reloaded before import = 0Number of asset objects unloaded after import = 2

========================================================================
Received Import Request.
  Time since last request: 0.000017 seconds.
  path: Assets/Modern tiles_Free/Interiors_free/32x32/Interiors_free_32x32_177.asset
  importAddress: Guid(ddc43ddf1b551fd49a4c109318c7b986) Importer(2089858483,b0f066a214c2f5e87bad3c948f4d605d)
Start importing Assets/Modern tiles_Free/Interiors_free/32x32/Interiors_free_32x32_177.asset using Guid(ddc43ddf1b551fd49a4c109318c7b986) Importer(2089858483,b0f066a214c2f5e87bad3c948f4d605d) (ScriptedImporter) -> (Import Result ID: '63291ef176f6c59274a2e075aa774349') in 0.0087473 seconds [static and dynamic dependencies]. Details - ImportResultOutputID=ae87ab24633c9a482888c2e130dd8114 DependenciesID=aaf0d2758f03dde80053cd907951bfc3 StaticDependenciesID=4b0e17a46a39ad6d3c1d3d44a41e5a24 
Number of updated asset objects reloaded before import = 0Number of asset objects unloaded after import = 2

========================================================================
Received Import Request.
  Time since last request: 0.000018 seconds.
  path: Assets/Modern tiles_Free/Interiors_free/32x32/Interiors_free_32x32_824.asset
  importAddress: Guid(deade0a1789348241a390056a7f0e5ff) Importer(2089858483,b0f066a214c2f5e87bad3c948f4d605d)
Start importing Assets/Modern tiles_Free/Interiors_free/32x32/Interiors_free_32x32_824.asset using Guid(deade0a1789348241a390056a7f0e5ff) Importer(2089858483,b0f066a214c2f5e87bad3c948f4d605d) (ScriptedImporter) -> (Import Result ID: 'f617bf68bf9c58c21e923a968c1da44b') in 0.0110027 seconds [static and dynamic dependencies]. Details - ImportResultOutputID=8104f40211f80065752634b4d32e3d96 DependenciesID=3999d51b9a8a3a119fa3c423dd8a35d4 StaticDependenciesID=2b32b7c3e1dbb7a03bf84b3ae07a6f5b 
Number of updated asset objects reloaded before import = 0Number of asset objects unloaded after import = 2

========================================================================
Received Import Request.
  Time since last request: 0.000016 seconds.
  path: Assets/Modern tiles_Free/Interiors_free/32x32/Interiors_free_32x32_478.asset
  importAddress: Guid(cb83be0171a34164ea0a72c68a030326) Importer(2089858483,b0f066a214c2f5e87bad3c948f4d605d)
Start importing Assets/Modern tiles_Free/Interiors_free/32x32/Interiors_free_32x32_478.asset using Guid(cb83be0171a34164ea0a72c68a030326) Importer(2089858483,b0f066a214c2f5e87bad3c948f4d605d) (ScriptedImporter) -> (Import Result ID: '92763c4332594618c2790ef2be8d96da') in 0.0072697 seconds [static and dynamic dependencies]. Details - ImportResultOutputID=52581c582ee1159bbb1898766bcf759c DependenciesID=8e8a2524482fe06b622daa4708cd6db1 StaticDependenciesID=48ca986a23623fe2023db1967dd84f5c 
Number of updated asset objects reloaded before import = 0Number of asset objects unloaded after import = 2

========================================================================
Received Import Request.
  Time since last request: 0.000017 seconds.
  path: Assets/Modern tiles_Free/Interiors_free/32x32/Interiors_free_32x32_1226.asset
  importAddress: Guid(a2dbb862b208aac4aac58bede15aa878) Importer(2089858483,b0f066a214c2f5e87bad3c948f4d605d)
Start importing Assets/Modern tiles_Free/Interiors_free/32x32/Interiors_free_32x32_1226.asset using Guid(a2dbb862b208aac4aac58bede15aa878) Importer(2089858483,b0f066a214c2f5e87bad3c948f4d605d) (ScriptedImporter) -> (Import Result ID: '25658a2493657e18f78ae764b0f03505') in 0.008441 seconds [static and dynamic dependencies]. Details - ImportResultOutputID=61f7bc446cb6eb98eb2c360c4a4d9fdd DependenciesID=daf53927346de23ca843bbb9cfc29e18 StaticDependenciesID=b5ea35d8303ce97a3b29a2d5210ea88c 
Number of updated asset objects reloaded before import = 0Number of asset objects unloaded after import = 2

========================================================================
Received Import Request.
  Time since last request: 0.000018 seconds.
  path: Assets/Modern tiles_Free/Interiors_free/32x32/Interiors_free_32x32_1047.asset
  importAddress: Guid(26f553ecb40ca684caac014a69d4e44f) Importer(2089858483,b0f066a214c2f5e87bad3c948f4d605d)
Start importing Assets/Modern tiles_Free/Interiors_free/32x32/Interiors_free_32x32_1047.asset using Guid(26f553ecb40ca684caac014a69d4e44f) Importer(2089858483,b0f066a214c2f5e87bad3c948f4d605d) (ScriptedImporter) -> (Import Result ID: 'b662ec086153164a2387ecaa38b16871') in 0.0089609 seconds [static and dynamic dependencies]. Details - ImportResultOutputID=e00505782c69a72bfa31b9349b828d50 DependenciesID=16d9c77ff57b89f84ad2f09872ecdf61 StaticDependenciesID=2cf2a51ae08166117cf62ad230256712 
Number of updated asset objects reloaded before import = 0Number of asset objects unloaded after import = 2

========================================================================
Received Import Request.
  Time since last request: 0.000017 seconds.
  path: Assets/Modern tiles_Free/Interiors_free/32x32/Interiors_free_32x32_260.asset
  importAddress: Guid(c9121b92be848de49835b15ab91229e5) Importer(2089858483,b0f066a214c2f5e87bad3c948f4d605d)
Start importing Assets/Modern tiles_Free/Interiors_free/32x32/Interiors_free_32x32_260.asset using Guid(c9121b92be848de49835b15ab91229e5) Importer(2089858483,b0f066a214c2f5e87bad3c948f4d605d) (ScriptedImporter) -> (Import Result ID: '2ded2abaa5afc0919fe7e2c594c8e716') in 0.0089008 seconds [static and dynamic dependencies]. Details - ImportResultOutputID=888a25cf9d5d3ea49baeeeb67d754f93 DependenciesID=a5b44053da40ba6c1289dfbae00971d4 StaticDependenciesID=2f604286ce57e07d7f172041afecf0f5 
Number of updated asset objects reloaded before import = 0Number of asset objects unloaded after import = 2

========================================================================
Received Import Request.
  Time since last request: 0.000016 seconds.
  path: Assets/Modern tiles_Free/Interiors_free/32x32/Interiors_free_32x32_884.asset
  importAddress: Guid(b3b7fffa3b06b4b4cb0e98c155f5ecba) Importer(2089858483,b0f066a214c2f5e87bad3c948f4d605d)
Start importing Assets/Modern tiles_Free/Interiors_free/32x32/Interiors_free_32x32_884.asset using Guid(b3b7fffa3b06b4b4cb0e98c155f5ecba) Importer(2089858483,b0f066a214c2f5e87bad3c948f4d605d) (ScriptedImporter) -> (Import Result ID: '495ea7ae80306fd98e2cb67ab9f1d014') in 0.0084705 seconds [static and dynamic dependencies]. Details - ImportResultOutputID=93e6bff6b0275e9d47873be7589b5e76 DependenciesID=05c4f32100850541d34bbfb44cd36b31 StaticDependenciesID=0391b74ce0c6a483466659c044d85355 
Number of updated asset objects reloaded before import = 0Number of asset objects unloaded after import = 2

========================================================================
Received Import Request.
  Time since last request: 0.000018 seconds.
  path: Assets/Modern tiles_Free/Interiors_free/32x32/Interiors_free_32x32_1082.asset
  importAddress: Guid(b62524179d95d92479c99af876860d49) Importer(2089858483,b0f066a214c2f5e87bad3c948f4d605d)
Start importing Assets/Modern tiles_Free/Interiors_free/32x32/Interiors_free_32x32_1082.asset using Guid(b62524179d95d92479c99af876860d49) Importer(2089858483,b0f066a214c2f5e87bad3c948f4d605d) (ScriptedImporter) -> (Import Result ID: '1f4c3b8b64bf4aab9b1f45e7929ea4ae') in 0.0089106 seconds [static and dynamic dependencies]. Details - ImportResultOutputID=903d235e06cf75a6662ebcca5e72456b DependenciesID=5da21b2bbae9d855a5ff536700500f8b StaticDependenciesID=082f37d5edda8b0a7efe5f3962f852ff 
Number of updated asset objects reloaded before import = 0Number of asset objects unloaded after import = 2

========================================================================
Received Import Request.
  Time since last request: 0.000017 seconds.
  path: Assets/Modern tiles_Free/Interiors_free/32x32/Interiors_free_32x32_810.asset
  importAddress: Guid(fa964976e74c1e348ba2cdace4783046) Importer(2089858483,b0f066a214c2f5e87bad3c948f4d605d)
Start importing Assets/Modern tiles_Free/Interiors_free/32x32/Interiors_free_32x32_810.asset using Guid(fa964976e74c1e348ba2cdace4783046) Importer(2089858483,b0f066a214c2f5e87bad3c948f4d605d) (ScriptedImporter) -> (Import Result ID: 'f818bc4f5bd14dd2da6af2b8bf5f524a') in 0.0086557 seconds [static and dynamic dependencies]. Details - ImportResultOutputID=ff47e30ede5ab696faa9f1b69fc9aee5 DependenciesID=808e785476e790b03f46a6311cb47879 StaticDependenciesID=25381a245c7c8f52fd49448b178a0091 
Number of updated asset objects reloaded before import = 0Number of asset objects unloaded after import = 2

========================================================================
Received Import Request.
  Time since last request: 0.000013 seconds.
  path: Assets/Modern tiles_Free/Interiors_free/32x32/Interiors_free_32x32_408.asset
  importAddress: Guid(e34b038bbce059a4e80ab2a41e4d71a5) Importer(2089858483,b0f066a214c2f5e87bad3c948f4d605d)
Start importing Assets/Modern tiles_Free/Interiors_free/32x32/Interiors_free_32x32_408.asset using Guid(e34b038bbce059a4e80ab2a41e4d71a5) Importer(2089858483,b0f066a214c2f5e87bad3c948f4d605d) (ScriptedImporter) -> (Import Result ID: '8600fd03220c570926f194c548d01ce1') in 0.0087703 seconds [static and dynamic dependencies]. Details - ImportResultOutputID=fceef59c24629f237949a8c48673caeb DependenciesID=284033c7e3daa251a657211dccf75694 StaticDependenciesID=485e1d202f3b7cd66771d0d8ff83bdb0 
Number of updated asset objects reloaded before import = 0Number of asset objects unloaded after import = 2

========================================================================
Received Import Request.
  Time since last request: 0.000021 seconds.
  path: Assets/Modern tiles_Free/Interiors_free/32x32/Interiors_free_32x32_377.asset
  importAddress: Guid(f39db149c40d8dd4d99a77b1bd75c498) Importer(2089858483,b0f066a214c2f5e87bad3c948f4d605d)
Start importing Assets/Modern tiles_Free/Interiors_free/32x32/Interiors_free_32x32_377.asset using Guid(f39db149c40d8dd4d99a77b1bd75c498) Importer(2089858483,b0f066a214c2f5e87bad3c948f4d605d) (ScriptedImporter) -> (Import Result ID: '3957fbdd896151a0bd812e42bdd06c03') in 0.0089994 seconds [static and dynamic dependencies]. Details - ImportResultOutputID=2d5403d155a35fdb4fcd4c2ef759bd26 DependenciesID=5fe0c03efa56269ed9a384c93cc355c5 StaticDependenciesID=98bdf7d2f2b526021957897bb8350303 
Number of updated asset objects reloaded before import = 0Number of asset objects unloaded after import = 2

========================================================================
Received Import Request.
  Time since last request: 0.000013 seconds.
  path: Assets/Modern tiles_Free/Interiors_free/32x32/Interiors_free_32x32_102.asset
  importAddress: Guid(a594b454d7be6a9408eb7c0280981f60) Importer(2089858483,b0f066a214c2f5e87bad3c948f4d605d)
Start importing Assets/Modern tiles_Free/Interiors_free/32x32/Interiors_free_32x32_102.asset using Guid(a594b454d7be6a9408eb7c0280981f60) Importer(2089858483,b0f066a214c2f5e87bad3c948f4d605d) (ScriptedImporter) -> (Import Result ID: '76a0cf52d52b8a24a0a62a57cfa14966') in 0.0087433 seconds [static and dynamic dependencies]. Details - ImportResultOutputID=940d308e7db02c7de04f5b5baa1f805a DependenciesID=27eeafecffbbb26ac32a202e0762a93c StaticDependenciesID=a6e34fa0a14480eb9d7b0f9658280f9f 
Number of updated asset objects reloaded before import = 0Number of asset objects unloaded after import = 2

========================================================================
Received Import Request.
  Time since last request: 0.000016 seconds.
  path: Assets/Modern tiles_Free/Interiors_free/32x32/Interiors_free_32x32_836.asset
  importAddress: Guid(1cac9707b8639c340b2db00ea9ec48c6) Importer(2089858483,b0f066a214c2f5e87bad3c948f4d605d)
Start importing Assets/Modern tiles_Free/Interiors_free/32x32/Interiors_free_32x32_836.asset using Guid(1cac9707b8639c340b2db00ea9ec48c6) Importer(2089858483,b0f066a214c2f5e87bad3c948f4d605d) (ScriptedImporter) -> (Import Result ID: '775c0d6e32ee4c5e07d9305897898cbd') in 0.0085039 seconds [static and dynamic dependencies]. Details - ImportResultOutputID=fe5f18c2b3620495abd50dfbcbcd381d DependenciesID=933ab52df1b9db773a4278aef27836a7 StaticDependenciesID=f67e098a92b9f350ba3d0290d9a817d5 
Number of updated asset objects reloaded before import = 0Number of asset objects unloaded after import = 2

========================================================================
Received Import Request.
  Time since last request: 0.000012 seconds.
  path: Assets/Modern tiles_Free/Interiors_free/32x32/Interiors_free_32x32_700.asset
  importAddress: Guid(e25a779f8c736a848ae43325c45c07b8) Importer(2089858483,b0f066a214c2f5e87bad3c948f4d605d)
Start importing Assets/Modern tiles_Free/Interiors_free/32x32/Interiors_free_32x32_700.asset using Guid(e25a779f8c736a848ae43325c45c07b8) Importer(2089858483,b0f066a214c2f5e87bad3c948f4d605d) (ScriptedImporter) -> (Import Result ID: 'a927b2b90f8a9e34a22ac61d38aef19c') in 0.0087561 seconds [static and dynamic dependencies]. Details - ImportResultOutputID=224297bcffd75a65a325416bbea09ce4 DependenciesID=7b6bfee0978b6cd1228d5a3b1a2cdb06 StaticDependenciesID=98c16aae6867e2a34b5da871cfbfd749 
Number of updated asset objects reloaded before import = 0Number of asset objects unloaded after import = 2

========================================================================
Received Import Request.
  Time since last request: 0.000034 seconds.
  path: Assets/Modern tiles_Free/Interiors_free/32x32/Interiors_free_32x32_555.asset
  importAddress: Guid(52b953dd94c0889418ce9490c475ce6c) Importer(2089858483,b0f066a214c2f5e87bad3c948f4d605d)
Start importing Assets/Modern tiles_Free/Interiors_free/32x32/Interiors_free_32x32_555.asset using Guid(52b953dd94c0889418ce9490c475ce6c) Importer(2089858483,b0f066a214c2f5e87bad3c948f4d605d) (ScriptedImporter) -> (Import Result ID: '0229b3142445ee597d867be9574b39df') in 0.0091269 seconds [static and dynamic dependencies]. Details - ImportResultOutputID=34997a56c87da74a13427f296ebdfac0 DependenciesID=7fe4608c7d5f51ac9c2e6aab8b75ef51 StaticDependenciesID=981af21e3726117d14b5507b4e55f4f8 
Number of updated asset objects reloaded before import = 0Number of asset objects unloaded after import = 2

========================================================================
Received Import Request.
  Time since last request: 0.000023 seconds.
  path: Assets/Modern tiles_Free/Interiors_free/32x32/Interiors_free_32x32_1206.asset
  importAddress: Guid(321bd0d64554ca34da14bb2e986b3516) Importer(2089858483,b0f066a214c2f5e87bad3c948f4d605d)
Start importing Assets/Modern tiles_Free/Interiors_free/32x32/Interiors_free_32x32_1206.asset using Guid(321bd0d64554ca34da14bb2e986b3516) Importer(2089858483,b0f066a214c2f5e87bad3c948f4d605d) (ScriptedImporter) -> (Import Result ID: '4fe8db0f25cb6bbf09786e6f96d23dee') in 0.0077579 seconds [static and dynamic dependencies]. Details - ImportResultOutputID=972b1abe5f98976a6ac5be2a9334e3a8 DependenciesID=68854f459031b4226f0d6f3f9e9e65da StaticDependenciesID=a86cafe85c28559c789e16bf07081eec 
Number of updated asset objects reloaded before import = 0Number of asset objects unloaded after import = 2

========================================================================
Received Import Request.
  Time since last request: 0.000015 seconds.
  path: Assets/Modern tiles_Free/Interiors_free/32x32/Interiors_free_32x32_354.asset
  importAddress: Guid(ea0e65fa385739d47b9c98c7c89e7c10) Importer(2089858483,b0f066a214c2f5e87bad3c948f4d605d)
Start importing Assets/Modern tiles_Free/Interiors_free/32x32/Interiors_free_32x32_354.asset using Guid(ea0e65fa385739d47b9c98c7c89e7c10) Importer(2089858483,b0f066a214c2f5e87bad3c948f4d605d) (ScriptedImporter) -> (Import Result ID: 'ccf95acace1829fc789b8727799b9c08') in 0.0089008 seconds [static and dynamic dependencies]. Details - ImportResultOutputID=8963736076b1e0873e3da37ff6ab46e1 DependenciesID=82f227d6031087d6f88a55f1405b1012 StaticDependenciesID=dbbca91d6391af9c12afa458053485aa 
Number of updated asset objects reloaded before import = 0Number of asset objects unloaded after import = 2

========================================================================
Received Import Request.
  Time since last request: 0.000021 seconds.
  path: Assets/Modern tiles_Free/Interiors_free/32x32/Interiors_free_32x32_690.asset
  importAddress: Guid(1dc484df9785434449147a3cc58dd0c1) Importer(2089858483,b0f066a214c2f5e87bad3c948f4d605d)
Start importing Assets/Modern tiles_Free/Interiors_free/32x32/Interiors_free_32x32_690.asset using Guid(1dc484df9785434449147a3cc58dd0c1) Importer(2089858483,b0f066a214c2f5e87bad3c948f4d605d) (ScriptedImporter) -> (Import Result ID: 'f410c7eef9caf6904f19e7931d92f2de') in 0.0086139 seconds [static and dynamic dependencies]. Details - ImportResultOutputID=ebdbc5c5cb6b4b6230aed623e903ed9b DependenciesID=d4a5cbf2af2332578e8da37df908b3d1 StaticDependenciesID=2955874626c5a67f1cb93e923bd003d8 
Number of updated asset objects reloaded before import = 0Number of asset objects unloaded after import = 2

========================================================================
Received Import Request.
  Time since last request: 0.000016 seconds.
  path: Assets/Modern tiles_Free/Interiors_free/32x32/Interiors_free_32x32_715.asset
  importAddress: Guid(be9dff6a390dc1f47aedfd8c8d6a155a) Importer(2089858483,b0f066a214c2f5e87bad3c948f4d605d)
Start importing Assets/Modern tiles_Free/Interiors_free/32x32/Interiors_free_32x32_715.asset using Guid(be9dff6a390dc1f47aedfd8c8d6a155a) Importer(2089858483,b0f066a214c2f5e87bad3c948f4d605d) (ScriptedImporter) -> (Import Result ID: '1d38afe04ca04d894bcc245561abfa97') in 0.008649 seconds [static and dynamic dependencies]. Details - ImportResultOutputID=d18e394c1053797892ed0cb5c90782f1 DependenciesID=ad99c44fc3509b3d3800608bf4f19cf9 StaticDependenciesID=9550c5165dfb6e0a863ef8079e5113fd 
Number of updated asset objects reloaded before import = 0Number of asset objects unloaded after import = 2

========================================================================
Received Import Request.
  Time since last request: 0.000016 seconds.
  path: Assets/Modern tiles_Free/Interiors_free/32x32/Interiors_free_32x32_564.asset
  importAddress: Guid(650a4098c9a95904b82c31a3a7a498dc) Importer(2089858483,b0f066a214c2f5e87bad3c948f4d605d)
Start importing Assets/Modern tiles_Free/Interiors_free/32x32/Interiors_free_32x32_564.asset using Guid(650a4098c9a95904b82c31a3a7a498dc) Importer(2089858483,b0f066a214c2f5e87bad3c948f4d605d) (ScriptedImporter) -> (Import Result ID: '86d5a871bfbadb497243d11597d2eb4c') in 0.0089663 seconds [static and dynamic dependencies]. Details - ImportResultOutputID=ea91889998df7da892cfafcb30ab4005 DependenciesID=44e121036fffd5c5fbd163d7344ef444 StaticDependenciesID=b7f57b4121eff98626089fc42767e74d 
Number of updated asset objects reloaded before import = 0Number of asset objects unloaded after import = 2

========================================================================
Received Import Request.
  Time since last request: 0.000014 seconds.
  path: Assets/Modern tiles_Free/Interiors_free/32x32/Interiors_free_32x32_241.asset
  importAddress: Guid(dc02cd5685b8c614ab46df620c8665eb) Importer(2089858483,b0f066a214c2f5e87bad3c948f4d605d)
Start importing Assets/Modern tiles_Free/Interiors_free/32x32/Interiors_free_32x32_241.asset using Guid(dc02cd5685b8c614ab46df620c8665eb) Importer(2089858483,b0f066a214c2f5e87bad3c948f4d605d) (ScriptedImporter) -> (Import Result ID: '8feb4bc9a9c937b6e04438e5c959112b') in 0.0084695 seconds [static and dynamic dependencies]. Details - ImportResultOutputID=df8fa8351579f6d90c3e853d2defcc29 DependenciesID=1a50a12b7b2dafe902ad33b51af2f05c StaticDependenciesID=a1f9344b8a16acf44a34516d2477fcfe 
Number of updated asset objects reloaded before import = 0Number of asset objects unloaded after import = 2

========================================================================
Received Import Request.
  Time since last request: 0.000014 seconds.
  path: Assets/Modern tiles_Free/Interiors_free/32x32/Interiors_free_32x32_572.asset
  importAddress: Guid(69a3ca3485a0b6f429ac91e40dbd9350) Importer(2089858483,b0f066a214c2f5e87bad3c948f4d605d)
Start importing Assets/Modern tiles_Free/Interiors_free/32x32/Interiors_free_32x32_572.asset using Guid(69a3ca3485a0b6f429ac91e40dbd9350) Importer(2089858483,b0f066a214c2f5e87bad3c948f4d605d) (ScriptedImporter) -> (Import Result ID: '62b2ec7a4cd4da47bf221b2d02f850e1') in 0.009024 seconds [static and dynamic dependencies]. Details - ImportResultOutputID=80942c720588d7b9c351b2cb087f90fd DependenciesID=2ebd3ef83d824214ba7a856170c3c6d5 StaticDependenciesID=7e468afcd79b11c8cb512ced2b90806f 
Number of updated asset objects reloaded before import = 0Number of asset objects unloaded after import = 2

========================================================================
Received Import Request.
  Time since last request: 0.000019 seconds.
  path: Assets/Modern tiles_Free/Interiors_free/32x32/Interiors_free_32x32_491.asset
  importAddress: Guid(76e55d6c05d8c7f46897e62023cd2a56) Importer(2089858483,b0f066a214c2f5e87bad3c948f4d605d)
Start importing Assets/Modern tiles_Free/Interiors_free/32x32/Interiors_free_32x32_491.asset using Guid(76e55d6c05d8c7f46897e62023cd2a56) Importer(2089858483,b0f066a214c2f5e87bad3c948f4d605d) (ScriptedImporter) -> (Import Result ID: 'c5c62cdf6cb397a3e4c72bedb7957077') in 0.0085795 seconds [static and dynamic dependencies]. Details - ImportResultOutputID=b5ac6c3ef3b2287bc0f82378fc3aaa9d DependenciesID=c0f1999215b056b9bf5fd3fd16820d3f StaticDependenciesID=5a80552ce53cd7e767d947c2432dee2d 
Number of updated asset objects reloaded before import = 0Number of asset objects unloaded after import = 2

========================================================================
Received Import Request.
  Time since last request: 0.000016 seconds.
  path: Assets/Modern tiles_Free/Interiors_free/32x32/Interiors_free_32x32_684.asset
  importAddress: Guid(b90f7d084d4744d4ea3c21384c431022) Importer(2089858483,b0f066a214c2f5e87bad3c948f4d605d)
Start importing Assets/Modern tiles_Free/Interiors_free/32x32/Interiors_free_32x32_684.asset using Guid(b90f7d084d4744d4ea3c21384c431022) Importer(2089858483,b0f066a214c2f5e87bad3c948f4d605d) (ScriptedImporter) -> (Import Result ID: '89ddb5004db72c2d62c574fb7140bd45') in 0.0096076 seconds [static and dynamic dependencies]. Details - ImportResultOutputID=cc73798a3944b8bf92fa36bb27815d3d DependenciesID=2ac5a6258bb7cdfe72e7147da92beea1 StaticDependenciesID=91a2a2f4cb7848a3fbb62dedba2551b4 
Number of updated asset objects reloaded before import = 0Number of asset objects unloaded after import = 2

========================================================================
Received Import Request.
  Time since last request: 0.000016 seconds.
  path: Assets/Modern tiles_Free/Interiors_free/32x32/Interiors_free_32x32_879.asset
  importAddress: Guid(a0ab549df3b9007489dbf7ce6f306ea0) Importer(2089858483,b0f066a214c2f5e87bad3c948f4d605d)
Start importing Assets/Modern tiles_Free/Interiors_free/32x32/Interiors_free_32x32_879.asset using Guid(a0ab549df3b9007489dbf7ce6f306ea0) Importer(2089858483,b0f066a214c2f5e87bad3c948f4d605d) (ScriptedImporter) -> (Import Result ID: 'cbb5391b10845a148ab38d77d7aa8c28') in 0.0083733 seconds [static and dynamic dependencies]. Details - ImportResultOutputID=1bcd4cb46ee4dd89cc8f57902ae1d071 DependenciesID=08036a739e8700606c8b15d9c48c7ff3 StaticDependenciesID=44eb625086fbc5b16b0742a3f89485ba 
Number of updated asset objects reloaded before import = 0Number of asset objects unloaded after import = 2

========================================================================
Received Import Request.
  Time since last request: 0.000016 seconds.
  path: Assets/Modern tiles_Free/Interiors_free/32x32/Interiors_free_32x32_924.asset
  importAddress: Guid(9bf9344f4ee86db42acb9f3c6642edbc) Importer(2089858483,b0f066a214c2f5e87bad3c948f4d605d)
Start importing Assets/Modern tiles_Free/Interiors_free/32x32/Interiors_free_32x32_924.asset using Guid(9bf9344f4ee86db42acb9f3c6642edbc) Importer(2089858483,b0f066a214c2f5e87bad3c948f4d605d) (ScriptedImporter) -> (Import Result ID: '0281024ad744b21e635aeb67fbcac65f') in 0.0086613 seconds [static and dynamic dependencies]. Details - ImportResultOutputID=6c9410bc925088446fcd9103deecc83d DependenciesID=12bce7ade1c6193ff9e96e16159e3231 StaticDependenciesID=9ca86a3f0e5e471d57b3fc820d1851ce 
Number of updated asset objects reloaded before import = 0Number of asset objects unloaded after import = 2

========================================================================
Received Import Request.
  Time since last request: 0.000016 seconds.
  path: Assets/Modern tiles_Free/Interiors_free/32x32/Interiors_free_32x32_614.asset
  importAddress: Guid(6901a2169142d334d9706e4152faac10) Importer(2089858483,b0f066a214c2f5e87bad3c948f4d605d)
Start importing Assets/Modern tiles_Free/Interiors_free/32x32/Interiors_free_32x32_614.asset using Guid(6901a2169142d334d9706e4152faac10) Importer(2089858483,b0f066a214c2f5e87bad3c948f4d605d) (ScriptedImporter) -> (Import Result ID: '1b5423688b85d646978e35cce267f189') in 0.0087702 seconds [static and dynamic dependencies]. Details - ImportResultOutputID=6582cb63d879d368e8ddc8c96c6e7ed9 DependenciesID=95367c6d4c37c389a634fe178264c17f StaticDependenciesID=6faffe33c2376a3153896de505a03ddf 
Number of updated asset objects reloaded before import = 0Number of asset objects unloaded after import = 2

========================================================================
Received Import Request.
  Time since last request: 0.000013 seconds.
  path: Assets/Modern tiles_Free/Interiors_free/32x32/Interiors_free_32x32_886.asset
  importAddress: Guid(b426d4263a5bfc342aaf6697d5029adc) Importer(2089858483,b0f066a214c2f5e87bad3c948f4d605d)
Start importing Assets/Modern tiles_Free/Interiors_free/32x32/Interiors_free_32x32_886.asset using Guid(b426d4263a5bfc342aaf6697d5029adc) Importer(2089858483,b0f066a214c2f5e87bad3c948f4d605d) (ScriptedImporter) -> (Import Result ID: '85bb970ac3e1d7244c4a27bd35cec1d6') in 0.0088708 seconds [static and dynamic dependencies]. Details - ImportResultOutputID=13ac3e1d1f1fcf19c4d86baf4510de83 DependenciesID=67bdb81dba3461450c23f4a76d152720 StaticDependenciesID=e2ef0d18067ca64f24e2cc9dad804f8b 
Number of updated asset objects reloaded before import = 0Number of asset objects unloaded after import = 2

========================================================================
Received Import Request.
  Time since last request: 0.000019 seconds.
  path: Assets/Modern tiles_Free/Interiors_free/32x32/Interiors_free_32x32_37.asset
  importAddress: Guid(696d54745fc73f040854857ebec107d2) Importer(2089858483,b0f066a214c2f5e87bad3c948f4d605d)
Start importing Assets/Modern tiles_Free/Interiors_free/32x32/Interiors_free_32x32_37.asset using Guid(696d54745fc73f040854857ebec107d2) Importer(2089858483,b0f066a214c2f5e87bad3c948f4d605d) (ScriptedImporter) -> (Import Result ID: '033c26ed9cc65d7ef1d379e05d3a820b') in 0.0093464 seconds [static and dynamic dependencies]. Details - ImportResultOutputID=cf873f2b88a09681349e3356f7aab37e DependenciesID=62d9ee6ef00566d0eb02fccd44d8fd02 StaticDependenciesID=d813554f1389bef6f3a650fc5e2a66a0 
Number of updated asset objects reloaded before import = 0Number of asset objects unloaded after import = 2

========================================================================
Received Import Request.
  Time since last request: 0.000017 seconds.
  path: Assets/Modern tiles_Free/Interiors_free/32x32/Interiors_free_32x32_1201.asset
  importAddress: Guid(6c2ad971ade099a4d9cf8b8ccf81b0d7) Importer(2089858483,b0f066a214c2f5e87bad3c948f4d605d)
Start importing Assets/Modern tiles_Free/Interiors_free/32x32/Interiors_free_32x32_1201.asset using Guid(6c2ad971ade099a4d9cf8b8ccf81b0d7) Importer(2089858483,b0f066a214c2f5e87bad3c948f4d605d) (ScriptedImporter) -> (Import Result ID: 'b3156738f69c9b39150ad3e977f85200') in 0.0253415 seconds [static and dynamic dependencies]. Details - ImportResultOutputID=24a8c528ab38baee6c59ff6625fb9242 DependenciesID=e39b97969f37b86f66e035821c26a97f StaticDependenciesID=069638143c89b1a1020353734b89e0bd 
Number of updated asset objects reloaded before import = 0Number of asset objects unloaded after import = 2

========================================================================
Received Import Request.
  Time since last request: 0.000017 seconds.
  path: Assets/Modern tiles_Free/Interiors_free/32x32/Interiors_free_32x32_1225.asset
  importAddress: Guid(c4f3ffc602bd1204c9084d4792375ade) Importer(2089858483,b0f066a214c2f5e87bad3c948f4d605d)
Start importing Assets/Modern tiles_Free/Interiors_free/32x32/Interiors_free_32x32_1225.asset using Guid(c4f3ffc602bd1204c9084d4792375ade) Importer(2089858483,b0f066a214c2f5e87bad3c948f4d605d) (ScriptedImporter) -> (Import Result ID: '9b553954d272f1a60f2a723e72040a6a') in 0.0075299 seconds [static and dynamic dependencies]. Details - ImportResultOutputID=a1cf6c536c323eb2f80424d54c90f768 DependenciesID=287ff24bb584aae48cddab14cb0cba28 StaticDependenciesID=d68ad17570b2bfbf1e096688109cedda 
Number of updated asset objects reloaded before import = 0Number of asset objects unloaded after import = 2

========================================================================
Received Import Request.
  Time since last request: 0.000013 seconds.
  path: Assets/Modern tiles_Free/Interiors_free/32x32/Interiors_free_32x32_215.asset
  importAddress: Guid(32fff79a90eff07409b22ee61dff7107) Importer(2089858483,b0f066a214c2f5e87bad3c948f4d605d)
Start importing Assets/Modern tiles_Free/Interiors_free/32x32/Interiors_free_32x32_215.asset using Guid(32fff79a90eff07409b22ee61dff7107) Importer(2089858483,b0f066a214c2f5e87bad3c948f4d605d) (ScriptedImporter) -> (Import Result ID: '1adc77bcaf731e19834cbb61d3ab7b50') in 0.0073575 seconds [static and dynamic dependencies]. Details - ImportResultOutputID=a862c8a1b480a0a2646f81070a0d058f DependenciesID=bc8133cb7165c291970299558fc1be6c StaticDependenciesID=601e4f69be471a2708cde5d989a2920a 
Number of updated asset objects reloaded before import = 0Number of asset objects unloaded after import = 2

========================================================================
Received Import Request.
  Time since last request: 0.000015 seconds.
  path: Assets/Modern tiles_Free/Interiors_free/32x32/Interiors_free_32x32_874.asset
  importAddress: Guid(9665b77f0da7d744fb8a64b1bf7e8d01) Importer(2089858483,b0f066a214c2f5e87bad3c948f4d605d)
Start importing Assets/Modern tiles_Free/Interiors_free/32x32/Interiors_free_32x32_874.asset using Guid(9665b77f0da7d744fb8a64b1bf7e8d01) Importer(2089858483,b0f066a214c2f5e87bad3c948f4d605d) (ScriptedImporter) -> (Import Result ID: 'e27d1e7428a2c5deff8fad1cc279f71d') in 0.0083635 seconds [static and dynamic dependencies]. Details - ImportResultOutputID=7e4e0485b857fe7da6cf1a17329e692f DependenciesID=34745cf9acaebba3fa487f8d7bee06bb StaticDependenciesID=4f58f60c19c1ee0a1921cb69bebe7cd3 
Number of updated asset objects reloaded before import = 0Number of asset objects unloaded after import = 2

========================================================================
Received Import Request.
  Time since last request: 0.000021 seconds.
  path: Assets/Modern tiles_Free/Interiors_free/32x32/Interiors_free_32x32_1182.asset
  importAddress: Guid(0730e2633416b3843843f5238b339eaa) Importer(2089858483,b0f066a214c2f5e87bad3c948f4d605d)
Start importing Assets/Modern tiles_Free/Interiors_free/32x32/Interiors_free_32x32_1182.asset using Guid(0730e2633416b3843843f5238b339eaa) Importer(2089858483,b0f066a214c2f5e87bad3c948f4d605d) (ScriptedImporter) -> (Import Result ID: 'f523ba477f677f49fe86cf53b69303a0') in 0.0092145 seconds [static and dynamic dependencies]. Details - ImportResultOutputID=3c4acc5c50eaa5ec6f2d1580da50a394 DependenciesID=0176d00081e7650623b92b26cf02e74b StaticDependenciesID=ec9f464f7cc8b0e919faa0ed7d13b39f 
Number of updated asset objects reloaded before import = 0Number of asset objects unloaded after import = 2

========================================================================
Received Import Request.
  Time since last request: 0.000019 seconds.
  path: Assets/Modern tiles_Free/Interiors_free/32x32/Interiors_free_32x32_87.asset
  importAddress: Guid(bb1625f799798aa4eb687099a4fe0808) Importer(2089858483,b0f066a214c2f5e87bad3c948f4d605d)
Start importing Assets/Modern tiles_Free/Interiors_free/32x32/Interiors_free_32x32_87.asset using Guid(bb1625f799798aa4eb687099a4fe0808) Importer(2089858483,b0f066a214c2f5e87bad3c948f4d605d) (ScriptedImporter) -> (Import Result ID: '66cf5e0d2fd150ee048e6a784647945a') in 0.0089728 seconds [static and dynamic dependencies]. Details - ImportResultOutputID=9de2f10dbc4feac8e9c0aa95b5d0b8bd DependenciesID=35d365874a8f6ecfeb654da726d28a4e StaticDependenciesID=08966bbf65a8b27b57bdc5b8e93552a7 
Number of updated asset objects reloaded before import = 0Number of asset objects unloaded after import = 2

========================================================================
Received Import Request.
  Time since last request: 0.000014 seconds.
  path: Assets/Modern tiles_Free/Interiors_free/32x32/Interiors_free_32x32_444.asset
  importAddress: Guid(54dcc4b15ac025044a9f864367bf7daf) Importer(2089858483,b0f066a214c2f5e87bad3c948f4d605d)
Start importing Assets/Modern tiles_Free/Interiors_free/32x32/Interiors_free_32x32_444.asset using Guid(54dcc4b15ac025044a9f864367bf7daf) Importer(2089858483,b0f066a214c2f5e87bad3c948f4d605d) (ScriptedImporter) -> (Import Result ID: '82329c36348bff3d4afa054b991e9b2e') in 0.0084781 seconds [static and dynamic dependencies]. Details - ImportResultOutputID=1c66d2ac0cdcb24d4e2f3e997649c133 DependenciesID=77e7cf01238c1f8ad00382c2500d43cb StaticDependenciesID=731829db4c9ec467d165db8c54a82fff 
Number of updated asset objects reloaded before import = 0Number of asset objects unloaded after import = 2

========================================================================
Received Import Request.
  Time since last request: 0.000017 seconds.
  path: Assets/Modern tiles_Free/Interiors_free/32x32/Interiors_free_32x32_361.asset
  importAddress: Guid(88894a028eb696542ab945e7640745b3) Importer(2089858483,b0f066a214c2f5e87bad3c948f4d605d)
Start importing Assets/Modern tiles_Free/Interiors_free/32x32/Interiors_free_32x32_361.asset using Guid(88894a028eb696542ab945e7640745b3) Importer(2089858483,b0f066a214c2f5e87bad3c948f4d605d) (ScriptedImporter) -> (Import Result ID: 'df559abfcee634d8ca21726fc475a932') in 0.0088211 seconds [static and dynamic dependencies]. Details - ImportResultOutputID=cbd654fec8baa6a711e6a21b9f9f4f63 DependenciesID=e4ada8ac224acca973ed69a4012955fa StaticDependenciesID=08991e71d13585abf7dd4a205edc08cb 
Number of updated asset objects reloaded before import = 0Number of asset objects unloaded after import = 2

========================================================================
Received Import Request.
  Time since last request: 0.000027 seconds.
  path: Assets/Modern tiles_Free/Interiors_free/32x32/Interiors_free_32x32_633.asset
  importAddress: Guid(4a99fc92a0c276f42b3634551bedb7ce) Importer(2089858483,b0f066a214c2f5e87bad3c948f4d605d)
Start importing Assets/Modern tiles_Free/Interiors_free/32x32/Interiors_free_32x32_633.asset using Guid(4a99fc92a0c276f42b3634551bedb7ce) Importer(2089858483,b0f066a214c2f5e87bad3c948f4d605d) (ScriptedImporter) -> (Import Result ID: 'c494411ee5c0bf01d217b3057a43b50e') in 0.0090059 seconds [static and dynamic dependencies]. Details - ImportResultOutputID=d8d078c51bf37b19d05d1ed7afcdd32f DependenciesID=4354025440e77f4f65eab7b538693f80 StaticDependenciesID=a79a83ffba05e895529c1d2468b5c0e8 
Number of updated asset objects reloaded before import = 0Number of asset objects unloaded after import = 2

========================================================================
Received Import Request.
  Time since last request: 0.000015 seconds.
  path: Assets/Modern tiles_Free/Interiors_free/32x32/Interiors_free_32x32_372.asset
  importAddress: Guid(30cfcc6b07255594f9aa63e7ff0b7627) Importer(2089858483,b0f066a214c2f5e87bad3c948f4d605d)
Start importing Assets/Modern tiles_Free/Interiors_free/32x32/Interiors_free_32x32_372.asset using Guid(30cfcc6b07255594f9aa63e7ff0b7627) Importer(2089858483,b0f066a214c2f5e87bad3c948f4d605d) (ScriptedImporter) -> (Import Result ID: 'ed2ec82b3a365255125d845fbd39360e') in 0.0090673 seconds [static and dynamic dependencies]. Details - ImportResultOutputID=3b8358d7cea27c8907faaa24823b5a92 DependenciesID=a9f95331b3a3e52795ee386cfbbcba2e StaticDependenciesID=30b796008c9b18a689dba1f3a48bf55f 
Number of updated asset objects reloaded before import = 0Number of asset objects unloaded after import = 2

========================================================================
Received Import Request.
  Time since last request: 0.000019 seconds.
  path: Assets/Modern tiles_Free/Interiors_free/32x32/Interiors_free_32x32_1001.asset
  importAddress: Guid(d1d395a9bb5ec7f4bb5e62fbcf3a3351) Importer(2089858483,b0f066a214c2f5e87bad3c948f4d605d)
Start importing Assets/Modern tiles_Free/Interiors_free/32x32/Interiors_free_32x32_1001.asset using Guid(d1d395a9bb5ec7f4bb5e62fbcf3a3351) Importer(2089858483,b0f066a214c2f5e87bad3c948f4d605d) (ScriptedImporter) -> (Import Result ID: '4e3710e38f8d492285184e68f7b904a3') in 0.0085666 seconds [static and dynamic dependencies]. Details - ImportResultOutputID=b7018587a2792d8057a479535e64203e DependenciesID=b7cb100f455ce54aa710543bfb5f7038 StaticDependenciesID=0b31fbfe8ef2999fc29c7d30af4b0525 
Number of updated asset objects reloaded before import = 0Number of asset objects unloaded after import = 2

========================================================================
Received Import Request.
  Time since last request: 869.906943 seconds.
  path: Assets/purrfect.unity
  importAddress: Guid(f945f610ae3f98d46ac22a2f3aecc8f6) Importer(2089858483,b0f066a214c2f5e87bad3c948f4d605d)
Start importing Assets/purrfect.unity using Guid(f945f610ae3f98d46ac22a2f3aecc8f6) Importer(2089858483,b0f066a214c2f5e87bad3c948f4d605d) (ScriptedImporter) -> (Import Result ID: '4d332c6cb1983e78d89e71e532c7bdee') in 0.0151671 seconds [static and dynamic dependencies]. Details - ImportResultOutputID=9c78de713d6492a05f5501af3b581014 DependenciesID=d095caaccb1f8156478ad5f5b499a5d4 StaticDependenciesID=4c5a236be4ecda6b0c57cc7a5a1841c7 
Number of updated asset objects reloaded before import = 0Number of asset objects unloaded after import = 1

========================================================================
Received Import Request.
  Time since last request: 25.819386 seconds.
  path: Assets/purrfect.unity
  importAddress: Guid(f945f610ae3f98d46ac22a2f3aecc8f6) Importer(2089858483,b0f066a214c2f5e87bad3c948f4d605d)
Start importing Assets/purrfect.unity using Guid(f945f610ae3f98d46ac22a2f3aecc8f6) Importer(2089858483,b0f066a214c2f5e87bad3c948f4d605d) (ScriptedImporter) -> (Import Result ID: 'a0ffad05a62596a9ea05a41424cad49d') in 0.0118145 seconds [static and dynamic dependencies]. Details - ImportResultOutputID=805a38cfdc772d77c2c4ed311d0c6494 DependenciesID=129b01b56e56badf0c958ab09b446f11 StaticDependenciesID=6df678617e17be692d3cf9865621cd30 
Number of updated asset objects reloaded before import = 0Number of asset objects unloaded after import = 1

