[Licensing::Module] Trying to connect to existing licensing client channel...
Built from '6000.4/staging' branch; Version is '6000.4.6f1 (0b051c2e5d54) revision 722204'; Using compiler version '194234433'; Build Type 'Release'
OS: 'Windows 10  (10.0.19045) 64bit Professional' Language: 'tr' Physical Memory: 31913 MB
[Licensing::IpcConnector] Successfully connected to: "LicenseClient-Kau" at "2026-05-09T00:20:07.7866259Z"
BatchMode: 1, IsHumanControllingUs: 0, StartBugReporterOnCrash: 0, Is64bit: 1
System  architecture: x64
Process architecture: x64
Date: 2026-05-09T00:20:07Z

COMMAND LINE ARGUMENTS:
C:\Program Files\Unity\Hub\Editor\6000.4.6f1\Editor\Unity.exe
-adb2
-batchMode
-noUpm
-name
AssetImportWorker0
-projectPath
C:/Users/Kau/Documents/Purr
-logFile
Logs/AssetImportWorker0.log
-srvPort
53235
-licensingIpc
LicenseClient-Kau
-force-d3d12
-job-worker-count
7
-background-job-worker-count
8
-gc-helper-count
1
-name
AssetImport
Successfully changed project path to: C:/Users/Kau/Documents/Purr
C:/Users/Kau/Documents/Purr
[UnityMemory] Configuration Parameters - Can be set up in boot.config
    "memorysetup-temp-allocator-size-gi-baking-worker=262144"
    "memorysetup-temp-allocator-size-gi-baking-worker=262144"
    "memorysetup-temp-allocator-size-gi-baking-worker=262144"
    "memorysetup-temp-allocator-size-gi-baking-worker=262144"
    "memorysetup-temp-allocator-size-gi-baking-worker=262144"
    "memorysetup-temp-allocator-size-nav-mesh-worker=65536"
    "memorysetup-temp-allocator-size-audio-worker=65536"
    "memorysetup-temp-allocator-size-cloud-worker=32768"
    "memorysetup-temp-allocator-size-gfx=262144"
    "memorysetup-temp-allocator-size-preload-manager=33554432"
    "memorysetup-temp-allocator-size-job-worker=262144"
    "memorysetup-temp-allocator-size-background-worker=32768"
    "memorysetup-allocator-temp-initial-block-size-main=262144"
    "memorysetup-allocator-temp-initial-block-size-worker=262144"
    "memorysetup-bucket-allocator-granularity=16"
    "memorysetup-bucket-allocator-bucket-count=8"
    "memorysetup-bucket-allocator-block-size=33554432"
    "memorysetup-bucket-allocator-block-count=8"
    "memorysetup-main-allocator-block-size=16777216"
    "memorysetup-thread-allocator-block-size=16777216"
    "memorysetup-gfx-main-allocator-block-size=16777216"
    "memorysetup-gfx-thread-allocator-block-size=16777216"
    "memorysetup-cache-allocator-block-size=4194304"
    "memorysetup-typetree-allocator-block-size=2097152"
    "memorysetup-profiler-bucket-allocator-granularity=16"
    "memorysetup-profiler-bucket-allocator-bucket-count=8"
    "memorysetup-profiler-bucket-allocator-block-size=33554432"
    "memorysetup-profiler-bucket-allocator-block-count=8"
    "memorysetup-profiler-allocator-block-size=16777216"
    "memorysetup-profiler-editor-allocator-block-size=1048576"
    "memorysetup-temp-allocator-size-main=16777216"
    "memorysetup-job-temp-allocator-block-size=2097152"
    "memorysetup-job-temp-allocator-block-size-background=1048576"
    "memorysetup-job-temp-allocator-reduction-small-platforms=262144"
Player connection [32136]  Target information:

Player connection [32136]  * "[IP] 192.168.1.112 [Port] 0 [Flags] 2 [Guid] 1549759828 [EditorId] 1549759828 [Version] 1048832 [Id] WindowsEditor(7,DESKTOP-1LDONTU) [Debug] 1 [PackageName] WindowsEditor [ProjectName] Editor" 

Player connection [32136] Host joined multi-casting on [225.0.0.222:54997]...
Player connection [32136] Host joined alternative multi-casting on [225.0.0.222:34997]...
JobSystem: Creating JobQueue using job-worker-count value 7
Input System module state changed to: Initialized.
[Physics::Module] Initialized fallback backend.
[Physics::Module] Id: 0xdecafbad
Library Redirect Path: Library/
[Physics::Module] Selected backend.
[Physics::Module] Name: PhysX
[Physics::Module] Id: 0xf2b8ea05
[Physics::Module] SDK Version: 4.1.2
[Physics::Module] Integration Version: 1.0.0
[Physics::Module] Threading Mode: Multi-Threaded
Initialize engine version: 6000.4.6f1 (0b051c2e5d54)
[Subsystems] Discovering subsystems at path C:/Program Files/Unity/Hub/Editor/6000.4.6f1/Editor/Data/Resources/UnitySubsystems
[Subsystems] Discovering subsystems at path C:/Users/Kau/Documents/Purr/Assets
Forcing GfxDevice: Direct3D 12
GfxDevice: creating device client; kGfxThreadingModeNonThreaded
d3d12: failed to query info queue interface (0x80004002).
Direct3D:
    Version:         Direct3D 12 [level 12.2]
    Renderer:        AMD Radeon RX 7900 XT (ID=0x744c)
    Vendor:          ATI
    VRAM:            20420 MB
    App VRAM Budget: 19652 MB
    Driver:          32.0.23033.1002
Initialize mono
Mono path[0] = 'C:/Program Files/Unity/Hub/Editor/6000.4.6f1/Editor/Data/Managed'
Mono path[1] = 'C:/Program Files/Unity/Hub/Editor/6000.4.6f1/Editor/Data/MonoBleedingEdge/lib/mono/unityjit-win32'
Mono config path = 'C:/Program Files/Unity/Hub/Editor/6000.4.6f1/Editor/Data/MonoBleedingEdge/etc'
Using monoOptions --debugger-agent=transport=dt_socket,embedding=1,server=y,suspend=n,address=127.0.0.1:56572
CodeReloadManager initialized
Begin MonoManager ReloadAssembly
Registering precompiled unity dll's ...
Register platform support module: C:/Program Files/Unity/Hub/Editor/6000.4.6f1/Editor/Data/PlaybackEngines/WindowsStandaloneSupport/UnityEditor.WindowsStandalone.Extensions.dll
Registered in 0.002332 seconds.
[Licensing::Client] Error: HandshakeResponse reported an error:
	ResponseCode: 505
	ResponseStatus: Unsupported protocol version '1.18.1'.
[Licensing::Module] Error: Failed to handshake to channel: "LicenseClient-Kau"
[Licensing::IpcConnector] LicenseClient-Kau channel disconnected successfully.
[Licensing::IpcConnector] Successfully connected to: "LicenseClient-Kau-6000.4.6" at "2026-05-09T00:20:08.4927935Z"
[Licensing::Client] Code 10 while verifying Licensing Client signature (process Id: 24892, path: "C:/Program Files/Unity/Hub/Editor/6000.4.6f1/Editor/Data/Resources/Licensing/Client/Unity.Licensing.Client.exe")
[Licensing::Module] LicensingClient has failed validation; ignoring
[Licensing::Client] Handshaking with LicensingClient:
  Version:                 1.18.1+9fbee8e
  Session Id:              68760c33bcd04b369f7e75ddae27fb5d
  Correlation Id:          4882ad27388a41b2aed1335a189fdeba
  External correlation Id: 2104009938376014263
  Machine Id:              2DUGQgDOeg77MMAPeNxxI6bm/Cg=
[Licensing::Module] Successfully connected to LicensingClient on channel: "LicenseClient-Kau-6000.4.6" (connect: 0.00s, validation: 0.00s, handshake: 0.00s)
[Licensing::IpcConnector] Successfully connected to: "LicenseClient-Kau-6000.4.6-notifications" at "2026-05-09T00:20:08.4983825Z"
[Licensing::Module] Licensing Background thread has ended after 0.71s
Native extension for WindowsStandalone target not found
Package Manager log level set to [2]
[Package Manager] Failed to launch server process. Reason: Unity was launched with the -noUpm command-line argument
[Package Manager] Unable to send message (not connected to server process).
[Package Manager] Cannot connect to Unity Package Manager local server
ScheduleIndexationOnStartup MainProcess:False IndexOnStartup:True
Mono: successfully reloaded assembly
- Finished resetting the current domain, in  0.342 seconds
Domain Reload Profiling: 736ms
	BeginReloadAssembly (115ms)
	RebuildCommonClasses (34ms)
	RebuildNativeTypeToScriptingClass (14ms)
	initialDomainReloadingComplete (59ms)
	LoadAllAssembliesAndSetupDomain (170ms)
		LoadAssemblies (110ms)
		AnalyzeDomain (163ms)
			TypeCache.Refresh (162ms)
				TypeCache.ScanAssembly (151ms)
	FinalizeReload (344ms)
		SetupLoadedEditorAssemblies (0ms)
			InitializePlatformSupportModulesInManaged (34ms)
			BeforeProcessingInitializeOnLoad (75ms)
			ProcessInitializeOnLoadAttributes (107ms)
			ProcessInitializeOnLoadMethodAttributes (77ms)
========================================================================
Worker process is ready to serve import requests
Import Worker Mode flag is 0x00
Begin MonoManager ReloadAssembly
[Licensing::Client] Successfully resolved entitlement details
[Licensing::Module] License group:
  Id: 18968224920260-UnityPersXXXX
  Product: Unity Personal
  Type: Assigned
  Expiration: Unlimited
Assembly Assembly-CSharp-Editor-firstpass.dll at Library/ScriptAssemblies/Assembly-CSharp-Editor-firstpass.dll not valid. Loading of assembly skipped.
Assembly Assembly-CSharp-Editor.dll at Library/ScriptAssemblies/Assembly-CSharp-Editor.dll not valid. Loading of assembly skipped.
Assembly Assembly-CSharp-firstpass.dll at Library/ScriptAssemblies/Assembly-CSharp-firstpass.dll not valid. Loading of assembly skipped.
Assembly Assembly-CSharp.dll at Library/ScriptAssemblies/Assembly-CSharp.dll not valid. Loading of assembly skipped.
Assembly Unity.2D.PixelPerfect.Editor.Tests.dll at Library/ScriptAssemblies/Unity.2D.PixelPerfect.Editor.Tests.dll not valid. Loading of assembly skipped.
Assembly Unity.2D.Sprite.Package.EditorTests.dll at Library/ScriptAssemblies/Unity.2D.Sprite.Package.EditorTests.dll not valid. Loading of assembly skipped.
Assembly Unity.2D.Tilemap.Package.EditorTests.dll at Library/ScriptAssemblies/Unity.2D.Tilemap.Package.EditorTests.dll not valid. Loading of assembly skipped.
Assembly Unity.Multiplayer.Center.Editor.Tests.dll at Library/ScriptAssemblies/Unity.Multiplayer.Center.Editor.Tests.dll not valid. Loading of assembly skipped.
Assembly Unity.Multiplayer.Center.Tests.dll at Library/ScriptAssemblies/Unity.Multiplayer.Center.Tests.dll not valid. Loading of assembly skipped.
Native extension for WindowsStandalone target not found
[Package Manager] Failed to launch server process. Reason: Unity was launched with the -noUpm command-line argument
[Package Manager] Unable to send message (not connected to server process).
[Package Manager] Cannot connect to Unity Package Manager local server
ScheduleIndexationOnStartup MainProcess:False IndexOnStartup:True
Mono: successfully reloaded assembly
- Finished resetting the current domain, in  0.317 seconds
Domain Reload Profiling: 615ms
	BeginReloadAssembly (180ms)
		DisableScriptedObjects (6ms)
		CreateAndSetChildDomain (34ms)
	RebuildCommonClasses (38ms)
	RebuildNativeTypeToScriptingClass (13ms)
	initialDomainReloadingComplete (43ms)
	LoadAllAssembliesAndSetupDomain (22ms)
		LoadAssemblies (97ms)
		AnalyzeDomain (13ms)
			TypeCache.Refresh (10ms)
				TypeCache.ScanAssembly (6ms)
	FinalizeReload (319ms)
		SetupLoadedEditorAssemblies (0ms)
			BeforeProcessingInitializeOnLoad (85ms)
			ProcessInitializeOnLoadAttributes (76ms)
			ProcessInitializeOnLoadMethodAttributes (43ms)
			AfterProcessingInitializeOnLoad (7ms)
		AwakeInstancesAfterBackupRestoration (7ms)
Launched and connected shader compiler UnityShaderCompiler.exe after 0.01 seconds
Unloading 0 Unused Serialized files (Serialized files now loaded: 0)
Unloading 244 unused Assets / (36.1 KB). Loaded Objects now: 849.
Memory consumption went from 68.0 MB to 68.0 MB.
Total: 3.811100 ms (FindLiveObjects: 0.059000 ms CreateObjectMapping: 0.008800 ms MarkObjects: 3.627500 ms  DeleteObjects: 0.114500 ms)

========================================================================
Received Import Request.
  Time since last request: 448199.047898 seconds.
  path: Assets/AllCatsDemo/BlackCat/IdleCatb_0.controller
  importAddress: Guid(90f44b12dcfa91046b6e1628f3f20dd2) Importer(2089858483,b0f066a214c2f5e87bad3c948f4d605d)
Start importing Assets/AllCatsDemo/BlackCat/IdleCatb_0.controller using Guid(90f44b12dcfa91046b6e1628f3f20dd2) Importer(2089858483,b0f066a214c2f5e87bad3c948f4d605d) (ScriptedImporter) -> (Import Result ID: 'c2e3043c01b7e0d56ba103adc3d0f0f9') in 0.071785 seconds [static and dynamic dependencies]. Details - ImportResultOutputID=d0e35f1aeaf30a65b5526478e22e844b DependenciesID=66a150fb9bf2710b6b7e71147c50f1d3 StaticDependenciesID=20e4841e9fdfd4a823d0316fee72215a 
Number of updated asset objects reloaded before import = 0Number of asset objects unloaded after import = 4

========================================================================
Received Import Request.
  Time since last request: 0.000016 seconds.
  path: Assets/AllCatsDemo/Classical/IdleCat_0.controller
  importAddress: Guid(d1f5fb68660dc2a408f075ca3852a55a) Importer(2089858483,b0f066a214c2f5e87bad3c948f4d605d)
Start importing Assets/AllCatsDemo/Classical/IdleCat_0.controller using Guid(d1f5fb68660dc2a408f075ca3852a55a) Importer(2089858483,b0f066a214c2f5e87bad3c948f4d605d) (ScriptedImporter) -> (Import Result ID: 'ca129ad94b52322d9f8e2ea0505134c9') in 0.0090666 seconds [static and dynamic dependencies]. Details - ImportResultOutputID=ba3b27ffb7f11b7283be751e67338bb9 DependenciesID=dbad4963a8f028a019ba428615efef77 StaticDependenciesID=9e8194cdc608241d7dca68a4b6394eac 
Number of updated asset objects reloaded before import = 0Number of asset objects unloaded after import = 4

========================================================================
Received Import Request.
  Time since last request: 0.000018 seconds.
  path: Assets/CatMaterialsDEMO/CatBedBlue_0.controller
  importAddress: Guid(f343562be37df2f439431c9e4c6a398c) Importer(2089858483,b0f066a214c2f5e87bad3c948f4d605d)
Start importing Assets/CatMaterialsDEMO/CatBedBlue_0.controller using Guid(f343562be37df2f439431c9e4c6a398c) Importer(2089858483,b0f066a214c2f5e87bad3c948f4d605d) (ScriptedImporter) -> (Import Result ID: 'c8a431b4f37021d8b1d6ea7613ce70d8') in 0.010262 seconds [static and dynamic dependencies]. Details - ImportResultOutputID=44c805c461bd0311648c7acdacde4932 DependenciesID=5a753ff97a8b910ea798504d840738c9 StaticDependenciesID=b8b3f31c620230d58b0f79aba31c6873 
Number of updated asset objects reloaded before import = 0Number of asset objects unloaded after import = 4

========================================================================
Received Import Request.
  Time since last request: 0.000016 seconds.
  path: Assets/AllCatsDemo/White/Materials/IdleCatttt.mat
  importAddress: Guid(70bd6e7ad69090d40aed10906df515e7) Importer(2089858483,b0f066a214c2f5e87bad3c948f4d605d)
Start importing Assets/AllCatsDemo/White/Materials/IdleCatttt.mat using Guid(70bd6e7ad69090d40aed10906df515e7) Importer(2089858483,b0f066a214c2f5e87bad3c948f4d605d) (ScriptedImporter) -> (Import Result ID: 'abb2236edabdc785897978b3920521b9') in 0.0271579 seconds [static and dynamic dependencies]. Details - ImportResultOutputID=bfbd60f7a12dc98f79bac3e65bd7f08c DependenciesID=84c2672f796612addbed379a666e4089 StaticDependenciesID=39b9525c2a35bde1a8e796c9422536b2 
Number of updated asset objects reloaded before import = 0Number of asset objects unloaded after import = 2

========================================================================
Received Import Request.
  Time since last request: 0.000017 seconds.
  path: Assets/AllCatsDemo/Classical/IdleCat.png
  importAddress: Guid(8a7325ae5df0aa0438c430a6072efd2c) Importer(2089858483,b0f066a214c2f5e87bad3c948f4d605d)
Start importing Assets/AllCatsDemo/Classical/IdleCat.png using Guid(8a7325ae5df0aa0438c430a6072efd2c) Importer(2089858483,b0f066a214c2f5e87bad3c948f4d605d) (ScriptedImporter) -> (Import Result ID: 'dddd9703c5b0921c51067204a5554dd8') in 0.050163 seconds [static and dynamic dependencies]. Details - ImportResultOutputID=e3dd7b4d676919ec6f0ba40da0721a57 DependenciesID=78c0c7c408859ef7c7afbe6438e8db3c StaticDependenciesID=57408cc8540a98d1cdeb6de4f0269973 
Number of updated asset objects reloaded before import = 0Number of asset objects unloaded after import = 9

========================================================================
Received Import Request.
  Time since last request: 0.000016 seconds.
  path: Assets/CatMaterialsDEMO/CatBedBlue.png
  importAddress: Guid(5589ce9dd51b34848a2d5682eb7b7232) Importer(2089858483,b0f066a214c2f5e87bad3c948f4d605d)
Start importing Assets/CatMaterialsDEMO/CatBedBlue.png using Guid(5589ce9dd51b34848a2d5682eb7b7232) Importer(2089858483,b0f066a214c2f5e87bad3c948f4d605d) (ScriptedImporter) -> (Import Result ID: '9abbb6d2d8bddfdaf871e5abf067e316') in 0.0115067 seconds [static and dynamic dependencies]. Details - ImportResultOutputID=22cb54cdb57a831b0c19ddf8cf4910fe DependenciesID=a42b6e074da88dbf2c927f4e8fa7a1d2 StaticDependenciesID=e7b9ab4836adb085b34bd7c49a60fa04 
Number of updated asset objects reloaded before import = 0Number of asset objects unloaded after import = 3

========================================================================
Received Import Request.
  Time since last request: 0.000016 seconds.
  path: Assets/CatMaterialsDEMO/CatBowls.png
  importAddress: Guid(82558f2fe7e83c548b3852117f9be9f5) Importer(2089858483,b0f066a214c2f5e87bad3c948f4d605d)
Start importing Assets/CatMaterialsDEMO/CatBowls.png using Guid(82558f2fe7e83c548b3852117f9be9f5) Importer(2089858483,b0f066a214c2f5e87bad3c948f4d605d) (ScriptedImporter) -> (Import Result ID: '028764731f758e23ad794dc7e78ac276') in 0.0131591 seconds [static and dynamic dependencies]. Details - ImportResultOutputID=1e2434877fdc8f6be7b818120899d524 DependenciesID=87cc79654a4ea8ade77d0c6b631ea5ea StaticDependenciesID=c13eda66eeac6008e72f1e9327caf346 
Number of updated asset objects reloaded before import = 0Number of asset objects unloaded after import = 5

========================================================================
Received Import Request.
  Time since last request: 0.000019 seconds.
  path: Assets/AllCatsDemo/Siamese/New Animation.anim
  importAddress: Guid(8d222e99d8ec71846ae88ba005c307be) Importer(2089858483,b0f066a214c2f5e87bad3c948f4d605d)
Start importing Assets/AllCatsDemo/Siamese/New Animation.anim using Guid(8d222e99d8ec71846ae88ba005c307be) Importer(2089858483,b0f066a214c2f5e87bad3c948f4d605d) (ScriptedImporter) -> (Import Result ID: '98de5519dbd35eb71bfbb37b68a44c14') in 0.0127906 seconds [static and dynamic dependencies]. Details - ImportResultOutputID=2d255c7ebb76cd675a589619b6f04b1b DependenciesID=97c41e662f1b2e3ddbc5d112c587d4df StaticDependenciesID=40077c5f048cecfb18cb300f9d57b394 
Number of updated asset objects reloaded before import = 0Number of asset objects unloaded after import = 1

========================================================================
Received Import Request.
  Time since last request: 0.000020 seconds.
  path: Assets/AllCatsDemo/ThreeColorFree/JumpCattt_0.controller
  importAddress: Guid(98c0315d4402fa7489ae40845d567b55) Importer(2089858483,b0f066a214c2f5e87bad3c948f4d605d)
Start importing Assets/AllCatsDemo/ThreeColorFree/JumpCattt_0.controller using Guid(98c0315d4402fa7489ae40845d567b55) Importer(2089858483,b0f066a214c2f5e87bad3c948f4d605d) (ScriptedImporter) -> (Import Result ID: '11bd9fa227900cba768203f2f177a8f0') in 0.0097791 seconds [static and dynamic dependencies]. Details - ImportResultOutputID=2f6ff914c7b5aeecadb55c7b5d1a9c7a DependenciesID=742e4087bad70592f3eac005b8d562c2 StaticDependenciesID=946aaa60204fdd6f766b171039db2e4d 
Number of updated asset objects reloaded before import = 0Number of asset objects unloaded after import = 4

========================================================================
Received Import Request.
  Time since last request: 0.000029 seconds.
  path: Assets/AllCatsDemo/White/Materials
  importAddress: Guid(aacf20c088179cf4b9623163e37ad60b) Importer(2089858483,b0f066a214c2f5e87bad3c948f4d605d)
Start importing Assets/AllCatsDemo/White/Materials using Guid(aacf20c088179cf4b9623163e37ad60b) Importer(2089858483,b0f066a214c2f5e87bad3c948f4d605d) (ScriptedImporter) -> (Import Result ID: 'e84c3162e7d821f81e09168cd3b4868d') in 0.0083912 seconds [static and dynamic dependencies]. Details - ImportResultOutputID=787acbbd8c49e92360b489c58f8623cd DependenciesID=3de3f782d9c3c2890b5f715bbbd2d350 StaticDependenciesID=da5d16c08ce420f0550922abe99c6e01 
Number of updated asset objects reloaded before import = 0Number of asset objects unloaded after import = 1

========================================================================
Received Import Request.
  Time since last request: 0.000032 seconds.
  path: Assets/CatMaterialsDEMO/BlueBall-Sheet_0.controller
  importAddress: Guid(c411f91dd3bc4224caa3613f215b8079) Importer(2089858483,b0f066a214c2f5e87bad3c948f4d605d)
Start importing Assets/CatMaterialsDEMO/BlueBall-Sheet_0.controller using Guid(c411f91dd3bc4224caa3613f215b8079) Importer(2089858483,b0f066a214c2f5e87bad3c948f4d605d) (ScriptedImporter) -> (Import Result ID: 'd505e391708e9d90d34f108f07451017') in 0.009922 seconds [static and dynamic dependencies]. Details - ImportResultOutputID=a3197da37eacff15aa564be0b16ab6ad DependenciesID=e9f8011d8d767f23cc0dd73b482ade97 StaticDependenciesID=dc629688f3bd3a4038dd67c8247c2a39 
Number of updated asset objects reloaded before import = 0Number of asset objects unloaded after import = 4

========================================================================
Received Import Request.
  Time since last request: 0.000017 seconds.
  path: Assets/AllCatsDemo/ThreeColorFree/New Animation.anim
  importAddress: Guid(805c127f840cd254fb1c1adc3f20c59e) Importer(2089858483,b0f066a214c2f5e87bad3c948f4d605d)
Start importing Assets/AllCatsDemo/ThreeColorFree/New Animation.anim using Guid(805c127f840cd254fb1c1adc3f20c59e) Importer(2089858483,b0f066a214c2f5e87bad3c948f4d605d) (ScriptedImporter) -> (Import Result ID: 'ddfa5dfa872dd7185954fe022e335e83') in 0.0108862 seconds [static and dynamic dependencies]. Details - ImportResultOutputID=64c0d3335f7aa47925dd9bbf5cf1ac9f DependenciesID=e74186a5dcdb01ab537a1c2bb869c611 StaticDependenciesID=77069466195f39408300d4e5fb062686 
Number of updated asset objects reloaded before import = 0Number of asset objects unloaded after import = 1

========================================================================
Received Import Request.
  Time since last request: 0.000016 seconds.
  path: Assets/AllCatsDemo/Siamese/IdleCattt.png
  importAddress: Guid(c4e0aca074472e44aabfdee64d4a7aff) Importer(2089858483,b0f066a214c2f5e87bad3c948f4d605d)
Start importing Assets/AllCatsDemo/Siamese/IdleCattt.png using Guid(c4e0aca074472e44aabfdee64d4a7aff) Importer(2089858483,b0f066a214c2f5e87bad3c948f4d605d) (ScriptedImporter) -> (Import Result ID: '60c6701b7b83d930bec451a1d0540856') in 0.0144316 seconds [static and dynamic dependencies]. Details - ImportResultOutputID=7b3a8ba08127ec8a5879010ccc29c8f0 DependenciesID=f3485e2fdb1b2af42abe4816996ffbd5 StaticDependenciesID=2671cf09a00dca02fb50ebe9f8dde57a 
Number of updated asset objects reloaded before import = 0Number of asset objects unloaded after import = 9

========================================================================
Received Import Request.
  Time since last request: 0.000015 seconds.
  path: Assets/CatMaterialsDEMO/Materials/CatBowls.mat
  importAddress: Guid(c91e884a60ba4144e92acce96ea5f1d0) Importer(2089858483,b0f066a214c2f5e87bad3c948f4d605d)
Start importing Assets/CatMaterialsDEMO/Materials/CatBowls.mat using Guid(c91e884a60ba4144e92acce96ea5f1d0) Importer(2089858483,b0f066a214c2f5e87bad3c948f4d605d) (ScriptedImporter) -> (Import Result ID: '398f08b58c01f262a0aa446265ee9e76') in 0.0100593 seconds [static and dynamic dependencies]. Details - ImportResultOutputID=2f91daa397c7127456f95e538fc70b34 DependenciesID=70631dd4244c7ecf6bd8ae178392cac9 StaticDependenciesID=937365624412e1b945518e7f2f17b9fb 
Number of updated asset objects reloaded before import = 0Number of asset objects unloaded after import = 2

========================================================================
Received Import Request.
  Time since last request: 0.000018 seconds.
  path: Assets/Barinak/Barinak Paleti.prefab
  importAddress: Guid(7a244570a418c1d409cba541530cbd50) Importer(2089858483,b0f066a214c2f5e87bad3c948f4d605d)
Start importing Assets/Barinak/Barinak Paleti.prefab using Guid(7a244570a418c1d409cba541530cbd50) Importer(2089858483,b0f066a214c2f5e87bad3c948f4d605d) (ScriptedImporter) -> (Import Result ID: '7cb8e6affb7ebc8c106e05d787e89102') in 0.0971145 seconds [static and dynamic dependencies]. Details - ImportResultOutputID=e1c00d05cf9d604c28f8307c376a632e DependenciesID=615005250d19244039f780cb9699c18b StaticDependenciesID=f9ca15dcc04b5ac48d4ec36a3ca7b7cd 
Number of updated asset objects reloaded before import = 0Number of asset objects unloaded after import = 10

========================================================================
Received Import Request.
  Time since last request: 0.000017 seconds.
  path: Assets/AllCatsDemo/Classical/New Animation.anim
  importAddress: Guid(04d267123a37e5a469bf9c1e9f1304d8) Importer(2089858483,b0f066a214c2f5e87bad3c948f4d605d)
Start importing Assets/AllCatsDemo/Classical/New Animation.anim using Guid(04d267123a37e5a469bf9c1e9f1304d8) Importer(2089858483,b0f066a214c2f5e87bad3c948f4d605d) (ScriptedImporter) -> (Import Result ID: 'f961618d96bb4c9282bd063e839d6b6d') in 0.009554 seconds [static and dynamic dependencies]. Details - ImportResultOutputID=d2cc51300f8129d512e9d59a14cfe314 DependenciesID=986ebc80b627effe6dd466e99a665338 StaticDependenciesID=b24dd1eb64bde10048961abdc824fcec 
Number of updated asset objects reloaded before import = 0Number of asset objects unloaded after import = 1

========================================================================
Received Import Request.
  Time since last request: 0.000016 seconds.
  path: Assets/AllCatsDemo/ThreeColorFree/JumpCattt_10.controller
  importAddress: Guid(1ea1a6893b5b16b48b22fc566133d67f) Importer(2089858483,b0f066a214c2f5e87bad3c948f4d605d)
Start importing Assets/AllCatsDemo/ThreeColorFree/JumpCattt_10.controller using Guid(1ea1a6893b5b16b48b22fc566133d67f) Importer(2089858483,b0f066a214c2f5e87bad3c948f4d605d) (ScriptedImporter) -> (Import Result ID: '236574c7611fe0ab1968c05af0244c16') in 0.0088396 seconds [static and dynamic dependencies]. Details - ImportResultOutputID=8b11c76a7faa7dd013b6d469eb8738e0 DependenciesID=c96b2a654ccc72b260c622b35acc2b3d StaticDependenciesID=2c1c527d42596643114b4a873f519ec4 
Number of updated asset objects reloaded before import = 0Number of asset objects unloaded after import = 4

========================================================================
Received Import Request.
  Time since last request: 0.000017 seconds.
  path: Assets/AllCatsDemo/Siamese/IdleCattt_0.controller
  importAddress: Guid(df727f3117e2a73469ef2c53d7c2e3a2) Importer(2089858483,b0f066a214c2f5e87bad3c948f4d605d)
Start importing Assets/AllCatsDemo/Siamese/IdleCattt_0.controller using Guid(df727f3117e2a73469ef2c53d7c2e3a2) Importer(2089858483,b0f066a214c2f5e87bad3c948f4d605d) (ScriptedImporter) -> (Import Result ID: '7abdcb1050e0fd6b4f9d0589dbd20ba4') in 0.0094806 seconds [static and dynamic dependencies]. Details - ImportResultOutputID=177c43df1946dbc1c5ff79ed46dd38e9 DependenciesID=4bbb7d53c03650be07a31d863b75a4df StaticDependenciesID=ca02eb824a75812ed2210623cee9e4f0 
Number of updated asset objects reloaded before import = 0Number of asset objects unloaded after import = 4

========================================================================
Received Import Request.
  Time since last request: 0.000016 seconds.
  path: Assets/CatMaterialsDEMO/Materials
  importAddress: Guid(c8fa73b557abfa240a538352ce9a23ac) Importer(2089858483,b0f066a214c2f5e87bad3c948f4d605d)
Start importing Assets/CatMaterialsDEMO/Materials using Guid(c8fa73b557abfa240a538352ce9a23ac) Importer(2089858483,b0f066a214c2f5e87bad3c948f4d605d) (ScriptedImporter) -> (Import Result ID: '77b90fbcaf81f67f5e413e49db8dfd14') in 0.0079361 seconds [static and dynamic dependencies]. Details - ImportResultOutputID=4d06c10e93e8d9ddd9ebb3a8ecb93a90 DependenciesID=fec83a274182bd9e00c8ac1e170dadfe StaticDependenciesID=c43337d9ef111301ef226f76d781007e 
Number of updated asset objects reloaded before import = 0Number of asset objects unloaded after import = 1

========================================================================
Received Import Request.
  Time since last request: 0.000017 seconds.
  path: Assets/AllCatsDemo/ThreeColorFree/JumpCattt.png
  importAddress: Guid(4e7464b5004ea844c8ea1a12678d2fb0) Importer(2089858483,b0f066a214c2f5e87bad3c948f4d605d)
Start importing Assets/AllCatsDemo/ThreeColorFree/JumpCattt.png using Guid(4e7464b5004ea844c8ea1a12678d2fb0) Importer(2089858483,b0f066a214c2f5e87bad3c948f4d605d) (ScriptedImporter) -> (Import Result ID: '1ea7de969c0ba62e226b4f16cc036e2e') in 0.0178833 seconds [static and dynamic dependencies]. Details - ImportResultOutputID=1da0e27fb12b74789d9aa1fe59b5ffa8 DependenciesID=60cc7ff7fe9f92ec67d2915d3cb39311 StaticDependenciesID=bef0d688d4b3bb6f1bc99084b9c330ec 
Number of updated asset objects reloaded before import = 0Number of asset objects unloaded after import = 15

========================================================================
Received Import Request.
  Time since last request: 0.000018 seconds.
  path: Assets/AllCatsDemo/ThreeColorFree/JumpCattt 1.png
  importAddress: Guid(c6ceb3025f84f2f4482856dcdc8cefe4) Importer(2089858483,b0f066a214c2f5e87bad3c948f4d605d)
Start importing Assets/AllCatsDemo/ThreeColorFree/JumpCattt 1.png using Guid(c6ceb3025f84f2f4482856dcdc8cefe4) Importer(2089858483,b0f066a214c2f5e87bad3c948f4d605d) (ScriptedImporter) -> (Import Result ID: '8a6d855e2c6816517f2cd0e702890d4b') in 0.0177054 seconds [static and dynamic dependencies]. Details - ImportResultOutputID=7bb2494116f356a15a15038e0321f454 DependenciesID=72cdd8b2b27abe0094c5b4846fc35df8 StaticDependenciesID=311f89ef638e9a71ca1cc32400549885 
Number of updated asset objects reloaded before import = 0Number of asset objects unloaded after import = 15

========================================================================
Received Import Request.
  Time since last request: 0.000022 seconds.
  path: Assets/AllCatsDemo/White/IdleCatttt.png
  importAddress: Guid(4527c315322c0c747bb29c8880d78233) Importer(2089858483,b0f066a214c2f5e87bad3c948f4d605d)
Start importing Assets/AllCatsDemo/White/IdleCatttt.png using Guid(4527c315322c0c747bb29c8880d78233) Importer(2089858483,b0f066a214c2f5e87bad3c948f4d605d) (ScriptedImporter) -> (Import Result ID: 'f23637adb10f5b9222bb27b92cecc0f3') in 0.0146608 seconds [static and dynamic dependencies]. Details - ImportResultOutputID=4826d2c8b1452853babb750a735aae6a DependenciesID=5d1434a1f7598d666376d66fdfb2f696 StaticDependenciesID=129803ed42f3b9d6dbea3ab30477584c 
Number of updated asset objects reloaded before import = 0Number of asset objects unloaded after import = 9

========================================================================
Received Import Request.
  Time since last request: 0.000017 seconds.
  path: Assets
  importAddress: Guid(00000000000000001000000000000000) Importer(2089858483,b0f066a214c2f5e87bad3c948f4d605d)
Start importing Assets using Guid(00000000000000001000000000000000) Importer(2089858483,b0f066a214c2f5e87bad3c948f4d605d) (ScriptedImporter) -> (Import Result ID: '40f76de27a5815916fbabad3fadeba4b') in 0.0090209 seconds [static and dynamic dependencies]. Details - ImportResultOutputID=aba0eaa3d1d3760a70d4aa74270b3dd7 DependenciesID=4d08a505504976322655318394c7b2ff StaticDependenciesID=ce7271562d9a718b9eb4b9d18d9cbb33 
Number of updated asset objects reloaded before import = 0Number of asset objects unloaded after import = 1

========================================================================
Received Import Request.
  Time since last request: 0.000013 seconds.
  path: Assets/Modern tiles_Free/Interiors_free/32x32/Room_Builder_free_32x32.png
  importAddress: Guid(bbbdff38cf47b0c40858da286245296e) Importer(815301076,1909f56bfc062723c751e8b465ee728b)
Start importing Assets/Modern tiles_Free/Interiors_free/32x32/Room_Builder_free_32x32.png using Guid(bbbdff38cf47b0c40858da286245296e) Importer(815301076,1909f56bfc062723c751e8b465ee728b) (PreviewImporter) -> (Import Result ID: '18ebadb6312eb0bad574f8a8d1cd94b5') in 0.2640753 seconds [static and dynamic dependencies]. Details - ImportResultOutputID=6219bf25b40b74332bc85d0b381ba30f DependenciesID=65ba65197822ee6b74b03d3559ad395d StaticDependenciesID=50862ecf6cb75aa1bb9e77c9e65b8acd 
Number of updated asset objects reloaded before import = 0Number of asset objects unloaded after import = 245

========================================================================
Received Import Request.
  Time since last request: 0.000022 seconds.
  path: Assets/AllCatsDemo/ThreeColorFree/Materials/JumpCattt.mat
  importAddress: Guid(d8a7458a27beae84ea84f5f726823f9a) Importer(2089858483,b0f066a214c2f5e87bad3c948f4d605d)
Start importing Assets/AllCatsDemo/ThreeColorFree/Materials/JumpCattt.mat using Guid(d8a7458a27beae84ea84f5f726823f9a) Importer(2089858483,b0f066a214c2f5e87bad3c948f4d605d) (ScriptedImporter) -> (Import Result ID: 'a9084d88f2244e4fd838357669ae4f21') in 0.00996 seconds [static and dynamic dependencies]. Details - ImportResultOutputID=5227c8e85ff0a9aa999659b93c1e901d DependenciesID=19350817f3ddb29e1d77d3889c5fa4ac StaticDependenciesID=1e5b9d1c6c94f9ce47f1b7172f8a7024 
Number of updated asset objects reloaded before import = 0Number of asset objects unloaded after import = 2

========================================================================
Received Import Request.
  Time since last request: 0.000022 seconds.
  path: Assets/2.unity
  importAddress: Guid(c33c275f7a6bbb8459168ba55a571ffa) Importer(2089858483,b0f066a214c2f5e87bad3c948f4d605d)
Start importing Assets/2.unity using Guid(c33c275f7a6bbb8459168ba55a571ffa) Importer(2089858483,b0f066a214c2f5e87bad3c948f4d605d) (ScriptedImporter) -> (Import Result ID: '9fda242f53b0b742a399945d37ab05ce') in 0.0117101 seconds [static and dynamic dependencies]. Details - ImportResultOutputID=6c90bca18e662051d3696d5f8d7814d9 DependenciesID=83544c7477d13ee751d6780eead3ee4d StaticDependenciesID=1bf68e9aae2576c68f7bb1c6838e89da 
Number of updated asset objects reloaded before import = 0Number of asset objects unloaded after import = 1

========================================================================
Received Import Request.
  Time since last request: 71.519342 seconds.
  path: Assets/Modern tiles_Free/Interiors_free/32x32/New Palette.prefab
  importAddress: Guid(63aaf4812191029438c9fcbe2e366059) Importer(815301076,1909f56bfc062723c751e8b465ee728b)
Start importing Assets/Modern tiles_Free/Interiors_free/32x32/New Palette.prefab using Guid(63aaf4812191029438c9fcbe2e366059) Importer(815301076,1909f56bfc062723c751e8b465ee728b) (PreviewImporter) -> (Import Result ID: '9f5ac4b0320f5642992bf42c9aad27cd') in 0.0310519 seconds [static and dynamic dependencies]. Details - ImportResultOutputID=3d6a303e2f9557ddfd7bf7d32ea87f43 DependenciesID=19995ecb97e570a5a85e98e66469e7c5 StaticDependenciesID=4176d647482b54e6128ea794dea046f8 
Number of updated asset objects reloaded before import = 0Number of asset objects unloaded after import = 10

========================================================================
Received Import Request.
  Time since last request: 0.906806 seconds.
  path: Assets/Modern tiles_Free/Interiors_free/32x32/New Palette.prefab
  importAddress: Guid(63aaf4812191029438c9fcbe2e366059) Importer(2089858483,b0f066a214c2f5e87bad3c948f4d605d)
Start importing Assets/Modern tiles_Free/Interiors_free/32x32/New Palette.prefab using Guid(63aaf4812191029438c9fcbe2e366059) Importer(2089858483,b0f066a214c2f5e87bad3c948f4d605d) (ScriptedImporter) -> (Import Result ID: 'd07e89bf8f596734132f95ed15e97d31') in 0.0088256 seconds [static and dynamic dependencies]. Details - ImportResultOutputID=5f87ba4d401d34251c59f12b4386ae64 DependenciesID=4cea9d8bacf7e91f409a39c2b926cf1b StaticDependenciesID=9c2e03069df5b7d4ae8a1b1924263896 
Number of updated asset objects reloaded before import = 0Number of asset objects unloaded after import = 10

========================================================================
Received Import Request.
  Time since last request: 11.690607 seconds.
  path: Assets/Modern tiles_Free/Interiors_free/32x32/Interiors_free_32x32_0.asset
  importAddress: Guid(b074ee36ba806f14d8fc807416301820) Importer(815301076,1909f56bfc062723c751e8b465ee728b)
Start importing Assets/Modern tiles_Free/Interiors_free/32x32/Interiors_free_32x32_0.asset using Guid(b074ee36ba806f14d8fc807416301820) Importer(815301076,1909f56bfc062723c751e8b465ee728b) (PreviewImporter) -> (Import Result ID: '430bccf2195d3b999af553ebc85e9ef3') in 0.0157938 seconds [static and dynamic dependencies]. Details - ImportResultOutputID=1e95128ad825c86305ea164d8877fec2 DependenciesID=0d714f16f926bd2f1f46b89a333f116a StaticDependenciesID=816e6c1523892fb64a13e38d2a809869 
Number of updated asset objects reloaded before import = 0Number of asset objects unloaded after import = 3

========================================================================
Received Import Request.
  Time since last request: 0.001324 seconds.
  path: Assets/Modern tiles_Free/Interiors_free/32x32/Interiors_free_32x32_4.asset
  importAddress: Guid(8836a59d9c870524ea922fe72e30e0f9) Importer(815301076,1909f56bfc062723c751e8b465ee728b)
Start importing Assets/Modern tiles_Free/Interiors_free/32x32/Interiors_free_32x32_4.asset using Guid(8836a59d9c870524ea922fe72e30e0f9) Importer(815301076,1909f56bfc062723c751e8b465ee728b) (PreviewImporter) -> (Import Result ID: '716736b5a591ccbba8fc23a79a757e25') in 0.0103952 seconds [static and dynamic dependencies]. Details - ImportResultOutputID=48d45c0bcef4b0aed3e00e174d886c7a DependenciesID=b76fcdfe695f3953780141e1af504cc3 StaticDependenciesID=543085a0ced09ba5728389b71ed80301 
Number of updated asset objects reloaded before import = 0Number of asset objects unloaded after import = 3

========================================================================
Received Import Request.
  Time since last request: 0.000020 seconds.
  path: Assets/Modern tiles_Free/Interiors_free/32x32/Interiors_free_32x32_8.asset
  importAddress: Guid(fc23f403b22c53f4c8fbbc84f4ea5274) Importer(815301076,1909f56bfc062723c751e8b465ee728b)
Start importing Assets/Modern tiles_Free/Interiors_free/32x32/Interiors_free_32x32_8.asset using Guid(fc23f403b22c53f4c8fbbc84f4ea5274) Importer(815301076,1909f56bfc062723c751e8b465ee728b) (PreviewImporter) -> (Import Result ID: 'e4e61f22e2f79245e7f4a3c9d403e4f3') in 0.0098715 seconds [static and dynamic dependencies]. Details - ImportResultOutputID=7cceff5f2c248bac10347f2845ffa093 DependenciesID=653dd0f8b3152dc8f10f8cf1b0d21693 StaticDependenciesID=147484f1e632cabe2dc2ab6472dc7bc1 
Number of updated asset objects reloaded before import = 0Number of asset objects unloaded after import = 3

========================================================================
Received Import Request.
  Time since last request: 0.000023 seconds.
  path: Assets/Modern tiles_Free/Interiors_free/32x32/Interiors_free_32x32_51.asset
  importAddress: Guid(ab38d90b5450a6741868e675271092d2) Importer(815301076,1909f56bfc062723c751e8b465ee728b)
Start importing Assets/Modern tiles_Free/Interiors_free/32x32/Interiors_free_32x32_51.asset using Guid(ab38d90b5450a6741868e675271092d2) Importer(815301076,1909f56bfc062723c751e8b465ee728b) (PreviewImporter) -> (Import Result ID: '50d18db0098f1bb07db7c13dea3643dd') in 0.011113 seconds [static and dynamic dependencies]. Details - ImportResultOutputID=930c65db512f48b31b4f53ad54f3fa04 DependenciesID=237b491f7a213ecaeade5f6c416309bc StaticDependenciesID=4fa3dbaefa5c5ff896283dc2dd5c2392 
Number of updated asset objects reloaded before import = 0Number of asset objects unloaded after import = 3

========================================================================
Received Import Request.
  Time since last request: 0.000023 seconds.
  path: Assets/Modern tiles_Free/Interiors_free/32x32/Interiors_free_32x32_47.asset
  importAddress: Guid(b39902b51516c2f42a0a1b0ff2e2473f) Importer(815301076,1909f56bfc062723c751e8b465ee728b)
Start importing Assets/Modern tiles_Free/Interiors_free/32x32/Interiors_free_32x32_47.asset using Guid(b39902b51516c2f42a0a1b0ff2e2473f) Importer(815301076,1909f56bfc062723c751e8b465ee728b) (PreviewImporter) -> (Import Result ID: 'eb92b25e258d33924aeebbbfb388d497') in 0.0104925 seconds [static and dynamic dependencies]. Details - ImportResultOutputID=26ed0c6afc221b4ad4fcda18950e0730 DependenciesID=03388f0cf255b76d7670b4f571bb8a04 StaticDependenciesID=e6b76ed845d64c726268f24ce44d52ea 
Number of updated asset objects reloaded before import = 0Number of asset objects unloaded after import = 3

========================================================================
Received Import Request.
  Time since last request: 0.000023 seconds.
  path: Assets/Modern tiles_Free/Interiors_free/32x32/Interiors_free_32x32_77.asset
  importAddress: Guid(1ae68bc17367d934e81f44e6dde98480) Importer(815301076,1909f56bfc062723c751e8b465ee728b)
Start importing Assets/Modern tiles_Free/Interiors_free/32x32/Interiors_free_32x32_77.asset using Guid(1ae68bc17367d934e81f44e6dde98480) Importer(815301076,1909f56bfc062723c751e8b465ee728b) (PreviewImporter) -> (Import Result ID: '8511870355c6ba0b6ac9f2f236d7b19d') in 0.0106691 seconds [static and dynamic dependencies]. Details - ImportResultOutputID=040f31483b234db04ea9b9aecf0ccfa1 DependenciesID=8712b6bd53702e6a9dc6d61c153ea32c StaticDependenciesID=67d46fa2a90d54cb2570cc47924c4306 
Number of updated asset objects reloaded before import = 0Number of asset objects unloaded after import = 3

========================================================================
Received Import Request.
  Time since last request: 0.000016 seconds.
  path: Assets/Modern tiles_Free/Interiors_free/32x32/Interiors_free_32x32_16.asset
  importAddress: Guid(9c0ece482ec82fd42ad1acfd0f72a259) Importer(815301076,1909f56bfc062723c751e8b465ee728b)
Start importing Assets/Modern tiles_Free/Interiors_free/32x32/Interiors_free_32x32_16.asset using Guid(9c0ece482ec82fd42ad1acfd0f72a259) Importer(815301076,1909f56bfc062723c751e8b465ee728b) (PreviewImporter) -> (Import Result ID: '3af4f2b00418397a034ef84eca43f6fa') in 0.0096487 seconds [static and dynamic dependencies]. Details - ImportResultOutputID=98548362add897ca621c9a54035bde58 DependenciesID=7477448e10d7e102b62c39dc989139bd StaticDependenciesID=f740c3ab0b5067fd9d420096886f52d8 
Number of updated asset objects reloaded before import = 0Number of asset objects unloaded after import = 3

========================================================================
Received Import Request.
  Time since last request: 0.000018 seconds.
  path: Assets/Modern tiles_Free/Interiors_free/32x32/Interiors_free_32x32_57.asset
  importAddress: Guid(59829600bcc2b6641aaa68141960c19b) Importer(815301076,1909f56bfc062723c751e8b465ee728b)
Start importing Assets/Modern tiles_Free/Interiors_free/32x32/Interiors_free_32x32_57.asset using Guid(59829600bcc2b6641aaa68141960c19b) Importer(815301076,1909f56bfc062723c751e8b465ee728b) (PreviewImporter) -> (Import Result ID: 'bf88e5a52980fdcfccbd4acec44b2078') in 0.0100419 seconds [static and dynamic dependencies]. Details - ImportResultOutputID=413a0c3e79c468bf7f443bc5d7f92f73 DependenciesID=3ff3a9622da1ea3ed4ed1c44074a9b1a StaticDependenciesID=e3a04eb6343d9454c38f07931ef5b168 
Number of updated asset objects reloaded before import = 0Number of asset objects unloaded after import = 3

========================================================================
Received Import Request.
  Time since last request: 0.000019 seconds.
  path: Assets/Modern tiles_Free/Interiors_free/32x32/Interiors_free_32x32_24.asset
  importAddress: Guid(561ab5bcbac3aaa4b88750e94fc72f7c) Importer(815301076,1909f56bfc062723c751e8b465ee728b)
Start importing Assets/Modern tiles_Free/Interiors_free/32x32/Interiors_free_32x32_24.asset using Guid(561ab5bcbac3aaa4b88750e94fc72f7c) Importer(815301076,1909f56bfc062723c751e8b465ee728b) (PreviewImporter) -> (Import Result ID: '70a5e7694547b3d15540fa4cf715675b') in 0.0112209 seconds [static and dynamic dependencies]. Details - ImportResultOutputID=81b6d0bfe6779e8d5430d5a4007095d7 DependenciesID=04e968ecf76c4cbd66104ab5aab9c2b8 StaticDependenciesID=0ff547f0b387044d25b2662d383aaebc 
Number of updated asset objects reloaded before import = 0Number of asset objects unloaded after import = 3

========================================================================
Received Import Request.
  Time since last request: 0.000020 seconds.
  path: Assets/Modern tiles_Free/Interiors_free/32x32/Interiors_free_32x32_39.asset
  importAddress: Guid(a6844ffc4b574df449c312b8b7689b73) Importer(815301076,1909f56bfc062723c751e8b465ee728b)
Start importing Assets/Modern tiles_Free/Interiors_free/32x32/Interiors_free_32x32_39.asset using Guid(a6844ffc4b574df449c312b8b7689b73) Importer(815301076,1909f56bfc062723c751e8b465ee728b) (PreviewImporter) -> (Import Result ID: '1d67c4bddff6084facf9399e5364465d') in 0.0112988 seconds [static and dynamic dependencies]. Details - ImportResultOutputID=530a7c7d3a4a49cd0314adf988f0e445 DependenciesID=e1480e36fbbd8eb6cc11ca8d4e2d44a8 StaticDependenciesID=7373d82da6087c10b2de67fdaac2171f 
Number of updated asset objects reloaded before import = 0Number of asset objects unloaded after import = 3

========================================================================
Received Import Request.
  Time since last request: 0.000022 seconds.
  path: Assets/Modern tiles_Free/Interiors_free/32x32/Interiors_free_32x32_55.asset
  importAddress: Guid(a6a23707ffbc4484aaefe7e18faedf10) Importer(815301076,1909f56bfc062723c751e8b465ee728b)
Start importing Assets/Modern tiles_Free/Interiors_free/32x32/Interiors_free_32x32_55.asset using Guid(a6a23707ffbc4484aaefe7e18faedf10) Importer(815301076,1909f56bfc062723c751e8b465ee728b) (PreviewImporter) -> (Import Result ID: '5393da0f903beee257e3beda472e00ce') in 0.0115894 seconds [static and dynamic dependencies]. Details - ImportResultOutputID=3bde1e52f4ea8f3653751795fb8ca581 DependenciesID=a8d2910a09be98500d9d9a5142fead42 StaticDependenciesID=59f5a3ed7b4162f8f514691dd75dad79 
Number of updated asset objects reloaded before import = 0Number of asset objects unloaded after import = 3

========================================================================
Received Import Request.
  Time since last request: 0.000022 seconds.
  path: Assets/Modern tiles_Free/Interiors_free/32x32/Interiors_free_32x32_32.asset
  importAddress: Guid(afc666c174a468a4db6d22a381db4c2e) Importer(815301076,1909f56bfc062723c751e8b465ee728b)
Start importing Assets/Modern tiles_Free/Interiors_free/32x32/Interiors_free_32x32_32.asset using Guid(afc666c174a468a4db6d22a381db4c2e) Importer(815301076,1909f56bfc062723c751e8b465ee728b) (PreviewImporter) -> (Import Result ID: '0765a8796ab52f469327b821145bb41a') in 0.0113955 seconds [static and dynamic dependencies]. Details - ImportResultOutputID=d29a3cd032d129fab47ec92d98738335 DependenciesID=c78a281042cddf6ae3e36772f7196284 StaticDependenciesID=dd71f8e41c484cae045795251c2380c7 
Number of updated asset objects reloaded before import = 0Number of asset objects unloaded after import = 3

========================================================================
Received Import Request.
  Time since last request: 0.000022 seconds.
  path: Assets/Modern tiles_Free/Interiors_free/32x32/Interiors_free_32x32_38.asset
  importAddress: Guid(6ce189fc923f6154db3fb16e8b6dda3a) Importer(815301076,1909f56bfc062723c751e8b465ee728b)
Start importing Assets/Modern tiles_Free/Interiors_free/32x32/Interiors_free_32x32_38.asset using Guid(6ce189fc923f6154db3fb16e8b6dda3a) Importer(815301076,1909f56bfc062723c751e8b465ee728b) (PreviewImporter) -> (Import Result ID: 'ea1db6e3f62eb91c7936c27983c1456a') in 0.0112893 seconds [static and dynamic dependencies]. Details - ImportResultOutputID=57a6a152676d3a5d6307bb29ceadf205 DependenciesID=5abd35f59a0ba3f52031159868527199 StaticDependenciesID=97d5c419f0f2911c238294508cba82cf 
Number of updated asset objects reloaded before import = 0Number of asset objects unloaded after import = 3

========================================================================
Received Import Request.
  Time since last request: 0.000021 seconds.
  path: Assets/Modern tiles_Free/Interiors_free/32x32/Interiors_free_32x32_46.asset
  importAddress: Guid(2df8f7348831b5b419638409ff491750) Importer(815301076,1909f56bfc062723c751e8b465ee728b)
Start importing Assets/Modern tiles_Free/Interiors_free/32x32/Interiors_free_32x32_46.asset using Guid(2df8f7348831b5b419638409ff491750) Importer(815301076,1909f56bfc062723c751e8b465ee728b) (PreviewImporter) -> (Import Result ID: 'df542d1d1f5907d0c8a7e3cab2631a61') in 0.0109596 seconds [static and dynamic dependencies]. Details - ImportResultOutputID=6415e7bbe7df3962565f3b4c88a01568 DependenciesID=11f5f6c230b84fb53b69d6bef6c04eb4 StaticDependenciesID=1133248026ccf24d69190d7e1b15d8d6 
Number of updated asset objects reloaded before import = 0Number of asset objects unloaded after import = 3

========================================================================
Received Import Request.
  Time since last request: 0.000016 seconds.
  path: Assets/Modern tiles_Free/Interiors_free/32x32/Interiors_free_32x32_67.asset
  importAddress: Guid(2d6af9f5005ef614cbde451d11d895dc) Importer(815301076,1909f56bfc062723c751e8b465ee728b)
Start importing Assets/Modern tiles_Free/Interiors_free/32x32/Interiors_free_32x32_67.asset using Guid(2d6af9f5005ef614cbde451d11d895dc) Importer(815301076,1909f56bfc062723c751e8b465ee728b) (PreviewImporter) -> (Import Result ID: 'f4fb478e7530c964ed9baf9d6511af91') in 0.0102478 seconds [static and dynamic dependencies]. Details - ImportResultOutputID=b45cffb9d357341890a6772c306dfb78 DependenciesID=56e4adc71b8c99bf036d4be40aac6b95 StaticDependenciesID=1493f805aa2125e521f601b40f77fe64 
Number of updated asset objects reloaded before import = 0Number of asset objects unloaded after import = 3

========================================================================
Received Import Request.
  Time since last request: 0.000018 seconds.
  path: Assets/Modern tiles_Free/Interiors_free/32x32/Interiors_free_32x32_37.asset
  importAddress: Guid(696d54745fc73f040854857ebec107d2) Importer(815301076,1909f56bfc062723c751e8b465ee728b)
Start importing Assets/Modern tiles_Free/Interiors_free/32x32/Interiors_free_32x32_37.asset using Guid(696d54745fc73f040854857ebec107d2) Importer(815301076,1909f56bfc062723c751e8b465ee728b) (PreviewImporter) -> (Import Result ID: 'b07ff9a7a976be71a0d64863e9d58c1c') in 0.0106754 seconds [static and dynamic dependencies]. Details - ImportResultOutputID=c2873d45f045301c0cbefc4888448e62 DependenciesID=8840682252da109a0d297b0cfef4d14e StaticDependenciesID=2264d22c309d2118e3831e0c570d4c75 
Number of updated asset objects reloaded before import = 0Number of asset objects unloaded after import = 3

========================================================================
Received Import Request.
  Time since last request: 0.000021 seconds.
  path: Assets/Modern tiles_Free/Interiors_free/32x32/Interiors_free_32x32_29.asset
  importAddress: Guid(4c7f29c569f02504c9a97d0968b58a6f) Importer(815301076,1909f56bfc062723c751e8b465ee728b)
Start importing Assets/Modern tiles_Free/Interiors_free/32x32/Interiors_free_32x32_29.asset using Guid(4c7f29c569f02504c9a97d0968b58a6f) Importer(815301076,1909f56bfc062723c751e8b465ee728b) (PreviewImporter) -> (Import Result ID: '88c562e98e3564682ac9f7b3c84c4043') in 0.0108719 seconds [static and dynamic dependencies]. Details - ImportResultOutputID=3697657671f42871bc1c699e70f0b370 DependenciesID=2ddbdd350dfc0c243421279e218a7733 StaticDependenciesID=fd349052c1927ab79f3cbf8fa359a3ee 
Number of updated asset objects reloaded before import = 0Number of asset objects unloaded after import = 3

========================================================================
Received Import Request.
  Time since last request: 0.000019 seconds.
  path: Assets/Modern tiles_Free/Interiors_free/32x32/Interiors_free_32x32_56.asset
  importAddress: Guid(9be2a283a065e7540963a07018f9df41) Importer(815301076,1909f56bfc062723c751e8b465ee728b)
Start importing Assets/Modern tiles_Free/Interiors_free/32x32/Interiors_free_32x32_56.asset using Guid(9be2a283a065e7540963a07018f9df41) Importer(815301076,1909f56bfc062723c751e8b465ee728b) (PreviewImporter) -> (Import Result ID: '4eced0fd80a620df1b8a88068b3d8843') in 0.0107435 seconds [static and dynamic dependencies]. Details - ImportResultOutputID=b46b8f52d0f925c758a21d7a71ebc5b3 DependenciesID=f0ecf263c4deac152eaa44206b883f81 StaticDependenciesID=71f041d0731aedf022ffabd8a43809ca 
Number of updated asset objects reloaded before import = 0Number of asset objects unloaded after import = 3

========================================================================
Received Import Request.
  Time since last request: 0.000019 seconds.
  path: Assets/Modern tiles_Free/Interiors_free/32x32/Interiors_free_32x32_44.asset
  importAddress: Guid(80c8fe7858bebbc469bced2f40a0a92e) Importer(815301076,1909f56bfc062723c751e8b465ee728b)
Start importing Assets/Modern tiles_Free/Interiors_free/32x32/Interiors_free_32x32_44.asset using Guid(80c8fe7858bebbc469bced2f40a0a92e) Importer(815301076,1909f56bfc062723c751e8b465ee728b) (PreviewImporter) -> (Import Result ID: 'bdf65d9a9a8527cb1a0d2d66c502f49c') in 0.010415 seconds [static and dynamic dependencies]. Details - ImportResultOutputID=81731ab7495b656de65bc62eb5cae59f DependenciesID=c1b5e8eee58b16292915844dab0518b6 StaticDependenciesID=76b4b4247bcc7f5e3ff7f9605d8b71f4 
Number of updated asset objects reloaded before import = 0Number of asset objects unloaded after import = 3

========================================================================
Received Import Request.
  Time since last request: 0.000037 seconds.
  path: Assets/Modern tiles_Free/Interiors_free/32x32/Interiors_free_32x32_50.asset
  importAddress: Guid(272bffa97c7ded3428c1625039d7ab2b) Importer(815301076,1909f56bfc062723c751e8b465ee728b)
Start importing Assets/Modern tiles_Free/Interiors_free/32x32/Interiors_free_32x32_50.asset using Guid(272bffa97c7ded3428c1625039d7ab2b) Importer(815301076,1909f56bfc062723c751e8b465ee728b) (PreviewImporter) -> (Import Result ID: '2b5bed2f1c8d421f93da4b966ad77bbc') in 0.0104252 seconds [static and dynamic dependencies]. Details - ImportResultOutputID=74eaaec6ef6f69966ed49fe699e386ab DependenciesID=b4c90b7ca691a28f2827f36bb65af0d6 StaticDependenciesID=007203532723a8dc62eed49b107cea0a 
Number of updated asset objects reloaded before import = 0Number of asset objects unloaded after import = 3

========================================================================
Received Import Request.
  Time since last request: 0.000030 seconds.
  path: Assets/Modern tiles_Free/Interiors_free/32x32/Interiors_free_32x32_52.asset
  importAddress: Guid(74431aaa835a3b243be8157ac58c82ed) Importer(815301076,1909f56bfc062723c751e8b465ee728b)
Start importing Assets/Modern tiles_Free/Interiors_free/32x32/Interiors_free_32x32_52.asset using Guid(74431aaa835a3b243be8157ac58c82ed) Importer(815301076,1909f56bfc062723c751e8b465ee728b) (PreviewImporter) -> (Import Result ID: '6d8dbd9a916a0145c30ecb88946e5df9') in 0.011147 seconds [static and dynamic dependencies]. Details - ImportResultOutputID=31989acd15cfb5ddb780bf466fd54cb3 DependenciesID=baa485f506c31f7e3dc9c6a96b7381da StaticDependenciesID=a6cbbf834a34ee66686db0e3861eb09d 
Number of updated asset objects reloaded before import = 0Number of asset objects unloaded after import = 3

========================================================================
Received Import Request.
  Time since last request: 0.000019 seconds.
  path: Assets/Modern tiles_Free/Interiors_free/32x32/Interiors_free_32x32_18.asset
  importAddress: Guid(5ac8e91a6b0296c4b95c0722e085e18b) Importer(815301076,1909f56bfc062723c751e8b465ee728b)
Start importing Assets/Modern tiles_Free/Interiors_free/32x32/Interiors_free_32x32_18.asset using Guid(5ac8e91a6b0296c4b95c0722e085e18b) Importer(815301076,1909f56bfc062723c751e8b465ee728b) (PreviewImporter) -> (Import Result ID: '8612f68a6efeb45b9bc442cd52d45a9c') in 0.0101874 seconds [static and dynamic dependencies]. Details - ImportResultOutputID=46de11f8d12afc7e3b7fb4db2be365f3 DependenciesID=7e7238a23bea708f3b13e2910fc408d4 StaticDependenciesID=533a11663a380349bf2bda4ea925d764 
Number of updated asset objects reloaded before import = 0Number of asset objects unloaded after import = 3

========================================================================
Received Import Request.
  Time since last request: 0.000021 seconds.
  path: Assets/Modern tiles_Free/Interiors_free/32x32/Interiors_free_32x32_28.asset
  importAddress: Guid(fe211146695d0714fafa7489705b316d) Importer(815301076,1909f56bfc062723c751e8b465ee728b)
Start importing Assets/Modern tiles_Free/Interiors_free/32x32/Interiors_free_32x32_28.asset using Guid(fe211146695d0714fafa7489705b316d) Importer(815301076,1909f56bfc062723c751e8b465ee728b) (PreviewImporter) -> (Import Result ID: '66a80cc74d1bbe89971cabc005169c38') in 0.0104628 seconds [static and dynamic dependencies]. Details - ImportResultOutputID=e8e44c15cc9114d6818f601b3bce1716 DependenciesID=3aab6fb4ab9b376253b4e3b0e642d328 StaticDependenciesID=2c4668f10630c97271b260e52c4d81e2 
Number of updated asset objects reloaded before import = 0Number of asset objects unloaded after import = 3

========================================================================
Received Import Request.
  Time since last request: 0.000024 seconds.
  path: Assets/Modern tiles_Free/Interiors_free/32x32/Interiors_free_32x32_34.asset
  importAddress: Guid(18f5ecd812684a042ac1a77454372c60) Importer(815301076,1909f56bfc062723c751e8b465ee728b)
Start importing Assets/Modern tiles_Free/Interiors_free/32x32/Interiors_free_32x32_34.asset using Guid(18f5ecd812684a042ac1a77454372c60) Importer(815301076,1909f56bfc062723c751e8b465ee728b) (PreviewImporter) -> (Import Result ID: '84fd6f565ab291b91ead7183fc1f85b1') in 0.010635 seconds [static and dynamic dependencies]. Details - ImportResultOutputID=bf29542a5e1e8e3fcced2598ba4dc9c9 DependenciesID=a5112151adc7848c0cadc53a01c00f2b StaticDependenciesID=40ffba07e18ec0f954d09c5b2066ceaf 
Number of updated asset objects reloaded before import = 0Number of asset objects unloaded after import = 3

========================================================================
Received Import Request.
  Time since last request: 0.000019 seconds.
  path: Assets/Modern tiles_Free/Interiors_free/32x32/Interiors_free_32x32_60.asset
  importAddress: Guid(cf42923ec01180b47b622bb09a0680ba) Importer(815301076,1909f56bfc062723c751e8b465ee728b)
Start importing Assets/Modern tiles_Free/Interiors_free/32x32/Interiors_free_32x32_60.asset using Guid(cf42923ec01180b47b622bb09a0680ba) Importer(815301076,1909f56bfc062723c751e8b465ee728b) (PreviewImporter) -> (Import Result ID: 'a3ad4b2d1129a58d3be75b64ff328030') in 0.0112205 seconds [static and dynamic dependencies]. Details - ImportResultOutputID=5326f0e30f690650badfc63703d284b8 DependenciesID=b126d978d083a93b2b2f5ae2d56238a9 StaticDependenciesID=29df9a5f71bba645eb4e01e818955acf 
Number of updated asset objects reloaded before import = 0Number of asset objects unloaded after import = 3

========================================================================
Received Import Request.
  Time since last request: 0.000017 seconds.
  path: Assets/Modern tiles_Free/Interiors_free/32x32/Interiors_free_32x32_40.asset
  importAddress: Guid(3c7f4d412147edc43989a653bfb83db9) Importer(815301076,1909f56bfc062723c751e8b465ee728b)
Start importing Assets/Modern tiles_Free/Interiors_free/32x32/Interiors_free_32x32_40.asset using Guid(3c7f4d412147edc43989a653bfb83db9) Importer(815301076,1909f56bfc062723c751e8b465ee728b) (PreviewImporter) -> (Import Result ID: '9fdf2eb80ad50ec8eb4f960a8dd4d18c') in 0.0106322 seconds [static and dynamic dependencies]. Details - ImportResultOutputID=f4416c20b6ddba28d3d78f93db60b8a6 DependenciesID=b546605175b7065a0511f73ad20cfe62 StaticDependenciesID=b929a5b32b0ed45a263653200f31c291 
Number of updated asset objects reloaded before import = 0Number of asset objects unloaded after import = 3

========================================================================
Received Import Request.
  Time since last request: 0.000019 seconds.
  path: Assets/Modern tiles_Free/Interiors_free/32x32/Interiors_free_32x32_70.asset
  importAddress: Guid(12a4dc4825915b748b0700d745e07835) Importer(815301076,1909f56bfc062723c751e8b465ee728b)
Start importing Assets/Modern tiles_Free/Interiors_free/32x32/Interiors_free_32x32_70.asset using Guid(12a4dc4825915b748b0700d745e07835) Importer(815301076,1909f56bfc062723c751e8b465ee728b) (PreviewImporter) -> (Import Result ID: 'd633f710f6f241c2c9498623dda4f510') in 0.0108804 seconds [static and dynamic dependencies]. Details - ImportResultOutputID=f4f909cdd426905e0cdfc565c93df57a DependenciesID=c89b70cd5b2b9d445706693f0b5ffb62 StaticDependenciesID=952c077eb054631f215b97debe449119 
Number of updated asset objects reloaded before import = 0Number of asset objects unloaded after import = 3

========================================================================
Received Import Request.
  Time since last request: 0.000015 seconds.
  path: Assets/Modern tiles_Free/Interiors_free/32x32/Interiors_free_32x32_12.asset
  importAddress: Guid(7b6ab0cde1b9a5a4b8c9f819ea2b56d7) Importer(815301076,1909f56bfc062723c751e8b465ee728b)
Start importing Assets/Modern tiles_Free/Interiors_free/32x32/Interiors_free_32x32_12.asset using Guid(7b6ab0cde1b9a5a4b8c9f819ea2b56d7) Importer(815301076,1909f56bfc062723c751e8b465ee728b) (PreviewImporter) -> (Import Result ID: 'b638dcd2947d302a9d46900211f100f2') in 0.0098554 seconds [static and dynamic dependencies]. Details - ImportResultOutputID=f1bdacb471189d0c494efe3faab16852 DependenciesID=0409b6f6dc855e956c2f4c32c8e59176 StaticDependenciesID=f19b6544fe0f4b36adce81ba68a797d9 
Number of updated asset objects reloaded before import = 0Number of asset objects unloaded after import = 3

========================================================================
Received Import Request.
  Time since last request: 0.000015 seconds.
  path: Assets/Modern tiles_Free/Interiors_free/32x32/Interiors_free_32x32_25.asset
  importAddress: Guid(50dd5bab13d965849a428bc026683f17) Importer(815301076,1909f56bfc062723c751e8b465ee728b)
Start importing Assets/Modern tiles_Free/Interiors_free/32x32/Interiors_free_32x32_25.asset using Guid(50dd5bab13d965849a428bc026683f17) Importer(815301076,1909f56bfc062723c751e8b465ee728b) (PreviewImporter) -> (Import Result ID: '71e6943f4866fc35f35bc9d3da406be1') in 0.0112756 seconds [static and dynamic dependencies]. Details - ImportResultOutputID=2e2de8203d8eb257a49487ef188e6fa1 DependenciesID=107379858c59edb1088bf16b9acdd3dc StaticDependenciesID=6c2bd2f54f83f4024aa72fe8167b5957 
Number of updated asset objects reloaded before import = 0Number of asset objects unloaded after import = 3

========================================================================
Received Import Request.
  Time since last request: 0.000025 seconds.
  path: Assets/Modern tiles_Free/Interiors_free/32x32/Interiors_free_32x32_68.asset
  importAddress: Guid(da1933ae5f254a34a87e61f123d37930) Importer(815301076,1909f56bfc062723c751e8b465ee728b)
Start importing Assets/Modern tiles_Free/Interiors_free/32x32/Interiors_free_32x32_68.asset using Guid(da1933ae5f254a34a87e61f123d37930) Importer(815301076,1909f56bfc062723c751e8b465ee728b) (PreviewImporter) -> (Import Result ID: '60b6353b14902ea066ef725048a9d76f') in 0.0104075 seconds [static and dynamic dependencies]. Details - ImportResultOutputID=e38f1d480a04e39d5931418f6c53bebe DependenciesID=8d4e3a80e78ace9d290203dd8c9d09f0 StaticDependenciesID=1d1dac294e4eb4b2795e2d1edd78f24a 
Number of updated asset objects reloaded before import = 0Number of asset objects unloaded after import = 3

========================================================================
Received Import Request.
  Time since last request: 0.000024 seconds.
  path: Assets/Modern tiles_Free/Interiors_free/32x32/Interiors_free_32x32_14.asset
  importAddress: Guid(260cf07fa41542b4d852284b541744c7) Importer(815301076,1909f56bfc062723c751e8b465ee728b)
Start importing Assets/Modern tiles_Free/Interiors_free/32x32/Interiors_free_32x32_14.asset using Guid(260cf07fa41542b4d852284b541744c7) Importer(815301076,1909f56bfc062723c751e8b465ee728b) (PreviewImporter) -> (Import Result ID: '0b0f000441bfac5a76e95815fab02296') in 0.0104369 seconds [static and dynamic dependencies]. Details - ImportResultOutputID=5b556473109c36569d38e6fda723d4d7 DependenciesID=01218bc09350c55cf10b3f4b50edfdf4 StaticDependenciesID=03667518e656b7e2ef303db2fa15b774 
Number of updated asset objects reloaded before import = 0Number of asset objects unloaded after import = 3

========================================================================
Received Import Request.
  Time since last request: 0.000019 seconds.
  path: Assets/Modern tiles_Free/Interiors_free/32x32/Interiors_free_32x32_63.asset
  importAddress: Guid(8f896e2e5dff0e746991a507e669ca90) Importer(815301076,1909f56bfc062723c751e8b465ee728b)
Start importing Assets/Modern tiles_Free/Interiors_free/32x32/Interiors_free_32x32_63.asset using Guid(8f896e2e5dff0e746991a507e669ca90) Importer(815301076,1909f56bfc062723c751e8b465ee728b) (PreviewImporter) -> (Import Result ID: 'f005b2b3f2365c1d562631c2e1687124') in 0.0108906 seconds [static and dynamic dependencies]. Details - ImportResultOutputID=15649d48f95568aa3e0dba55cb2d1cc9 DependenciesID=87077d7d59f328bf0e87bc8138a9ce43 StaticDependenciesID=5a6cfe227470e5d2b05e1d627ada94f0 
Number of updated asset objects reloaded before import = 0Number of asset objects unloaded after import = 3

========================================================================
Received Import Request.
  Time since last request: 0.000020 seconds.
  path: Assets/Modern tiles_Free/Interiors_free/32x32/Interiors_free_32x32_43.asset
  importAddress: Guid(be464e1ea7c98a24b88ee5f31790c3bf) Importer(815301076,1909f56bfc062723c751e8b465ee728b)
Start importing Assets/Modern tiles_Free/Interiors_free/32x32/Interiors_free_32x32_43.asset using Guid(be464e1ea7c98a24b88ee5f31790c3bf) Importer(815301076,1909f56bfc062723c751e8b465ee728b) (PreviewImporter) -> (Import Result ID: 'e5f71bfc911ce2440442b08576d036e2') in 0.0110415 seconds [static and dynamic dependencies]. Details - ImportResultOutputID=d81a956c752bbe30d1429c5f01c3bd4f DependenciesID=bacc29b5651fadd23da622f2d59d0cf0 StaticDependenciesID=a7f81c85be2963ae902f27f208487949 
Number of updated asset objects reloaded before import = 0Number of asset objects unloaded after import = 3

========================================================================
Received Import Request.
  Time since last request: 0.000015 seconds.
  path: Assets/Modern tiles_Free/Interiors_free/32x32/Interiors_free_32x32_2.asset
  importAddress: Guid(691fcd2260c376a4fae54effe95c0c4e) Importer(815301076,1909f56bfc062723c751e8b465ee728b)
Start importing Assets/Modern tiles_Free/Interiors_free/32x32/Interiors_free_32x32_2.asset using Guid(691fcd2260c376a4fae54effe95c0c4e) Importer(815301076,1909f56bfc062723c751e8b465ee728b) (PreviewImporter) -> (Import Result ID: 'b48e6d5dc9ab7a60a7d50a23ddc82ae0') in 0.0122792 seconds [static and dynamic dependencies]. Details - ImportResultOutputID=2b1ede080d580a1075bb3ec1755add88 DependenciesID=e3d456230690f2d58aa3567fd4380b40 StaticDependenciesID=7ed83f04bd3de9dee0a9e555399c575a 
Number of updated asset objects reloaded before import = 0Number of asset objects unloaded after import = 3

========================================================================
Received Import Request.
  Time since last request: 0.000020 seconds.
  path: Assets/Modern tiles_Free/Interiors_free/32x32/Interiors_free_32x32_65.asset
  importAddress: Guid(3014a474bdc0a3a44ae89176e0ca2d00) Importer(815301076,1909f56bfc062723c751e8b465ee728b)
Start importing Assets/Modern tiles_Free/Interiors_free/32x32/Interiors_free_32x32_65.asset using Guid(3014a474bdc0a3a44ae89176e0ca2d00) Importer(815301076,1909f56bfc062723c751e8b465ee728b) (PreviewImporter) -> (Import Result ID: 'a88d69debda033a205f8f275033c5704') in 0.0095905 seconds [static and dynamic dependencies]. Details - ImportResultOutputID=4a62e1fc2b3244d82a8dbade1de2395d DependenciesID=19924ed567753b20318d44a8add933c5 StaticDependenciesID=b3d87335f5a281f3d3e59cf590f19f6f 
Number of updated asset objects reloaded before import = 0Number of asset objects unloaded after import = 3

========================================================================
Received Import Request.
  Time since last request: 0.000016 seconds.
  path: Assets/Modern tiles_Free/Interiors_free/32x32/Interiors_free_32x32_75.asset
  importAddress: Guid(790bef8565a967a4a84bedba7f28186c) Importer(815301076,1909f56bfc062723c751e8b465ee728b)
Start importing Assets/Modern tiles_Free/Interiors_free/32x32/Interiors_free_32x32_75.asset using Guid(790bef8565a967a4a84bedba7f28186c) Importer(815301076,1909f56bfc062723c751e8b465ee728b) (PreviewImporter) -> (Import Result ID: 'd4e6c6ca563b6ccb7e989059cca20e7e') in 0.0110844 seconds [static and dynamic dependencies]. Details - ImportResultOutputID=daea240af2ae69cb66269e60231b434a DependenciesID=391b28f82b6c2e0a5e09ff103da84f7d StaticDependenciesID=20b37a5a4eed0a7460e01b700875dd5a 
Number of updated asset objects reloaded before import = 0Number of asset objects unloaded after import = 3

========================================================================
Received Import Request.
  Time since last request: 0.000019 seconds.
  path: Assets/Modern tiles_Free/Interiors_free/32x32/Interiors_free_32x32_35.asset
  importAddress: Guid(3342bb43ccd66a041bdb3c28f18fdbf8) Importer(815301076,1909f56bfc062723c751e8b465ee728b)
Start importing Assets/Modern tiles_Free/Interiors_free/32x32/Interiors_free_32x32_35.asset using Guid(3342bb43ccd66a041bdb3c28f18fdbf8) Importer(815301076,1909f56bfc062723c751e8b465ee728b) (PreviewImporter) -> (Import Result ID: 'e4df9d4b2c09cee950195c6ad3e10313') in 0.0116849 seconds [static and dynamic dependencies]. Details - ImportResultOutputID=1be36af6e7f68ceb458fe73345fd6267 DependenciesID=8604c73ebd742920411675a6eef8febe StaticDependenciesID=b29fd894a91a925b8dab45783c7286c8 
Number of updated asset objects reloaded before import = 0Number of asset objects unloaded after import = 3

========================================================================
Received Import Request.
  Time since last request: 0.000019 seconds.
  path: Assets/Modern tiles_Free/Interiors_free/32x32/Interiors_free_32x32_7.asset
  importAddress: Guid(ff0f69062e474624ba209d95dbea4be1) Importer(815301076,1909f56bfc062723c751e8b465ee728b)
Start importing Assets/Modern tiles_Free/Interiors_free/32x32/Interiors_free_32x32_7.asset using Guid(ff0f69062e474624ba209d95dbea4be1) Importer(815301076,1909f56bfc062723c751e8b465ee728b) (PreviewImporter) -> (Import Result ID: '6df86625222b31e4f73fbd23bc07ceed') in 0.0122728 seconds [static and dynamic dependencies]. Details - ImportResultOutputID=2f68ca0b694372825465d2c2e454046f DependenciesID=2ab2cc4c56aa5941ca89cc5da9caed5d StaticDependenciesID=b0e97df63d04aa5f6fecad1e6a02686c 
Number of updated asset objects reloaded before import = 0Number of asset objects unloaded after import = 3

========================================================================
Received Import Request.
  Time since last request: 0.000020 seconds.
  path: Assets/Modern tiles_Free/Interiors_free/32x32/Interiors_free_32x32_69.asset
  importAddress: Guid(86e16528c392fd645887e877efec2627) Importer(815301076,1909f56bfc062723c751e8b465ee728b)
Start importing Assets/Modern tiles_Free/Interiors_free/32x32/Interiors_free_32x32_69.asset using Guid(86e16528c392fd645887e877efec2627) Importer(815301076,1909f56bfc062723c751e8b465ee728b) (PreviewImporter) -> (Import Result ID: 'f88633f3b253652f598f2c148be08607') in 0.0127447 seconds [static and dynamic dependencies]. Details - ImportResultOutputID=b26dbf7e8fc8e311060b23ad9ccada5c DependenciesID=2ee4314642dac0ff66340cf9655c1bae StaticDependenciesID=27902a1cb1d350f668fd881a379365a9 
Number of updated asset objects reloaded before import = 0Number of asset objects unloaded after import = 3

========================================================================
Received Import Request.
  Time since last request: 0.000030 seconds.
  path: Assets/Modern tiles_Free/Interiors_free/32x32/Interiors_free_32x32_61.asset
  importAddress: Guid(5d4f2e494d3d2114e865f64fe620ae31) Importer(815301076,1909f56bfc062723c751e8b465ee728b)
Start importing Assets/Modern tiles_Free/Interiors_free/32x32/Interiors_free_32x32_61.asset using Guid(5d4f2e494d3d2114e865f64fe620ae31) Importer(815301076,1909f56bfc062723c751e8b465ee728b) (PreviewImporter) -> (Import Result ID: 'b441e137cc7f8c2617c79c25ae76669e') in 0.0102071 seconds [static and dynamic dependencies]. Details - ImportResultOutputID=741fd4d1c056a19e531b0738d159f24b DependenciesID=1891e0f8db89d58f0de45cb9bcea5dd4 StaticDependenciesID=86963d559cead5b99ed28af7b035cf32 
Number of updated asset objects reloaded before import = 0Number of asset objects unloaded after import = 3

========================================================================
Received Import Request.
  Time since last request: 0.558769 seconds.
  path: Assets/Modern tiles_Free/Interiors_free/32x32/Interiors_free_32x32_380.asset
  importAddress: Guid(722f14160e1ca8d41a62fd20fbfead19) Importer(2089858483,b0f066a214c2f5e87bad3c948f4d605d)
Start importing Assets/Modern tiles_Free/Interiors_free/32x32/Interiors_free_32x32_380.asset using Guid(722f14160e1ca8d41a62fd20fbfead19) Importer(2089858483,b0f066a214c2f5e87bad3c948f4d605d) (ScriptedImporter) -> (Import Result ID: 'bc483ff24ed3bac8f8461c0a24dbedf1') in 0.012589 seconds [static and dynamic dependencies]. Details - ImportResultOutputID=ad36bd9c0bf10ae8d14ce89f5a5f82f9 DependenciesID=debe97e941d747dc8d2dca287c973dc6 StaticDependenciesID=3168098462cb9e11f815ad1455a2ba90 
Number of updated asset objects reloaded before import = 0Number of asset objects unloaded after import = 2

========================================================================
Received Import Request.
  Time since last request: 0.000022 seconds.
  path: Assets/Modern tiles_Free/Interiors_free/32x32/Interiors_free_32x32_909.asset
  importAddress: Guid(0eb6af1c383ae9342837b9352c3c0d92) Importer(2089858483,b0f066a214c2f5e87bad3c948f4d605d)
Start importing Assets/Modern tiles_Free/Interiors_free/32x32/Interiors_free_32x32_909.asset using Guid(0eb6af1c383ae9342837b9352c3c0d92) Importer(2089858483,b0f066a214c2f5e87bad3c948f4d605d) (ScriptedImporter) -> (Import Result ID: '47665a93400b67bc3835335778b7ca31') in 0.0087455 seconds [static and dynamic dependencies]. Details - ImportResultOutputID=37d0b195dfbe0799b4ebf0b982f1d585 DependenciesID=368c05e61d91a329e5f6db284145be3b StaticDependenciesID=dc38c32b98239803872ab897396dfd1b 
Number of updated asset objects reloaded before import = 0Number of asset objects unloaded after import = 2

========================================================================
Received Import Request.
  Time since last request: 0.000022 seconds.
  path: Assets/Modern tiles_Free/Interiors_free/32x32/Interiors_free_32x32_1151.asset
  importAddress: Guid(1f916dda7fafabb4188be4e33fcb43da) Importer(2089858483,b0f066a214c2f5e87bad3c948f4d605d)
Start importing Assets/Modern tiles_Free/Interiors_free/32x32/Interiors_free_32x32_1151.asset using Guid(1f916dda7fafabb4188be4e33fcb43da) Importer(2089858483,b0f066a214c2f5e87bad3c948f4d605d) (ScriptedImporter) -> (Import Result ID: '99977ad8073fc47f132b765fec7f92da') in 0.0087907 seconds [static and dynamic dependencies]. Details - ImportResultOutputID=9e64091e9e521fbd600571920750da1c DependenciesID=dc2e41c751f43e2c42c0233110404bc1 StaticDependenciesID=c94a229135c53c5b87313571f87bb123 
Number of updated asset objects reloaded before import = 0Number of asset objects unloaded after import = 2

========================================================================
Received Import Request.
  Time since last request: 0.000019 seconds.
  path: Assets/Modern tiles_Free/Interiors_free/32x32/Interiors_free_32x32_601.asset
  importAddress: Guid(581ae1c950a659a438fb1d7bda9039a3) Importer(2089858483,b0f066a214c2f5e87bad3c948f4d605d)
Start importing Assets/Modern tiles_Free/Interiors_free/32x32/Interiors_free_32x32_601.asset using Guid(581ae1c950a659a438fb1d7bda9039a3) Importer(2089858483,b0f066a214c2f5e87bad3c948f4d605d) (ScriptedImporter) -> (Import Result ID: '0ec5f8b50c3e7ad1c4aae26f2b364fca') in 0.008747 seconds [static and dynamic dependencies]. Details - ImportResultOutputID=0b1e4c01a62cc3d9754fad09d4e334c6 DependenciesID=5906852e1e86ffd0a1a0290d2958c971 StaticDependenciesID=b8cfc877b1c19cd0dd955e7e2f69e62a 
Number of updated asset objects reloaded before import = 0Number of asset objects unloaded after import = 2

========================================================================
Received Import Request.
  Time since last request: 0.000020 seconds.
  path: Assets/Modern tiles_Free/Interiors_free/32x32/Interiors_free_32x32_285.asset
  importAddress: Guid(85686dd06e811e44985e95fd028ce3a1) Importer(2089858483,b0f066a214c2f5e87bad3c948f4d605d)
Start importing Assets/Modern tiles_Free/Interiors_free/32x32/Interiors_free_32x32_285.asset using Guid(85686dd06e811e44985e95fd028ce3a1) Importer(2089858483,b0f066a214c2f5e87bad3c948f4d605d) (ScriptedImporter) -> (Import Result ID: 'b9ff165b5d12d9091ee4c0e55f717b87') in 0.008539 seconds [static and dynamic dependencies]. Details - ImportResultOutputID=b164ccab352bce6fe7154f391eae5c9d DependenciesID=e5753987630ffe3b18336206e9fdf54f StaticDependenciesID=0dd962f6d054bb7fc8d1c7978f7f3545 
Number of updated asset objects reloaded before import = 0Number of asset objects unloaded after import = 2

========================================================================
Received Import Request.
  Time since last request: 0.000034 seconds.
  path: Assets/Modern tiles_Free/Interiors_free/32x32/Interiors_free_32x32_815.asset
  importAddress: Guid(8ef9c1897e2cf404cbe11b5a08e63a3a) Importer(2089858483,b0f066a214c2f5e87bad3c948f4d605d)
Start importing Assets/Modern tiles_Free/Interiors_free/32x32/Interiors_free_32x32_815.asset using Guid(8ef9c1897e2cf404cbe11b5a08e63a3a) Importer(2089858483,b0f066a214c2f5e87bad3c948f4d605d) (ScriptedImporter) -> (Import Result ID: '496766d36a5f67f1007b23f40b0f72b8') in 0.0091673 seconds [static and dynamic dependencies]. Details - ImportResultOutputID=cabf60e1362a35a2f8fadf52c01bc06d DependenciesID=83885bdb38f74d4b39c4f8372c9d792b StaticDependenciesID=ae17beaaf60deb3fd959087f028b558c 
Number of updated asset objects reloaded before import = 0Number of asset objects unloaded after import = 2

========================================================================
Received Import Request.
  Time since last request: 0.000020 seconds.
  path: Assets/Modern tiles_Free/Interiors_free/32x32/Interiors_free_32x32_193.asset
  importAddress: Guid(f8f4818d5027d8f4b84a3680628ac711) Importer(2089858483,b0f066a214c2f5e87bad3c948f4d605d)
Start importing Assets/Modern tiles_Free/Interiors_free/32x32/Interiors_free_32x32_193.asset using Guid(f8f4818d5027d8f4b84a3680628ac711) Importer(2089858483,b0f066a214c2f5e87bad3c948f4d605d) (ScriptedImporter) -> (Import Result ID: 'f461acc7d409aee05961d5f2855f51fa') in 0.0086893 seconds [static and dynamic dependencies]. Details - ImportResultOutputID=5af948fad9166c5fcbaa5eeace4285fc DependenciesID=020793d58ea64ba29ae680fcbfa5dbb6 StaticDependenciesID=d7b8e645e14368419f7faf73bab10be8 
Number of updated asset objects reloaded before import = 0Number of asset objects unloaded after import = 2

========================================================================
Received Import Request.
  Time since last request: 0.000020 seconds.
  path: Assets/Modern tiles_Free/Interiors_free/32x32/Interiors_free_32x32_713.asset
  importAddress: Guid(b368e46af0f1ac049a1f6dc727638527) Importer(2089858483,b0f066a214c2f5e87bad3c948f4d605d)
Start importing Assets/Modern tiles_Free/Interiors_free/32x32/Interiors_free_32x32_713.asset using Guid(b368e46af0f1ac049a1f6dc727638527) Importer(2089858483,b0f066a214c2f5e87bad3c948f4d605d) (ScriptedImporter) -> (Import Result ID: 'fdb6f91dad17d5d549d04465b42b64f5') in 0.0098579 seconds [static and dynamic dependencies]. Details - ImportResultOutputID=3a358523c8cec713369ef277d513ff12 DependenciesID=ca2a366a16dc21c05c006911666af374 StaticDependenciesID=36fb915508fbcf021cfacb4a71034844 
Number of updated asset objects reloaded before import = 0Number of asset objects unloaded after import = 2

========================================================================
Received Import Request.
  Time since last request: 0.000022 seconds.
  path: Assets/Modern tiles_Free/Interiors_free/32x32/Interiors_free_32x32_1090.asset
  importAddress: Guid(4aec3781c4360d64fb82585e626ec75c) Importer(2089858483,b0f066a214c2f5e87bad3c948f4d605d)
Start importing Assets/Modern tiles_Free/Interiors_free/32x32/Interiors_free_32x32_1090.asset using Guid(4aec3781c4360d64fb82585e626ec75c) Importer(2089858483,b0f066a214c2f5e87bad3c948f4d605d) (ScriptedImporter) -> (Import Result ID: 'f61e55180c909c2259cfa3ecc078e351') in 0.0099332 seconds [static and dynamic dependencies]. Details - ImportResultOutputID=e718904881741bec0b1967970a43dfb0 DependenciesID=6be84193fdf1ddd5659248a2f3c3acc4 StaticDependenciesID=f8bac72cb997b3a41a137cf553cfba2a 
Number of updated asset objects reloaded before import = 0Number of asset objects unloaded after import = 2

========================================================================
Received Import Request.
  Time since last request: 0.000018 seconds.
  path: Assets/Modern tiles_Free/Interiors_free/32x32/Interiors_free_32x32_707.asset
  importAddress: Guid(49acb3afe9d1f8349a71e998e151a136) Importer(2089858483,b0f066a214c2f5e87bad3c948f4d605d)
Start importing Assets/Modern tiles_Free/Interiors_free/32x32/Interiors_free_32x32_707.asset using Guid(49acb3afe9d1f8349a71e998e151a136) Importer(2089858483,b0f066a214c2f5e87bad3c948f4d605d) (ScriptedImporter) -> (Import Result ID: '5da8f153b90ae235b1557479c54a0d89') in 0.0092216 seconds [static and dynamic dependencies]. Details - ImportResultOutputID=e7ee03759877c3744103b17eca2e6c59 DependenciesID=d0d65a9c66d5e4ad3e87dac082712109 StaticDependenciesID=ffcdf5e891f1554b5d554a04de9bac94 
Number of updated asset objects reloaded before import = 0Number of asset objects unloaded after import = 2

========================================================================
Received Import Request.
  Time since last request: 0.000018 seconds.
  path: Assets/Modern tiles_Free/Interiors_free/32x32/Interiors_free_32x32_430.asset
  importAddress: Guid(789e6e597cdc20d4b9fefc029feecf40) Importer(2089858483,b0f066a214c2f5e87bad3c948f4d605d)
Start importing Assets/Modern tiles_Free/Interiors_free/32x32/Interiors_free_32x32_430.asset using Guid(789e6e597cdc20d4b9fefc029feecf40) Importer(2089858483,b0f066a214c2f5e87bad3c948f4d605d) (ScriptedImporter) -> (Import Result ID: 'e89a6b26bbb06511bf1e6e4abca090e5') in 0.0094541 seconds [static and dynamic dependencies]. Details - ImportResultOutputID=7a97108b220406c5e62f35b349ac85a4 DependenciesID=7fce7cd3f4bd71a64e69228ca628d959 StaticDependenciesID=999dfdf4b0b95de7fd6e63028d91b015 
Number of updated asset objects reloaded before import = 0Number of asset objects unloaded after import = 2

========================================================================
Received Import Request.
  Time since last request: 0.000019 seconds.
  path: Assets/Modern tiles_Free/Interiors_free/32x32/Interiors_free_32x32_213.asset
  importAddress: Guid(e1edc0721e542bf488cb1e8815588935) Importer(2089858483,b0f066a214c2f5e87bad3c948f4d605d)
Start importing Assets/Modern tiles_Free/Interiors_free/32x32/Interiors_free_32x32_213.asset using Guid(e1edc0721e542bf488cb1e8815588935) Importer(2089858483,b0f066a214c2f5e87bad3c948f4d605d) (ScriptedImporter) -> (Import Result ID: 'b5fd380c2f990310cce5dc9506cf70a2') in 0.0087797 seconds [static and dynamic dependencies]. Details - ImportResultOutputID=1a35eb235c4d343585f023d792855f86 DependenciesID=494cb141e460887c3f5e34b14f22dc39 StaticDependenciesID=2b8138ddfaee6b4f231ed4e86a3ba51e 
Number of updated asset objects reloaded before import = 0Number of asset objects unloaded after import = 2

========================================================================
Received Import Request.
  Time since last request: 0.000023 seconds.
  path: Assets/Modern tiles_Free/Interiors_free/32x32/Interiors_free_32x32_1150.asset
  importAddress: Guid(06f5acf1f8048a64d958197624598639) Importer(2089858483,b0f066a214c2f5e87bad3c948f4d605d)
Start importing Assets/Modern tiles_Free/Interiors_free/32x32/Interiors_free_32x32_1150.asset using Guid(06f5acf1f8048a64d958197624598639) Importer(2089858483,b0f066a214c2f5e87bad3c948f4d605d) (ScriptedImporter) -> (Import Result ID: '158433705924bf5337d4cb1b4929e8e6') in 0.0092222 seconds [static and dynamic dependencies]. Details - ImportResultOutputID=a9deb10e635c9eeb8b9070f6d0bc6483 DependenciesID=cff60dd6b3d75f5d53c87d4e60948db8 StaticDependenciesID=8b2cbe0dfc5d6a0b6c3339d6814b7ef9 
Number of updated asset objects reloaded before import = 0Number of asset objects unloaded after import = 2

========================================================================
Received Import Request.
  Time since last request: 0.000020 seconds.
  path: Assets/Modern tiles_Free/Interiors_free/32x32/Interiors_free_32x32_1186.asset
  importAddress: Guid(848fb07162d1fdb488ae56c1f715c14f) Importer(2089858483,b0f066a214c2f5e87bad3c948f4d605d)
Start importing Assets/Modern tiles_Free/Interiors_free/32x32/Interiors_free_32x32_1186.asset using Guid(848fb07162d1fdb488ae56c1f715c14f) Importer(2089858483,b0f066a214c2f5e87bad3c948f4d605d) (ScriptedImporter) -> (Import Result ID: '5b4225eedc60d20653c348eb9991ba56') in 0.0088862 seconds [static and dynamic dependencies]. Details - ImportResultOutputID=32da084c5140beda63b6c8075270d8d8 DependenciesID=cc8c68927933ec021edc9fc7e4a29eea StaticDependenciesID=fb37399025bab22926689d6c7fbb4801 
Number of updated asset objects reloaded before import = 0Number of asset objects unloaded after import = 2

========================================================================
Received Import Request.
  Time since last request: 0.000018 seconds.
  path: Assets/Modern tiles_Free/Interiors_free/32x32/Interiors_free_32x32_230.asset
  importAddress: Guid(5896a857d4d511348b3c6909400ea65f) Importer(2089858483,b0f066a214c2f5e87bad3c948f4d605d)
Start importing Assets/Modern tiles_Free/Interiors_free/32x32/Interiors_free_32x32_230.asset using Guid(5896a857d4d511348b3c6909400ea65f) Importer(2089858483,b0f066a214c2f5e87bad3c948f4d605d) (ScriptedImporter) -> (Import Result ID: 'd4516363de09c2abe7cec8d46a3f74b9') in 0.0088577 seconds [static and dynamic dependencies]. Details - ImportResultOutputID=b24f7718075f17ce0df9a91cee4d09fb DependenciesID=6cdb7d927aaa57d922053437aafa0376 StaticDependenciesID=3311fdb73fc30e0da9ca176b392d2900 
Number of updated asset objects reloaded before import = 0Number of asset objects unloaded after import = 2

========================================================================
Received Import Request.
  Time since last request: 0.000018 seconds.
  path: Assets/Modern tiles_Free/Interiors_free/32x32/Interiors_free_32x32_964.asset
  importAddress: Guid(e9a5fd83aa9c0a048ac55cb18f441505) Importer(2089858483,b0f066a214c2f5e87bad3c948f4d605d)
Start importing Assets/Modern tiles_Free/Interiors_free/32x32/Interiors_free_32x32_964.asset using Guid(e9a5fd83aa9c0a048ac55cb18f441505) Importer(2089858483,b0f066a214c2f5e87bad3c948f4d605d) (ScriptedImporter) -> (Import Result ID: '5f5086f174f20e285d48a642666368aa') in 0.0084216 seconds [static and dynamic dependencies]. Details - ImportResultOutputID=fec3bd61dbda904545dc00947c5b7e83 DependenciesID=3d753b722699ea75b59ec1945ba5fccc StaticDependenciesID=bfaa9dac4d798b906f1f17214fd0df9a 
Number of updated asset objects reloaded before import = 0Number of asset objects unloaded after import = 2

========================================================================
Received Import Request.
  Time since last request: 0.000019 seconds.
  path: Assets/Modern tiles_Free/Interiors_free/32x32/Interiors_free_32x32_868.asset
  importAddress: Guid(911b16e713bd7b5489ad9276f312d44d) Importer(2089858483,b0f066a214c2f5e87bad3c948f4d605d)
Start importing Assets/Modern tiles_Free/Interiors_free/32x32/Interiors_free_32x32_868.asset using Guid(911b16e713bd7b5489ad9276f312d44d) Importer(2089858483,b0f066a214c2f5e87bad3c948f4d605d) (ScriptedImporter) -> (Import Result ID: 'e29883f10c7bd07a03896f08a4636d2d') in 0.0083226 seconds [static and dynamic dependencies]. Details - ImportResultOutputID=b22832ed9a5bd3653def357acb19d1d6 DependenciesID=83bbb60086f7ec695d4c546e5c9373be StaticDependenciesID=c737708d3b3ede4a7ad946dfc1573687 
Number of updated asset objects reloaded before import = 0Number of asset objects unloaded after import = 2

========================================================================
Received Import Request.
  Time since last request: 0.000033 seconds.
  path: Assets/Modern tiles_Free/Interiors_free/32x32/Interiors_free_32x32_997.asset
  importAddress: Guid(c2ce8771d0209cd4c905f85796e3cdd2) Importer(2089858483,b0f066a214c2f5e87bad3c948f4d605d)
Start importing Assets/Modern tiles_Free/Interiors_free/32x32/Interiors_free_32x32_997.asset using Guid(c2ce8771d0209cd4c905f85796e3cdd2) Importer(2089858483,b0f066a214c2f5e87bad3c948f4d605d) (ScriptedImporter) -> (Import Result ID: 'f43e71d0e38c2fa9dd8e1d0aea38962e') in 0.0091423 seconds [static and dynamic dependencies]. Details - ImportResultOutputID=4fd9e3b23c489fa326454e7911a1a2e2 DependenciesID=d8cc95c570545721d1042d31242f54e9 StaticDependenciesID=c5b1c78123e04f36d3aa94d65de16933 
Number of updated asset objects reloaded before import = 0Number of asset objects unloaded after import = 2

========================================================================
Received Import Request.
  Time since last request: 0.000016 seconds.
  path: Assets/Modern tiles_Free/Interiors_free/32x32/Interiors_free_32x32_204.asset
  importAddress: Guid(0ede62346314df1409a57173463d98ac) Importer(2089858483,b0f066a214c2f5e87bad3c948f4d605d)
Start importing Assets/Modern tiles_Free/Interiors_free/32x32/Interiors_free_32x32_204.asset using Guid(0ede62346314df1409a57173463d98ac) Importer(2089858483,b0f066a214c2f5e87bad3c948f4d605d) (ScriptedImporter) -> (Import Result ID: '8aa545679913049710541e8baff78b20') in 0.008311 seconds [static and dynamic dependencies]. Details - ImportResultOutputID=e5c2ebb96d9a5e72db437443b469391f DependenciesID=f5411331941a7c7476471b147baaf57e StaticDependenciesID=19965b2bd23d4d4c3013039be3156d23 
Number of updated asset objects reloaded before import = 0Number of asset objects unloaded after import = 2

========================================================================
Received Import Request.
  Time since last request: 0.000019 seconds.
  path: Assets/Modern tiles_Free/Interiors_free/32x32/Interiors_free_32x32_97.asset
  importAddress: Guid(ec62e0158e96c2d4fa7d9b42f31e3238) Importer(2089858483,b0f066a214c2f5e87bad3c948f4d605d)
Start importing Assets/Modern tiles_Free/Interiors_free/32x32/Interiors_free_32x32_97.asset using Guid(ec62e0158e96c2d4fa7d9b42f31e3238) Importer(2089858483,b0f066a214c2f5e87bad3c948f4d605d) (ScriptedImporter) -> (Import Result ID: 'a93ce9a9776e637d87ccd7cfb5ea07a1') in 0.0087757 seconds [static and dynamic dependencies]. Details - ImportResultOutputID=c67ae0a6445a7054a4fb783c05caf8ab DependenciesID=b7d4868db58d9d4072df21506b700e00 StaticDependenciesID=1066aea79fb081b3fc7f9e68abd50779 
Number of updated asset objects reloaded before import = 0Number of asset objects unloaded after import = 2

========================================================================
Received Import Request.
  Time since last request: 0.000016 seconds.
  path: Assets/Modern tiles_Free/Interiors_free/32x32/Interiors_free_32x32_560.asset
  importAddress: Guid(08c481b4d5df95d47985a7f0ab0b24d0) Importer(2089858483,b0f066a214c2f5e87bad3c948f4d605d)
Start importing Assets/Modern tiles_Free/Interiors_free/32x32/Interiors_free_32x32_560.asset using Guid(08c481b4d5df95d47985a7f0ab0b24d0) Importer(2089858483,b0f066a214c2f5e87bad3c948f4d605d) (ScriptedImporter) -> (Import Result ID: '9bbbd82f226da7fac17fbd6822d2531b') in 0.0082734 seconds [static and dynamic dependencies]. Details - ImportResultOutputID=fc52f24ca6a18944367749af2ceaae84 DependenciesID=2216005bf8dfde87d0449a54093b1c04 StaticDependenciesID=701886c6a5cdbb8fe4f9a661fa4b1442 
Number of updated asset objects reloaded before import = 0Number of asset objects unloaded after import = 2

========================================================================
Received Import Request.
  Time since last request: 0.000015 seconds.
  path: Assets/Modern tiles_Free/Interiors_free/32x32/Interiors_free_32x32_8.asset
  importAddress: Guid(fc23f403b22c53f4c8fbbc84f4ea5274) Importer(2089858483,b0f066a214c2f5e87bad3c948f4d605d)
Start importing Assets/Modern tiles_Free/Interiors_free/32x32/Interiors_free_32x32_8.asset using Guid(fc23f403b22c53f4c8fbbc84f4ea5274) Importer(2089858483,b0f066a214c2f5e87bad3c948f4d605d) (ScriptedImporter) -> (Import Result ID: 'a706ec3eef618bad9e7a4fd90c873f0c') in 0.0097728 seconds [static and dynamic dependencies]. Details - ImportResultOutputID=33d6a1f8af593b36fc0df5fe8eff758c DependenciesID=cb161642486e432fe525653c6e3d9269 StaticDependenciesID=3507f39945eea44f90104d9f78879c44 
Number of updated asset objects reloaded before import = 0Number of asset objects unloaded after import = 2

========================================================================
Received Import Request.
  Time since last request: 0.000015 seconds.
  path: Assets/Modern tiles_Free/Interiors_free/32x32/Interiors_free_32x32_436.asset
  importAddress: Guid(40a9e9af8d5ecec4cb6a4b6b0ee2a581) Importer(2089858483,b0f066a214c2f5e87bad3c948f4d605d)
Start importing Assets/Modern tiles_Free/Interiors_free/32x32/Interiors_free_32x32_436.asset using Guid(40a9e9af8d5ecec4cb6a4b6b0ee2a581) Importer(2089858483,b0f066a214c2f5e87bad3c948f4d605d) (ScriptedImporter) -> (Import Result ID: 'da1c990778ba5b566729c9a320305c2f') in 0.008515 seconds [static and dynamic dependencies]. Details - ImportResultOutputID=4b5bb3c0580dc862be4f335c5821336c DependenciesID=35f7779bf3f6a3040a58d8fb9c4b9363 StaticDependenciesID=a1d852dc9340b242ae3ea15028b33b3e 
Number of updated asset objects reloaded before import = 0Number of asset objects unloaded after import = 2

========================================================================
Received Import Request.
  Time since last request: 0.000016 seconds.
  path: Assets/Modern tiles_Free/Interiors_free/32x32/Interiors_free_32x32_754.asset
  importAddress: Guid(c354c4a913ab53e4c9c1358b1b270fc6) Importer(2089858483,b0f066a214c2f5e87bad3c948f4d605d)
Start importing Assets/Modern tiles_Free/Interiors_free/32x32/Interiors_free_32x32_754.asset using Guid(c354c4a913ab53e4c9c1358b1b270fc6) Importer(2089858483,b0f066a214c2f5e87bad3c948f4d605d) (ScriptedImporter) -> (Import Result ID: '7bbe4dd9c874caff8ceaf77a64c8f07c') in 0.0086349 seconds [static and dynamic dependencies]. Details - ImportResultOutputID=be270998488e7dab80e8629d2a07219f DependenciesID=0e9a70780ee5ffe1988a8193076a3553 StaticDependenciesID=b94bdda75904349430ae12d724aa7f88 
Number of updated asset objects reloaded before import = 0Number of asset objects unloaded after import = 2

========================================================================
Received Import Request.
  Time since last request: 0.007495 seconds.
  path: Assets/Modern tiles_Free/Interiors_free/32x32/Interiors_free_32x32_341.asset
  importAddress: Guid(2524ae3e86e3049438bb5c748bcf5901) Importer(2089858483,b0f066a214c2f5e87bad3c948f4d605d)
Start importing Assets/Modern tiles_Free/Interiors_free/32x32/Interiors_free_32x32_341.asset using Guid(2524ae3e86e3049438bb5c748bcf5901) Importer(2089858483,b0f066a214c2f5e87bad3c948f4d605d) (ScriptedImporter) -> (Import Result ID: 'f4730c6911863f0fa05da285d33ac0df') in 0.0087049 seconds [static and dynamic dependencies]. Details - ImportResultOutputID=b8959178a87e587e618ccb65d103aff1 DependenciesID=5894d6d425adf68ef043d52c187b6e66 StaticDependenciesID=d7de31f2f4ff2ac9a535ea27e3e5ab78 
Number of updated asset objects reloaded before import = 0Number of asset objects unloaded after import = 2

========================================================================
Received Import Request.
  Time since last request: 0.000015 seconds.
  path: Assets/Modern tiles_Free/Interiors_free/32x32/Interiors_free_32x32_165.asset
  importAddress: Guid(fbf21e704a384bc43b4917f42a200f99) Importer(2089858483,b0f066a214c2f5e87bad3c948f4d605d)
Start importing Assets/Modern tiles_Free/Interiors_free/32x32/Interiors_free_32x32_165.asset using Guid(fbf21e704a384bc43b4917f42a200f99) Importer(2089858483,b0f066a214c2f5e87bad3c948f4d605d) (ScriptedImporter) -> (Import Result ID: 'b12d4a9961b494e7d20eb598d313aaa1') in 0.0088974 seconds [static and dynamic dependencies]. Details - ImportResultOutputID=e5805fa3726be74cd3ee14085d26231b DependenciesID=92b4be94929600a42a2aed4c16bc0d87 StaticDependenciesID=f33159a7331607264cdb2808ef048533 
Number of updated asset objects reloaded before import = 0Number of asset objects unloaded after import = 2

========================================================================
Received Import Request.
  Time since last request: 0.000021 seconds.
  path: Assets/Modern tiles_Free/Interiors_free/32x32/Interiors_free_32x32_694.asset
  importAddress: Guid(a675955e0a59d2b419d359e24486633a) Importer(2089858483,b0f066a214c2f5e87bad3c948f4d605d)
Start importing Assets/Modern tiles_Free/Interiors_free/32x32/Interiors_free_32x32_694.asset using Guid(a675955e0a59d2b419d359e24486633a) Importer(2089858483,b0f066a214c2f5e87bad3c948f4d605d) (ScriptedImporter) -> (Import Result ID: 'a050fd26434a52a06c111bdc1dc3367e') in 0.0084663 seconds [static and dynamic dependencies]. Details - ImportResultOutputID=f9049f346bee9ddb56194ff7884eb7ff DependenciesID=d1a7f99cae10148c19e68a1c631cdd9d StaticDependenciesID=f9284cc98407683757451acba5916df3 
Number of updated asset objects reloaded before import = 0Number of asset objects unloaded after import = 2

========================================================================
Received Import Request.
  Time since last request: 0.000026 seconds.
  path: Assets/Modern tiles_Free/Interiors_free/32x32/Interiors_free_32x32_845.asset
  importAddress: Guid(58c51897d176db046903c4c434455953) Importer(2089858483,b0f066a214c2f5e87bad3c948f4d605d)
Start importing Assets/Modern tiles_Free/Interiors_free/32x32/Interiors_free_32x32_845.asset using Guid(58c51897d176db046903c4c434455953) Importer(2089858483,b0f066a214c2f5e87bad3c948f4d605d) (ScriptedImporter) -> (Import Result ID: '0453015714406dd504630f1088b65a2d') in 0.0092686 seconds [static and dynamic dependencies]. Details - ImportResultOutputID=39c3cbf6d949427c56e0afcbd549e90c DependenciesID=80d130a9466e76afc55a25310c6e6061 StaticDependenciesID=e829aca0d98bb11d4019cb5969178a66 
Number of updated asset objects reloaded before import = 0Number of asset objects unloaded after import = 2

========================================================================
Received Import Request.
  Time since last request: 0.000016 seconds.
  path: Assets/Modern tiles_Free/Interiors_free/32x32/Interiors_free_32x32_125.asset
  importAddress: Guid(26618683a9fe45348936323c100d6b9b) Importer(2089858483,b0f066a214c2f5e87bad3c948f4d605d)
Start importing Assets/Modern tiles_Free/Interiors_free/32x32/Interiors_free_32x32_125.asset using Guid(26618683a9fe45348936323c100d6b9b) Importer(2089858483,b0f066a214c2f5e87bad3c948f4d605d) (ScriptedImporter) -> (Import Result ID: 'd1cc66626f381d0834fa2b92d233adad') in 0.0090696 seconds [static and dynamic dependencies]. Details - ImportResultOutputID=0492e76eecc0822b6b0b139d305665b7 DependenciesID=680f8fd7b03d1492bef9ff2e0b0634d3 StaticDependenciesID=e6173d3fda35dc7020492ce186d89b1e 
Number of updated asset objects reloaded before import = 0Number of asset objects unloaded after import = 2

========================================================================
Received Import Request.
  Time since last request: 0.000018 seconds.
  path: Assets/Modern tiles_Free/Interiors_free/32x32/Interiors_free_32x32_148.asset
  importAddress: Guid(4b55a6b878e4c8d4689ccc002bff35d3) Importer(2089858483,b0f066a214c2f5e87bad3c948f4d605d)
Start importing Assets/Modern tiles_Free/Interiors_free/32x32/Interiors_free_32x32_148.asset using Guid(4b55a6b878e4c8d4689ccc002bff35d3) Importer(2089858483,b0f066a214c2f5e87bad3c948f4d605d) (ScriptedImporter) -> (Import Result ID: 'af2fdda948347f25cac7389dd045d6c9') in 0.0087336 seconds [static and dynamic dependencies]. Details - ImportResultOutputID=6dc69f265235f3cf1b4752e8a016af65 DependenciesID=0d4b673ab9365357c2d276d6c2100a19 StaticDependenciesID=49a37d89cb443c96ce2c9b87fae34900 
Number of updated asset objects reloaded before import = 0Number of asset objects unloaded after import = 2

========================================================================
Received Import Request.
  Time since last request: 0.000025 seconds.
  path: Assets/Modern tiles_Free/Interiors_free/32x32/Interiors_free_32x32_228.asset
  importAddress: Guid(8c33fc29cdb93c74f8ace2979f6ff46e) Importer(2089858483,b0f066a214c2f5e87bad3c948f4d605d)
Start importing Assets/Modern tiles_Free/Interiors_free/32x32/Interiors_free_32x32_228.asset using Guid(8c33fc29cdb93c74f8ace2979f6ff46e) Importer(2089858483,b0f066a214c2f5e87bad3c948f4d605d) (ScriptedImporter) -> (Import Result ID: '84c16d7bee3a5180051681fbdcb9638c') in 0.0086825 seconds [static and dynamic dependencies]. Details - ImportResultOutputID=cddd3e335519e7e0dfdd7e9d477080a7 DependenciesID=1c319a530ca819194c6510cf91f0ce2e StaticDependenciesID=f02eb32344d757b0e5ed699255c4b53b 
Number of updated asset objects reloaded before import = 0Number of asset objects unloaded after import = 2

========================================================================
Received Import Request.
  Time since last request: 0.000019 seconds.
  path: Assets/Modern tiles_Free/Interiors_free/32x32/Interiors_free_32x32_765.asset
  importAddress: Guid(e7a00ddade62fb144be3fca7d4081584) Importer(2089858483,b0f066a214c2f5e87bad3c948f4d605d)
Start importing Assets/Modern tiles_Free/Interiors_free/32x32/Interiors_free_32x32_765.asset using Guid(e7a00ddade62fb144be3fca7d4081584) Importer(2089858483,b0f066a214c2f5e87bad3c948f4d605d) (ScriptedImporter) -> (Import Result ID: '89049ed4fa1e67739766e543153dc5a8') in 0.0086354 seconds [static and dynamic dependencies]. Details - ImportResultOutputID=844385b2540086c006854e45800895e0 DependenciesID=64336dc1d55a939b8b97a9106efcd14c StaticDependenciesID=f48ad9ce4196937f1650631346e69a55 
Number of updated asset objects reloaded before import = 0Number of asset objects unloaded after import = 2

========================================================================
Received Import Request.
  Time since last request: 0.000018 seconds.
  path: Assets/Modern tiles_Free/Interiors_free/32x32/Interiors_free_32x32_334.asset
  importAddress: Guid(614a33afeb4cc824db0b2cdd17a1810a) Importer(2089858483,b0f066a214c2f5e87bad3c948f4d605d)
Start importing Assets/Modern tiles_Free/Interiors_free/32x32/Interiors_free_32x32_334.asset using Guid(614a33afeb4cc824db0b2cdd17a1810a) Importer(2089858483,b0f066a214c2f5e87bad3c948f4d605d) (ScriptedImporter) -> (Import Result ID: 'af4f37c937873d282ffa38013a7222c8') in 0.0089324 seconds [static and dynamic dependencies]. Details - ImportResultOutputID=8837b659f7932769a111105577311572 DependenciesID=84639314a94e7ccf20d9d4796d7be088 StaticDependenciesID=befc4a8fbca50890e2869df8e16ebf9d 
Number of updated asset objects reloaded before import = 0Number of asset objects unloaded after import = 2

========================================================================
Received Import Request.
  Time since last request: 0.000016 seconds.
  path: Assets/Modern tiles_Free/Interiors_free/32x32/Interiors_free_32x32_756.asset
  importAddress: Guid(397d7915bee934b4baf6f2d55fb55e70) Importer(2089858483,b0f066a214c2f5e87bad3c948f4d605d)
Start importing Assets/Modern tiles_Free/Interiors_free/32x32/Interiors_free_32x32_756.asset using Guid(397d7915bee934b4baf6f2d55fb55e70) Importer(2089858483,b0f066a214c2f5e87bad3c948f4d605d) (ScriptedImporter) -> (Import Result ID: 'a4f5247af3d90ee12f93e7b2f370c48d') in 0.0085972 seconds [static and dynamic dependencies]. Details - ImportResultOutputID=06fbda50b3fc66d8ce558f27c19f78f6 DependenciesID=4da59a161775828b5734dab7f0e0e232 StaticDependenciesID=7848d333a79cfdb017f7788a1940e923 
Number of updated asset objects reloaded before import = 0Number of asset objects unloaded after import = 2

========================================================================
Received Import Request.
  Time since last request: 0.000019 seconds.
  path: Assets/Modern tiles_Free/Interiors_free/32x32/Interiors_free_32x32_1169.asset
  importAddress: Guid(47e3f57ac42bd4f4aa50389991ac0880) Importer(2089858483,b0f066a214c2f5e87bad3c948f4d605d)
Start importing Assets/Modern tiles_Free/Interiors_free/32x32/Interiors_free_32x32_1169.asset using Guid(47e3f57ac42bd4f4aa50389991ac0880) Importer(2089858483,b0f066a214c2f5e87bad3c948f4d605d) (ScriptedImporter) -> (Import Result ID: '4aa94e2ed49bd91e26ff1af84b36449d') in 0.0102656 seconds [static and dynamic dependencies]. Details - ImportResultOutputID=2b1e15a95b7bf50b2c012eb42307e285 DependenciesID=518d81218133ca97d57064c3f3822188 StaticDependenciesID=8de43d65728d2dcb9323ea9e0ad9501a 
Number of updated asset objects reloaded before import = 0Number of asset objects unloaded after import = 2

========================================================================
Received Import Request.
  Time since last request: 0.000015 seconds.
  path: Assets/Modern tiles_Free/Interiors_free/32x32/Interiors_free_32x32_447.asset
  importAddress: Guid(90ad9affb03bb6f46bc482aef022ce19) Importer(2089858483,b0f066a214c2f5e87bad3c948f4d605d)
Start importing Assets/Modern tiles_Free/Interiors_free/32x32/Interiors_free_32x32_447.asset using Guid(90ad9affb03bb6f46bc482aef022ce19) Importer(2089858483,b0f066a214c2f5e87bad3c948f4d605d) (ScriptedImporter) -> (Import Result ID: '18e4afc99d1160242e29fffd5c5956e9') in 0.0086406 seconds [static and dynamic dependencies]. Details - ImportResultOutputID=6f3ac1c0a2e9a199bf13a8fa75e21840 DependenciesID=4f36afc9d7f872012503d69c5137f162 StaticDependenciesID=4ceba8458b025a1a7ffb59dc02dc28c1 
Number of updated asset objects reloaded before import = 0Number of asset objects unloaded after import = 2

========================================================================
Received Import Request.
  Time since last request: 0.000021 seconds.
  path: Assets/Modern tiles_Free/Interiors_free/32x32/Interiors_free_32x32_822.asset
  importAddress: Guid(c5d6b25631f17c94b90d271218299185) Importer(2089858483,b0f066a214c2f5e87bad3c948f4d605d)
Start importing Assets/Modern tiles_Free/Interiors_free/32x32/Interiors_free_32x32_822.asset using Guid(c5d6b25631f17c94b90d271218299185) Importer(2089858483,b0f066a214c2f5e87bad3c948f4d605d) (ScriptedImporter) -> (Import Result ID: 'd723bbdb935c72434c263a96fe3f9031') in 0.0102165 seconds [static and dynamic dependencies]. Details - ImportResultOutputID=61d76ffbf26f142f7293b2bfd9e10f92 DependenciesID=e9ef035725b3f0297ba7a03620b8ebd8 StaticDependenciesID=f4bb61b7d9f813314a2fd3f59041b65c 
Number of updated asset objects reloaded before import = 0Number of asset objects unloaded after import = 2

========================================================================
Received Import Request.
  Time since last request: 0.000025 seconds.
  path: Assets/Modern tiles_Free/Interiors_free/32x32/Interiors_free_32x32_221.asset
  importAddress: Guid(b97e74000a7cae446bd60ad8c17f7529) Importer(2089858483,b0f066a214c2f5e87bad3c948f4d605d)
Start importing Assets/Modern tiles_Free/Interiors_free/32x32/Interiors_free_32x32_221.asset using Guid(b97e74000a7cae446bd60ad8c17f7529) Importer(2089858483,b0f066a214c2f5e87bad3c948f4d605d) (ScriptedImporter) -> (Import Result ID: '1ff8d13dc0e00c9d1dae97d372ed4bc0') in 0.0091229 seconds [static and dynamic dependencies]. Details - ImportResultOutputID=9a59b21932f0842af450b0b9258adea1 DependenciesID=866004c154b303e3982749f2e8418c21 StaticDependenciesID=77c4d9c919e80fed5717d8228af26663 
Number of updated asset objects reloaded before import = 0Number of asset objects unloaded after import = 2

========================================================================
Received Import Request.
  Time since last request: 0.000026 seconds.
  path: Assets/Modern tiles_Free/Interiors_free/32x32/Interiors_free_32x32_100.asset
  importAddress: Guid(ed796cb22ce493b468e1e2a6def8d315) Importer(2089858483,b0f066a214c2f5e87bad3c948f4d605d)
Start importing Assets/Modern tiles_Free/Interiors_free/32x32/Interiors_free_32x32_100.asset using Guid(ed796cb22ce493b468e1e2a6def8d315) Importer(2089858483,b0f066a214c2f5e87bad3c948f4d605d) (ScriptedImporter) -> (Import Result ID: '3bcc287eba6b9e2fe55942bd25677d04') in 0.0093033 seconds [static and dynamic dependencies]. Details - ImportResultOutputID=c42fffa7f36032c962404aeb33e7c4b5 DependenciesID=cd1e26a6675a0cfcc70ad2d47993d781 StaticDependenciesID=a58e170511b1731a4df858e328197a10 
Number of updated asset objects reloaded before import = 0Number of asset objects unloaded after import = 2

========================================================================
Received Import Request.
  Time since last request: 0.000014 seconds.
  path: Assets/Modern tiles_Free/Interiors_free/32x32/Interiors_free_32x32_920.asset
  importAddress: Guid(7c7a7b0c76069c549a272a88a339be9c) Importer(2089858483,b0f066a214c2f5e87bad3c948f4d605d)
Start importing Assets/Modern tiles_Free/Interiors_free/32x32/Interiors_free_32x32_920.asset using Guid(7c7a7b0c76069c549a272a88a339be9c) Importer(2089858483,b0f066a214c2f5e87bad3c948f4d605d) (ScriptedImporter) -> (Import Result ID: '098d717eaa8b5cb6c0f9488acc433b9d') in 0.0088569 seconds [static and dynamic dependencies]. Details - ImportResultOutputID=4006c0b3000063582feecbd099917473 DependenciesID=dbb41ed83e60f4d9533691877b1f6925 StaticDependenciesID=625c96dd8b949a952556cbf22f327fe1 
Number of updated asset objects reloaded before import = 0Number of asset objects unloaded after import = 2

========================================================================
Received Import Request.
  Time since last request: 0.000023 seconds.
  path: Assets/Modern tiles_Free/Interiors_free/32x32/Interiors_free_32x32_11.asset
  importAddress: Guid(d81a854b0d26417478b275c0527d3c6c) Importer(2089858483,b0f066a214c2f5e87bad3c948f4d605d)
Start importing Assets/Modern tiles_Free/Interiors_free/32x32/Interiors_free_32x32_11.asset using Guid(d81a854b0d26417478b275c0527d3c6c) Importer(2089858483,b0f066a214c2f5e87bad3c948f4d605d) (ScriptedImporter) -> (Import Result ID: '213ab9575f161b1ba70cb43e72d45bd6') in 0.0091883 seconds [static and dynamic dependencies]. Details - ImportResultOutputID=9d4e2cb62adcbeee390af46e32e86696 DependenciesID=cda4cdcfe0cab847f2942faae326e96f StaticDependenciesID=0b3196ca37f15418f6fa0ab5eeffd9e0 
Number of updated asset objects reloaded before import = 0Number of asset objects unloaded after import = 2

========================================================================
Received Import Request.
  Time since last request: 0.000018 seconds.
  path: Assets/Modern tiles_Free/Interiors_free/32x32/Interiors_free_32x32_432.asset
  importAddress: Guid(535f0e67ecbd327419077b7b27d223de) Importer(2089858483,b0f066a214c2f5e87bad3c948f4d605d)
Start importing Assets/Modern tiles_Free/Interiors_free/32x32/Interiors_free_32x32_432.asset using Guid(535f0e67ecbd327419077b7b27d223de) Importer(2089858483,b0f066a214c2f5e87bad3c948f4d605d) (ScriptedImporter) -> (Import Result ID: '42390499213077048abfa1662db46531') in 0.0088597 seconds [static and dynamic dependencies]. Details - ImportResultOutputID=afcb9f2468471d2cedf8ed86d2ef40f6 DependenciesID=999f0dccc8392737eac2c7fa2d798eab StaticDependenciesID=7488939b5252e62754a49f4629698b0f 
Number of updated asset objects reloaded before import = 0Number of asset objects unloaded after import = 2

========================================================================
Received Import Request.
  Time since last request: 0.000019 seconds.
  path: Assets/Modern tiles_Free/Interiors_free/32x32/Interiors_free_32x32_825.asset
  importAddress: Guid(245c53e6ecad6c4409e1622c7b54bf0c) Importer(2089858483,b0f066a214c2f5e87bad3c948f4d605d)
Start importing Assets/Modern tiles_Free/Interiors_free/32x32/Interiors_free_32x32_825.asset using Guid(245c53e6ecad6c4409e1622c7b54bf0c) Importer(2089858483,b0f066a214c2f5e87bad3c948f4d605d) (ScriptedImporter) -> (Import Result ID: '69e551b7f546c63e129abfa6422552be') in 0.0087232 seconds [static and dynamic dependencies]. Details - ImportResultOutputID=cc2772687b19e9ad5c448b99766aa110 DependenciesID=bebf847af8c15cd2d48eef80b69c471e StaticDependenciesID=bcfdf558030463748451fc815c1053ec 
Number of updated asset objects reloaded before import = 0Number of asset objects unloaded after import = 2

========================================================================
Received Import Request.
  Time since last request: 0.000015 seconds.
  path: Assets/Modern tiles_Free/Interiors_free/32x32/Interiors_free_32x32_1193.asset
  importAddress: Guid(8414d32376afb4c4b81e1ae9e96685e1) Importer(2089858483,b0f066a214c2f5e87bad3c948f4d605d)
Start importing Assets/Modern tiles_Free/Interiors_free/32x32/Interiors_free_32x32_1193.asset using Guid(8414d32376afb4c4b81e1ae9e96685e1) Importer(2089858483,b0f066a214c2f5e87bad3c948f4d605d) (ScriptedImporter) -> (Import Result ID: '1f973f046d18d0b54a8bdaf03e2fa3af') in 0.0085609 seconds [static and dynamic dependencies]. Details - ImportResultOutputID=b533b4140f9af327e5367df970b9fd23 DependenciesID=80948164f2035e849359a31e74900107 StaticDependenciesID=9d57dcc152f68451942ed3b221cc1535 
Number of updated asset objects reloaded before import = 0Number of asset objects unloaded after import = 2

========================================================================
Received Import Request.
  Time since last request: 0.000020 seconds.
  path: Assets/Modern tiles_Free/Interiors_free/32x32/Interiors_free_32x32_208.asset
  importAddress: Guid(aad1e096febe1634b811aa5d9ed9f741) Importer(2089858483,b0f066a214c2f5e87bad3c948f4d605d)
Start importing Assets/Modern tiles_Free/Interiors_free/32x32/Interiors_free_32x32_208.asset using Guid(aad1e096febe1634b811aa5d9ed9f741) Importer(2089858483,b0f066a214c2f5e87bad3c948f4d605d) (ScriptedImporter) -> (Import Result ID: 'd74153706890ab068ff0c31df055b718') in 0.0091789 seconds [static and dynamic dependencies]. Details - ImportResultOutputID=091d174780ed5b156877f354a2d33c80 DependenciesID=50f3063a4dd1a2dc38f50499d57aad31 StaticDependenciesID=49a1267b22cbf7bb50e37a4d8b1f92cd 
Number of updated asset objects reloaded before import = 0Number of asset objects unloaded after import = 2

========================================================================
Received Import Request.
  Time since last request: 0.000020 seconds.
  path: Assets/Modern tiles_Free/Interiors_free/32x32/Interiors_free_32x32_460.asset
  importAddress: Guid(795a7cfe9156da143a00dab75c1ae9fa) Importer(2089858483,b0f066a214c2f5e87bad3c948f4d605d)
Start importing Assets/Modern tiles_Free/Interiors_free/32x32/Interiors_free_32x32_460.asset using Guid(795a7cfe9156da143a00dab75c1ae9fa) Importer(2089858483,b0f066a214c2f5e87bad3c948f4d605d) (ScriptedImporter) -> (Import Result ID: '28aac774176991408ae2451aab901079') in 0.008377 seconds [static and dynamic dependencies]. Details - ImportResultOutputID=d5c251c7abce4c91751b08f705c281f5 DependenciesID=1c4f2be50c63b0d69bf2d2494da13ac3 StaticDependenciesID=321a7af4f4a2ec84cfa0d37ec62c7182 
Number of updated asset objects reloaded before import = 0Number of asset objects unloaded after import = 2

========================================================================
Received Import Request.
  Time since last request: 0.000019 seconds.
  path: Assets/Modern tiles_Free/Interiors_free/32x32/Interiors_free_32x32_223.asset
  importAddress: Guid(cc242914a75a1174c8336b9af539704a) Importer(2089858483,b0f066a214c2f5e87bad3c948f4d605d)
Start importing Assets/Modern tiles_Free/Interiors_free/32x32/Interiors_free_32x32_223.asset using Guid(cc242914a75a1174c8336b9af539704a) Importer(2089858483,b0f066a214c2f5e87bad3c948f4d605d) (ScriptedImporter) -> (Import Result ID: '3725944db8ed8b3622bcb7e265e932b1') in 0.0095759 seconds [static and dynamic dependencies]. Details - ImportResultOutputID=0a70517cfe0747992eed08cd45780bbc DependenciesID=31681119c2ea9b1a9a42f16d2003c725 StaticDependenciesID=b33b1786835febc4a683fff463707601 
Number of updated asset objects reloaded before import = 0Number of asset objects unloaded after import = 2

========================================================================
Received Import Request.
  Time since last request: 0.000021 seconds.
  path: Assets/Modern tiles_Free/Interiors_free/32x32/Interiors_free_32x32_1181.asset
  importAddress: Guid(c19b69252c3981e4ba7cd73265077d23) Importer(2089858483,b0f066a214c2f5e87bad3c948f4d605d)
Start importing Assets/Modern tiles_Free/Interiors_free/32x32/Interiors_free_32x32_1181.asset using Guid(c19b69252c3981e4ba7cd73265077d23) Importer(2089858483,b0f066a214c2f5e87bad3c948f4d605d) (ScriptedImporter) -> (Import Result ID: 'd251efde3f69d4f9692c5a5247ecd9bb') in 0.0089623 seconds [static and dynamic dependencies]. Details - ImportResultOutputID=74d696b1e20aa2046578d0bf8133174b DependenciesID=4790c0a5c78d159daf60b00d7fad2945 StaticDependenciesID=0fafb9a3be996f37c87e84df785bc156 
Number of updated asset objects reloaded before import = 0Number of asset objects unloaded after import = 2

========================================================================
Received Import Request.
  Time since last request: 0.000013 seconds.
  path: Assets/Modern tiles_Free/Interiors_free/32x32/Interiors_free_32x32_181.asset
  importAddress: Guid(49f5a8e04f3d6e24b8258b1c8a855eba) Importer(2089858483,b0f066a214c2f5e87bad3c948f4d605d)
Start importing Assets/Modern tiles_Free/Interiors_free/32x32/Interiors_free_32x32_181.asset using Guid(49f5a8e04f3d6e24b8258b1c8a855eba) Importer(2089858483,b0f066a214c2f5e87bad3c948f4d605d) (ScriptedImporter) -> (Import Result ID: '8a9a385f1278158867e8da3787c902e3') in 0.0089573 seconds [static and dynamic dependencies]. Details - ImportResultOutputID=4cfc53ad56fdf9e0ce7ccd9ed57cb47f DependenciesID=e1500c5aa1798969f46ee58bbaa285f2 StaticDependenciesID=6b1e71fe6dc315857317916e40c7f75b 
Number of updated asset objects reloaded before import = 0Number of asset objects unloaded after import = 2

========================================================================
Received Import Request.
  Time since last request: 0.000023 seconds.
  path: Assets/Modern tiles_Free/Interiors_free/32x32/Interiors_free_32x32_641.asset
  importAddress: Guid(4669e4ac636db4c498093a7d7d81e4f3) Importer(2089858483,b0f066a214c2f5e87bad3c948f4d605d)
Start importing Assets/Modern tiles_Free/Interiors_free/32x32/Interiors_free_32x32_641.asset using Guid(4669e4ac636db4c498093a7d7d81e4f3) Importer(2089858483,b0f066a214c2f5e87bad3c948f4d605d) (ScriptedImporter) -> (Import Result ID: '599c819d87913b426a031f3eefdc9ccc') in 0.008656 seconds [static and dynamic dependencies]. Details - ImportResultOutputID=e365eeb8a826bfeb5e92fd9677d00a93 DependenciesID=6823b52064a2ea263124364c2a926708 StaticDependenciesID=103e912c34ef39084312db89d76f1820 
Number of updated asset objects reloaded before import = 0Number of asset objects unloaded after import = 2

========================================================================
Received Import Request.
  Time since last request: 0.750661 seconds.
  path: Assets/Modern tiles_Free/Interiors_free/32x32/Interiors_free_32x32_284.asset
  importAddress: Guid(8a7194962cf83904facf22e50fd6d741) Importer(2089858483,b0f066a214c2f5e87bad3c948f4d605d)
Start importing Assets/Modern tiles_Free/Interiors_free/32x32/Interiors_free_32x32_284.asset using Guid(8a7194962cf83904facf22e50fd6d741) Importer(2089858483,b0f066a214c2f5e87bad3c948f4d605d) (ScriptedImporter) -> (Import Result ID: 'b662aadfe4fd7a1766f14d5e4185bcca') in 0.0085298 seconds [static and dynamic dependencies]. Details - ImportResultOutputID=81bc57fd129a05f295f8889cc9ee0308 DependenciesID=92a0fb5ac8929e72eb3b1ef6764f9ab3 StaticDependenciesID=9bfd1404fe697ec3e475bea504dad2d3 
Number of updated asset objects reloaded before import = 0Number of asset objects unloaded after import = 2

========================================================================
Received Import Request.
  Time since last request: 0.000021 seconds.
  path: Assets/Modern tiles_Free/Interiors_free/32x32/Interiors_free_32x32_1042.asset
  importAddress: Guid(94d04a997d7310d4b8d2eddbe9a7b694) Importer(2089858483,b0f066a214c2f5e87bad3c948f4d605d)
Start importing Assets/Modern tiles_Free/Interiors_free/32x32/Interiors_free_32x32_1042.asset using Guid(94d04a997d7310d4b8d2eddbe9a7b694) Importer(2089858483,b0f066a214c2f5e87bad3c948f4d605d) (ScriptedImporter) -> (Import Result ID: '92a97a86a351c0f8f9c19ae5d5d487aa') in 0.0093541 seconds [static and dynamic dependencies]. Details - ImportResultOutputID=f57a4d8caeae12dc7218e189c5dba863 DependenciesID=7f4f131e28d17457ddeec436c473aada StaticDependenciesID=d278880b12a553509a1bd9251e74b63d 
Number of updated asset objects reloaded before import = 0Number of asset objects unloaded after import = 2

========================================================================
Received Import Request.
  Time since last request: 0.000014 seconds.
  path: Assets/Modern tiles_Free/Interiors_free/32x32/Interiors_free_32x32_191.asset
  importAddress: Guid(25973034bcdf7964e9655515755feef9) Importer(2089858483,b0f066a214c2f5e87bad3c948f4d605d)
Start importing Assets/Modern tiles_Free/Interiors_free/32x32/Interiors_free_32x32_191.asset using Guid(25973034bcdf7964e9655515755feef9) Importer(2089858483,b0f066a214c2f5e87bad3c948f4d605d) (ScriptedImporter) -> (Import Result ID: '4a534e4194f7eed8839e36a7cbbd7519') in 0.0088284 seconds [static and dynamic dependencies]. Details - ImportResultOutputID=743343c6aa966b4c34d40936212ffc75 DependenciesID=dc70943c847d340a222bc072460217d4 StaticDependenciesID=0e70d0c5fcd36710361f4b07c6108bd2 
Number of updated asset objects reloaded before import = 0Number of asset objects unloaded after import = 2

========================================================================
Received Import Request.
  Time since last request: 0.000015 seconds.
  path: Assets/Modern tiles_Free/Interiors_free/32x32/Interiors_free_32x32_1034.asset
  importAddress: Guid(61adc228d01054141bb06b6bbaa352b3) Importer(2089858483,b0f066a214c2f5e87bad3c948f4d605d)
Start importing Assets/Modern tiles_Free/Interiors_free/32x32/Interiors_free_32x32_1034.asset using Guid(61adc228d01054141bb06b6bbaa352b3) Importer(2089858483,b0f066a214c2f5e87bad3c948f4d605d) (ScriptedImporter) -> (Import Result ID: '54c86b4f8c7fd3246c6bc058d64be315') in 0.0084611 seconds [static and dynamic dependencies]. Details - ImportResultOutputID=3ad616a9ba3f45f8da212fce281a7a8c DependenciesID=e2b6e289315316f7fb528b5ef38056f8 StaticDependenciesID=5c1977661b38cddc4497be0f2ee9aece 
Number of updated asset objects reloaded before import = 0Number of asset objects unloaded after import = 2

========================================================================
Received Import Request.
  Time since last request: 0.000015 seconds.
  path: Assets/Modern tiles_Free/Interiors_free/32x32/Interiors_free_32x32_854.asset
  importAddress: Guid(39667a1619f7ace4c9d1c8b456b02095) Importer(2089858483,b0f066a214c2f5e87bad3c948f4d605d)
Start importing Assets/Modern tiles_Free/Interiors_free/32x32/Interiors_free_32x32_854.asset using Guid(39667a1619f7ace4c9d1c8b456b02095) Importer(2089858483,b0f066a214c2f5e87bad3c948f4d605d) (ScriptedImporter) -> (Import Result ID: '73f53c07d1287d501ac4876a4a760ed6') in 0.0092164 seconds [static and dynamic dependencies]. Details - ImportResultOutputID=63163f231042a1aac5bf2139ae4b02e8 DependenciesID=2e140cdfd5be03e4cdc2a4686f8f685e StaticDependenciesID=751610caff21398fb1adb2e3c341f952 
Number of updated asset objects reloaded before import = 0Number of asset objects unloaded after import = 2

========================================================================
Received Import Request.
  Time since last request: 0.000018 seconds.
  path: Assets/Modern tiles_Free/Interiors_free/32x32/Interiors_free_32x32_421.asset
  importAddress: Guid(67c19bff9e37ebb4785d51c44db50df9) Importer(2089858483,b0f066a214c2f5e87bad3c948f4d605d)
Start importing Assets/Modern tiles_Free/Interiors_free/32x32/Interiors_free_32x32_421.asset using Guid(67c19bff9e37ebb4785d51c44db50df9) Importer(2089858483,b0f066a214c2f5e87bad3c948f4d605d) (ScriptedImporter) -> (Import Result ID: '2ab292b5219830fb60e23524340a83f3') in 0.0095164 seconds [static and dynamic dependencies]. Details - ImportResultOutputID=55b444338dd836684bb120be794be826 DependenciesID=0bd9f17613fb00ffcae2cf1de50538a4 StaticDependenciesID=af98c11fff5626cbe203300710cda8a2 
Number of updated asset objects reloaded before import = 0Number of asset objects unloaded after import = 2

========================================================================
Received Import Request.
  Time since last request: 0.000020 seconds.
  path: Assets/Modern tiles_Free/Interiors_free/32x32/Interiors_free_32x32_953.asset
  importAddress: Guid(ed8ecacc1c56da047a1847c69a223922) Importer(2089858483,b0f066a214c2f5e87bad3c948f4d605d)
Start importing Assets/Modern tiles_Free/Interiors_free/32x32/Interiors_free_32x32_953.asset using Guid(ed8ecacc1c56da047a1847c69a223922) Importer(2089858483,b0f066a214c2f5e87bad3c948f4d605d) (ScriptedImporter) -> (Import Result ID: 'fc45744430a61179e1e70b658be3dc04') in 0.0088134 seconds [static and dynamic dependencies]. Details - ImportResultOutputID=60fe73f624740ab10d60be47a7aa0edc DependenciesID=f95bb76c389aefc04c813d5a70651cf9 StaticDependenciesID=e3025fed09d169902e5488a2d4c791bb 
Number of updated asset objects reloaded before import = 0Number of asset objects unloaded after import = 2

========================================================================
Received Import Request.
  Time since last request: 0.000028 seconds.
  path: Assets/Modern tiles_Free/Interiors_free/32x32/Interiors_free_32x32_439.asset
  importAddress: Guid(bcbe20fd732d36d4cbead807f532a817) Importer(2089858483,b0f066a214c2f5e87bad3c948f4d605d)
Start importing Assets/Modern tiles_Free/Interiors_free/32x32/Interiors_free_32x32_439.asset using Guid(bcbe20fd732d36d4cbead807f532a817) Importer(2089858483,b0f066a214c2f5e87bad3c948f4d605d) (ScriptedImporter) -> (Import Result ID: '1762b46b07073768988420b34c3d95a5') in 0.0088076 seconds [static and dynamic dependencies]. Details - ImportResultOutputID=2f783c5149dc3df417b72f529ea6e20b DependenciesID=c7bf132d07200e170301b939c0792bfa StaticDependenciesID=13ed975fc42be59f5ac6e5f97d7f6e33 
Number of updated asset objects reloaded before import = 0Number of asset objects unloaded after import = 2

========================================================================
Received Import Request.
  Time since last request: 0.000014 seconds.
  path: Assets/Modern tiles_Free/Interiors_free/32x32/Interiors_free_32x32_189.asset
  importAddress: Guid(69e9ae917bf900341a1b1e6fa1dcdab1) Importer(2089858483,b0f066a214c2f5e87bad3c948f4d605d)
Start importing Assets/Modern tiles_Free/Interiors_free/32x32/Interiors_free_32x32_189.asset using Guid(69e9ae917bf900341a1b1e6fa1dcdab1) Importer(2089858483,b0f066a214c2f5e87bad3c948f4d605d) (ScriptedImporter) -> (Import Result ID: 'b139d494e6d63c03d88f3dbc5eddb676') in 0.0086145 seconds [static and dynamic dependencies]. Details - ImportResultOutputID=e3a122bf9f7b6a85c814bffee8c30e97 DependenciesID=d3d8764824a048bfec048f2d35bfe5d8 StaticDependenciesID=e52b3a39612064294907ee9ce8e8f573 
Number of updated asset objects reloaded before import = 0Number of asset objects unloaded after import = 2

========================================================================
Received Import Request.
  Time since last request: 0.000019 seconds.
  path: Assets/Modern tiles_Free/Interiors_free/32x32/Interiors_free_32x32_1117.asset
  importAddress: Guid(28d1cd59655b5d847885009b8b200c9b) Importer(2089858483,b0f066a214c2f5e87bad3c948f4d605d)
Start importing Assets/Modern tiles_Free/Interiors_free/32x32/Interiors_free_32x32_1117.asset using Guid(28d1cd59655b5d847885009b8b200c9b) Importer(2089858483,b0f066a214c2f5e87bad3c948f4d605d) (ScriptedImporter) -> (Import Result ID: '9421b15e9b1e5091b7f674f31b65b0fb') in 0.0085346 seconds [static and dynamic dependencies]. Details - ImportResultOutputID=2fcc660195430e402b3c7d3168f2eb5d DependenciesID=dd5a1bed449f75c9c571e543559fd7e6 StaticDependenciesID=0bf1f4c88f344a1a386d3c8f15ad08bf 
Number of updated asset objects reloaded before import = 0Number of asset objects unloaded after import = 2

========================================================================
Received Import Request.
  Time since last request: 0.000018 seconds.
  path: Assets/Modern tiles_Free/Interiors_free/32x32/Interiors_free_32x32_236.asset
  importAddress: Guid(8957234aa892e7148a49b2818bbf35e1) Importer(2089858483,b0f066a214c2f5e87bad3c948f4d605d)
Start importing Assets/Modern tiles_Free/Interiors_free/32x32/Interiors_free_32x32_236.asset using Guid(8957234aa892e7148a49b2818bbf35e1) Importer(2089858483,b0f066a214c2f5e87bad3c948f4d605d) (ScriptedImporter) -> (Import Result ID: 'ee1f416d9140fca7ef83e2f064b7728a') in 0.009742 seconds [static and dynamic dependencies]. Details - ImportResultOutputID=1f152b8f3ebab9e7dc3ec71f22655896 DependenciesID=ab00601ddf742b3fad67d79a6cbe8a35 StaticDependenciesID=1a20ac1ad52869e015cc09a97dde5663 
Number of updated asset objects reloaded before import = 0Number of asset objects unloaded after import = 2

========================================================================
Received Import Request.
  Time since last request: 0.000036 seconds.
  path: Assets/Modern tiles_Free/Interiors_free/32x32/Interiors_free_32x32_407.asset
  importAddress: Guid(ef87dbfc30492154594adf43a9edcffd) Importer(2089858483,b0f066a214c2f5e87bad3c948f4d605d)
Start importing Assets/Modern tiles_Free/Interiors_free/32x32/Interiors_free_32x32_407.asset using Guid(ef87dbfc30492154594adf43a9edcffd) Importer(2089858483,b0f066a214c2f5e87bad3c948f4d605d) (ScriptedImporter) -> (Import Result ID: '35d3cd87d587684d655f84b9d1aed882') in 0.0097999 seconds [static and dynamic dependencies]. Details - ImportResultOutputID=18c8b26e556dfb19ed466a6fbcebb8fa DependenciesID=65205caca44982f4b37b50f931dde15a StaticDependenciesID=0723de98e81f35775a3dde3901c18c9d 
Number of updated asset objects reloaded before import = 0Number of asset objects unloaded after import = 2

========================================================================
Received Import Request.
  Time since last request: 0.000018 seconds.
  path: Assets/Modern tiles_Free/Interiors_free/32x32/Interiors_free_32x32_62.asset
  importAddress: Guid(624c2b664713f5242b325b5f40382a0b) Importer(2089858483,b0f066a214c2f5e87bad3c948f4d605d)
Start importing Assets/Modern tiles_Free/Interiors_free/32x32/Interiors_free_32x32_62.asset using Guid(624c2b664713f5242b325b5f40382a0b) Importer(2089858483,b0f066a214c2f5e87bad3c948f4d605d) (ScriptedImporter) -> (Import Result ID: '2da10c5299279a312888d03a1f071ece') in 0.0086822 seconds [static and dynamic dependencies]. Details - ImportResultOutputID=420c3386e28ca210ba26ec18a0485c01 DependenciesID=bd897a6101fed81874c3a6e754940c6c StaticDependenciesID=567a6edff1c7f7a3bdb6d94a3891417e 
Number of updated asset objects reloaded before import = 0Number of asset objects unloaded after import = 2

========================================================================
Received Import Request.
  Time since last request: 0.000021 seconds.
  path: Assets/Modern tiles_Free/Interiors_free/32x32/Interiors_free_32x32_27.asset
  importAddress: Guid(6ef67ee0e927f3d45b387069a6f5798b) Importer(2089858483,b0f066a214c2f5e87bad3c948f4d605d)
Start importing Assets/Modern tiles_Free/Interiors_free/32x32/Interiors_free_32x32_27.asset using Guid(6ef67ee0e927f3d45b387069a6f5798b) Importer(2089858483,b0f066a214c2f5e87bad3c948f4d605d) (ScriptedImporter) -> (Import Result ID: 'cbb90d7995f9fad559f584328408f512') in 0.0091297 seconds [static and dynamic dependencies]. Details - ImportResultOutputID=9fbf754232d1fe034893ae4abaa79952 DependenciesID=abf5a82642198e79efbf32609ad5ac6c StaticDependenciesID=66062017ca678266be45779c4d7aa317 
Number of updated asset objects reloaded before import = 0Number of asset objects unloaded after import = 2

========================================================================
Received Import Request.
  Time since last request: 0.000019 seconds.
  path: Assets/Modern tiles_Free/Interiors_free/32x32/Interiors_free_32x32_660.asset
  importAddress: Guid(910f088a465e6274ea35c7d2acf37237) Importer(2089858483,b0f066a214c2f5e87bad3c948f4d605d)
Start importing Assets/Modern tiles_Free/Interiors_free/32x32/Interiors_free_32x32_660.asset using Guid(910f088a465e6274ea35c7d2acf37237) Importer(2089858483,b0f066a214c2f5e87bad3c948f4d605d) (ScriptedImporter) -> (Import Result ID: 'f844391ffde81a7eded5970c027aa6b6') in 0.0090015 seconds [static and dynamic dependencies]. Details - ImportResultOutputID=a1d9a205901b9a185872ae6b65e1ea29 DependenciesID=0b6d36f5c5f1a404061fb60fd3a6cc79 StaticDependenciesID=7ccd44784f0c4e0f6e3fbf8706372bd3 
Number of updated asset objects reloaded before import = 0Number of asset objects unloaded after import = 2

========================================================================
Received Import Request.
  Time since last request: 0.000016 seconds.
  path: Assets/Modern tiles_Free/Interiors_free/32x32/Interiors_free_32x32_938.asset
  importAddress: Guid(34e07521025e8f345a60510fecb936fe) Importer(2089858483,b0f066a214c2f5e87bad3c948f4d605d)
Start importing Assets/Modern tiles_Free/Interiors_free/32x32/Interiors_free_32x32_938.asset using Guid(34e07521025e8f345a60510fecb936fe) Importer(2089858483,b0f066a214c2f5e87bad3c948f4d605d) (ScriptedImporter) -> (Import Result ID: 'ec17c68c880f3a097d249de03ab07f87') in 0.0089452 seconds [static and dynamic dependencies]. Details - ImportResultOutputID=95dab6480401c927e2e9981176a11d91 DependenciesID=7240d36e03df8b4b944daf9dd90c92b1 StaticDependenciesID=b5856ce1f56c2ad41d46c689a9735eba 
Number of updated asset objects reloaded before import = 0Number of asset objects unloaded after import = 2

========================================================================
Received Import Request.
  Time since last request: 0.000019 seconds.
  path: Assets/Modern tiles_Free/Interiors_free/32x32/Interiors_free_32x32_505.asset
  importAddress: Guid(65a70e698752c344ca5d1c4b623ff6ea) Importer(2089858483,b0f066a214c2f5e87bad3c948f4d605d)
Start importing Assets/Modern tiles_Free/Interiors_free/32x32/Interiors_free_32x32_505.asset using Guid(65a70e698752c344ca5d1c4b623ff6ea) Importer(2089858483,b0f066a214c2f5e87bad3c948f4d605d) (ScriptedImporter) -> (Import Result ID: 'f6d6709127678f1b73b6eea1dd127b0c') in 0.0083681 seconds [static and dynamic dependencies]. Details - ImportResultOutputID=b17a1063a5b794c6680657319769b270 DependenciesID=2d4a0b2cd9285f63578803014a983d0f StaticDependenciesID=8903d481fe4d0ba36ee0cd17ebeedf8b 
Number of updated asset objects reloaded before import = 0Number of asset objects unloaded after import = 2

========================================================================
Received Import Request.
  Time since last request: 0.000019 seconds.
  path: Assets/Modern tiles_Free/Interiors_free/32x32/Interiors_free_32x32_699.asset
  importAddress: Guid(d46321e44f55ebc40943fcdc0c8952df) Importer(2089858483,b0f066a214c2f5e87bad3c948f4d605d)
Start importing Assets/Modern tiles_Free/Interiors_free/32x32/Interiors_free_32x32_699.asset using Guid(d46321e44f55ebc40943fcdc0c8952df) Importer(2089858483,b0f066a214c2f5e87bad3c948f4d605d) (ScriptedImporter) -> (Import Result ID: '289f094cc7a73899121e0c61a4495c56') in 0.0092183 seconds [static and dynamic dependencies]. Details - ImportResultOutputID=003991057039cf7acae5ae398eebdfa9 DependenciesID=74c7f14e08a692fbfa36d1e7d2a2111e StaticDependenciesID=66c8f0e848977c8224d4f1be957c0dd9 
Number of updated asset objects reloaded before import = 0Number of asset objects unloaded after import = 2

========================================================================
Received Import Request.
  Time since last request: 0.000018 seconds.
  path: Assets/Modern tiles_Free/Interiors_free/32x32/Interiors_free_32x32_1167.asset
  importAddress: Guid(42a84c5d481053440b02107242e88674) Importer(2089858483,b0f066a214c2f5e87bad3c948f4d605d)
Start importing Assets/Modern tiles_Free/Interiors_free/32x32/Interiors_free_32x32_1167.asset using Guid(42a84c5d481053440b02107242e88674) Importer(2089858483,b0f066a214c2f5e87bad3c948f4d605d) (ScriptedImporter) -> (Import Result ID: '621527ed8211399f55631df2d155d812') in 0.0084508 seconds [static and dynamic dependencies]. Details - ImportResultOutputID=97d3b4a6d4873d25fcbf49879e51c2f0 DependenciesID=414779e2574f4dd6f51cb3bc4509fa0c StaticDependenciesID=2cd250c71af189071ac878720d33d7f1 
Number of updated asset objects reloaded before import = 0Number of asset objects unloaded after import = 2

========================================================================
Received Import Request.
  Time since last request: 0.000016 seconds.
  path: Assets/Modern tiles_Free/Interiors_free/32x32/Interiors_free_32x32_202.asset
  importAddress: Guid(334ed9f340b0f0a4dac00e0f1a25a952) Importer(2089858483,b0f066a214c2f5e87bad3c948f4d605d)
Start importing Assets/Modern tiles_Free/Interiors_free/32x32/Interiors_free_32x32_202.asset using Guid(334ed9f340b0f0a4dac00e0f1a25a952) Importer(2089858483,b0f066a214c2f5e87bad3c948f4d605d) (ScriptedImporter) -> (Import Result ID: '466e0be7ae4180e75aed5d3328c85085') in 0.0092344 seconds [static and dynamic dependencies]. Details - ImportResultOutputID=1531830ad836efa32383426ad12d3609 DependenciesID=3ab1eeb6da232200d748338e3b595e98 StaticDependenciesID=b3e9b3abf9135d398b764a78e7e74182 
Number of updated asset objects reloaded before import = 0Number of asset objects unloaded after import = 2

========================================================================
Received Import Request.
  Time since last request: 0.000023 seconds.
  path: Assets/Modern tiles_Free/Interiors_free/32x32/Interiors_free_32x32_807.asset
  importAddress: Guid(271aa26aa590d4c468c1bef1660c5368) Importer(2089858483,b0f066a214c2f5e87bad3c948f4d605d)
Start importing Assets/Modern tiles_Free/Interiors_free/32x32/Interiors_free_32x32_807.asset using Guid(271aa26aa590d4c468c1bef1660c5368) Importer(2089858483,b0f066a214c2f5e87bad3c948f4d605d) (ScriptedImporter) -> (Import Result ID: 'da4234f063d1e5a9a8422ddef0064449') in 0.0089494 seconds [static and dynamic dependencies]. Details - ImportResultOutputID=0efb72beafaa65003b14a52db7119ad2 DependenciesID=97b0f06ba03ba337cab85121433c1259 StaticDependenciesID=02481019cb3a8d5b3569c660e3a929fe 
Number of updated asset objects reloaded before import = 0Number of asset objects unloaded after import = 2

========================================================================
Received Import Request.
  Time since last request: 0.000023 seconds.
  path: Assets/Modern tiles_Free/Interiors_free/32x32/Interiors_free_32x32_934.asset
  importAddress: Guid(10d23613b858bd649b14d0d57063ba91) Importer(2089858483,b0f066a214c2f5e87bad3c948f4d605d)
Start importing Assets/Modern tiles_Free/Interiors_free/32x32/Interiors_free_32x32_934.asset using Guid(10d23613b858bd649b14d0d57063ba91) Importer(2089858483,b0f066a214c2f5e87bad3c948f4d605d) (ScriptedImporter) -> (Import Result ID: '9012e12d80b6998eae8f1a405ca4779a') in 0.0088604 seconds [static and dynamic dependencies]. Details - ImportResultOutputID=4186f6a82d9fe8ab32a268f494162afb DependenciesID=b2b7981a033eb727232410f389a26260 StaticDependenciesID=7078ba08527beeb65d1759679091feca 
Number of updated asset objects reloaded before import = 0Number of asset objects unloaded after import = 2

========================================================================
Received Import Request.
  Time since last request: 0.000026 seconds.
  path: Assets/Modern tiles_Free/Interiors_free/32x32/Interiors_free_32x32_605.asset
  importAddress: Guid(3c05796ad36d57541a22b2f8334889e1) Importer(2089858483,b0f066a214c2f5e87bad3c948f4d605d)
Start importing Assets/Modern tiles_Free/Interiors_free/32x32/Interiors_free_32x32_605.asset using Guid(3c05796ad36d57541a22b2f8334889e1) Importer(2089858483,b0f066a214c2f5e87bad3c948f4d605d) (ScriptedImporter) -> (Import Result ID: 'd77b4fab94ff803ef8889982f9e193b7') in 0.0092747 seconds [static and dynamic dependencies]. Details - ImportResultOutputID=c3e4157b06d0dab60f68c2ac76e593e4 DependenciesID=dbdbe05443e9f56b7d26d503ec24514b StaticDependenciesID=c8c42a688a2878fcfe3c48feebcedcba 
Number of updated asset objects reloaded before import = 0Number of asset objects unloaded after import = 2

========================================================================
Received Import Request.
  Time since last request: 0.000018 seconds.
  path: Assets/Modern tiles_Free/Interiors_free/32x32/Interiors_free_32x32_913.asset
  importAddress: Guid(4fd6d0134dd21074fa3c89e8dff503a5) Importer(2089858483,b0f066a214c2f5e87bad3c948f4d605d)
Start importing Assets/Modern tiles_Free/Interiors_free/32x32/Interiors_free_32x32_913.asset using Guid(4fd6d0134dd21074fa3c89e8dff503a5) Importer(2089858483,b0f066a214c2f5e87bad3c948f4d605d) (ScriptedImporter) -> (Import Result ID: 'fc00daf1ae3f0cfbb2e44f2d575e7592') in 0.0088622 seconds [static and dynamic dependencies]. Details - ImportResultOutputID=bb99671e10a7a84f3154cb324f6a8d1b DependenciesID=21c41405d9667ee8392a80c706603aab StaticDependenciesID=5488a5ca2998c8f5fef6682a2cf6ea5f 
Number of updated asset objects reloaded before import = 0Number of asset objects unloaded after import = 2

========================================================================
Received Import Request.
  Time since last request: 0.000021 seconds.
  path: Assets/Modern tiles_Free/Interiors_free/32x32/Interiors_free_32x32_799.asset
  importAddress: Guid(27e3c41991b2a4247a0f27e0a3d016c9) Importer(2089858483,b0f066a214c2f5e87bad3c948f4d605d)
Start importing Assets/Modern tiles_Free/Interiors_free/32x32/Interiors_free_32x32_799.asset using Guid(27e3c41991b2a4247a0f27e0a3d016c9) Importer(2089858483,b0f066a214c2f5e87bad3c948f4d605d) (ScriptedImporter) -> (Import Result ID: '8cdeeb724e21c064f6a759cc3356ad3b') in 0.0088853 seconds [static and dynamic dependencies]. Details - ImportResultOutputID=606d77036281148626e0b73ba7197b66 DependenciesID=1743889a3518ccf3dd32f62e334e12dc StaticDependenciesID=255105a1b83e65caef06710889943e60 
Number of updated asset objects reloaded before import = 0Number of asset objects unloaded after import = 2

========================================================================
Received Import Request.
  Time since last request: 0.000018 seconds.
  path: Assets/Modern tiles_Free/Interiors_free/32x32/Interiors_free_32x32_785.asset
  importAddress: Guid(712a134b12234024ebac1434c966adaf) Importer(2089858483,b0f066a214c2f5e87bad3c948f4d605d)
Start importing Assets/Modern tiles_Free/Interiors_free/32x32/Interiors_free_32x32_785.asset using Guid(712a134b12234024ebac1434c966adaf) Importer(2089858483,b0f066a214c2f5e87bad3c948f4d605d) (ScriptedImporter) -> (Import Result ID: 'dbc9b9e74d20deaede1f2b6a545ff35f') in 0.0087747 seconds [static and dynamic dependencies]. Details - ImportResultOutputID=d01ed5c0f635dbbb333af22b6e13479f DependenciesID=4e84e060d3c7dce208cce85eac367517 StaticDependenciesID=d41f435112e1858bd1157e839119d56d 
Number of updated asset objects reloaded before import = 0Number of asset objects unloaded after import = 2

========================================================================
Received Import Request.
  Time since last request: 0.000018 seconds.
  path: Assets/Modern tiles_Free/Interiors_free/32x32/Interiors_free_32x32_691.asset
  importAddress: Guid(11561a50c10c9e6489a21d3bcad8088e) Importer(2089858483,b0f066a214c2f5e87bad3c948f4d605d)
Start importing Assets/Modern tiles_Free/Interiors_free/32x32/Interiors_free_32x32_691.asset using Guid(11561a50c10c9e6489a21d3bcad8088e) Importer(2089858483,b0f066a214c2f5e87bad3c948f4d605d) (ScriptedImporter) -> (Import Result ID: 'cfcace6e7e0a10a86cfba2eac42a55eb') in 0.0086991 seconds [static and dynamic dependencies]. Details - ImportResultOutputID=10cab9828230a145f94800f6422e22e4 DependenciesID=205ef5de334478d10b71236d66d37980 StaticDependenciesID=53bd416e4e4a73009c4f082f3dfe9495 
Number of updated asset objects reloaded before import = 0Number of asset objects unloaded after import = 2

========================================================================
Received Import Request.
  Time since last request: 0.000016 seconds.
  path: Assets/Modern tiles_Free/Interiors_free/32x32/Interiors_free_32x32_562.asset
  importAddress: Guid(f3d30aa01f29b1f47919dccb3d3b05e6) Importer(2089858483,b0f066a214c2f5e87bad3c948f4d605d)
Start importing Assets/Modern tiles_Free/Interiors_free/32x32/Interiors_free_32x32_562.asset using Guid(f3d30aa01f29b1f47919dccb3d3b05e6) Importer(2089858483,b0f066a214c2f5e87bad3c948f4d605d) (ScriptedImporter) -> (Import Result ID: '65202e416af336eb8424ab2798bf3682') in 0.0091173 seconds [static and dynamic dependencies]. Details - ImportResultOutputID=5ccbdee2f531735bc39ea1c0406814db DependenciesID=4775fd378ebd239ec0670f8b2f0f4a49 StaticDependenciesID=1b2fe87697a1231b03b1d88519ba49da 
Number of updated asset objects reloaded before import = 0Number of asset objects unloaded after import = 2

========================================================================
Received Import Request.
  Time since last request: 0.000017 seconds.
  path: Assets/Modern tiles_Free/Interiors_free/32x32/Interiors_free_32x32_841.asset
  importAddress: Guid(37824bc6e5ba8164596915a07e0aefa6) Importer(2089858483,b0f066a214c2f5e87bad3c948f4d605d)
Start importing Assets/Modern tiles_Free/Interiors_free/32x32/Interiors_free_32x32_841.asset using Guid(37824bc6e5ba8164596915a07e0aefa6) Importer(2089858483,b0f066a214c2f5e87bad3c948f4d605d) (ScriptedImporter) -> (Import Result ID: '706c109d9a1598d38864c007ec54e237') in 0.0087505 seconds [static and dynamic dependencies]. Details - ImportResultOutputID=490ca973c8bacbfb1a58504463f053a1 DependenciesID=21fda7ef0d8aa9550869f374c0d3d432 StaticDependenciesID=d9e731cfe85b46333d636d85ca64dae9 
Number of updated asset objects reloaded before import = 0Number of asset objects unloaded after import = 2

========================================================================
Received Import Request.
  Time since last request: 0.862568 seconds.
  path: Assets/Modern tiles_Free/Interiors_free/32x32/Interiors_free_32x32_970.asset
  importAddress: Guid(9add7b62358a92e48b73297d5edb6986) Importer(2089858483,b0f066a214c2f5e87bad3c948f4d605d)
Start importing Assets/Modern tiles_Free/Interiors_free/32x32/Interiors_free_32x32_970.asset using Guid(9add7b62358a92e48b73297d5edb6986) Importer(2089858483,b0f066a214c2f5e87bad3c948f4d605d) (ScriptedImporter) -> (Import Result ID: 'a548c78c363e764080d98e29055fc80e') in 0.0091692 seconds [static and dynamic dependencies]. Details - ImportResultOutputID=322a6ae083a695904753b7b4c095e045 DependenciesID=c23a396715a6947533ab6d94b5b5824b StaticDependenciesID=f06a6b111cc617594897e09af814c8dd 
Number of updated asset objects reloaded before import = 0Number of asset objects unloaded after import = 2

========================================================================
Received Import Request.
  Time since last request: 0.000016 seconds.
  path: Assets/Modern tiles_Free/Interiors_free/32x32/Interiors_free_32x32_848.asset
  importAddress: Guid(b3e68cfa869655f47afa44b45fa24d7c) Importer(2089858483,b0f066a214c2f5e87bad3c948f4d605d)
Start importing Assets/Modern tiles_Free/Interiors_free/32x32/Interiors_free_32x32_848.asset using Guid(b3e68cfa869655f47afa44b45fa24d7c) Importer(2089858483,b0f066a214c2f5e87bad3c948f4d605d) (ScriptedImporter) -> (Import Result ID: '98b676788d75cb5451eb95da2becb607') in 0.0094785 seconds [static and dynamic dependencies]. Details - ImportResultOutputID=dfba1ad1ef8578cf9ac3a1b226970194 DependenciesID=e98358b7adcf0403a418d81125e2bf93 StaticDependenciesID=2985134caee029c395dfbefd6fef0b39 
Number of updated asset objects reloaded before import = 0Number of asset objects unloaded after import = 2

========================================================================
Received Import Request.
  Time since last request: 0.000016 seconds.
  path: Assets/Modern tiles_Free/Interiors_free/32x32/Interiors_free_32x32_654.asset
  importAddress: Guid(1822e307a8c0c0249aec9cd698c4191a) Importer(2089858483,b0f066a214c2f5e87bad3c948f4d605d)
Start importing Assets/Modern tiles_Free/Interiors_free/32x32/Interiors_free_32x32_654.asset using Guid(1822e307a8c0c0249aec9cd698c4191a) Importer(2089858483,b0f066a214c2f5e87bad3c948f4d605d) (ScriptedImporter) -> (Import Result ID: 'e4fb819eb52f9281d6bc44e3ce9ab73e') in 0.0085267 seconds [static and dynamic dependencies]. Details - ImportResultOutputID=f2c1ff8740b4cabdf62aad20448e7534 DependenciesID=cd27a97a58c073440023733d64c4c4f0 StaticDependenciesID=5fa826ae0d9b15f1fa2ff365ce0c36d8 
Number of updated asset objects reloaded before import = 0Number of asset objects unloaded after import = 2

========================================================================
Received Import Request.
  Time since last request: 0.000016 seconds.
  path: Assets/Modern tiles_Free/Interiors_free/32x32/Interiors_free_32x32_310.asset
  importAddress: Guid(8c8be35040b2ab948b6b876ae5678005) Importer(2089858483,b0f066a214c2f5e87bad3c948f4d605d)
Start importing Assets/Modern tiles_Free/Interiors_free/32x32/Interiors_free_32x32_310.asset using Guid(8c8be35040b2ab948b6b876ae5678005) Importer(2089858483,b0f066a214c2f5e87bad3c948f4d605d) (ScriptedImporter) -> (Import Result ID: 'd50623de69f5ada174e3eedc2fe39bf3') in 0.0091422 seconds [static and dynamic dependencies]. Details - ImportResultOutputID=c1ef8bd969e8bfea89edddb74d1b0181 DependenciesID=85f8b86910581f7ef60d635e2e1e89ff StaticDependenciesID=525d7d856536816853ae9bb2cf45c6d4 
Number of updated asset objects reloaded before import = 0Number of asset objects unloaded after import = 2

========================================================================
Received Import Request.
  Time since last request: 0.000017 seconds.
  path: Assets/Modern tiles_Free/Interiors_free/32x32/Interiors_free_32x32_1072.asset
  importAddress: Guid(269c79e2f33e23c40a6bf739955fe7f6) Importer(2089858483,b0f066a214c2f5e87bad3c948f4d605d)
Start importing Assets/Modern tiles_Free/Interiors_free/32x32/Interiors_free_32x32_1072.asset using Guid(269c79e2f33e23c40a6bf739955fe7f6) Importer(2089858483,b0f066a214c2f5e87bad3c948f4d605d) (ScriptedImporter) -> (Import Result ID: 'b6dfdc27e8cabd121be47ae037d31854') in 0.0085421 seconds [static and dynamic dependencies]. Details - ImportResultOutputID=02ae0a6c9cb68d74efffcfe14f48743a DependenciesID=14471d1c9d94e133264db68076f28b4a StaticDependenciesID=59ec6c7bfdfcd52ee1d3c4df59316eb8 
Number of updated asset objects reloaded before import = 0Number of asset objects unloaded after import = 2

========================================================================
Received Import Request.
  Time since last request: 0.000020 seconds.
  path: Assets/Modern tiles_Free/Interiors_free/32x32/Interiors_free_32x32_416.asset
  importAddress: Guid(b945e3ef77d7b5f43b91d64bd78cdafe) Importer(2089858483,b0f066a214c2f5e87bad3c948f4d605d)
Start importing Assets/Modern tiles_Free/Interiors_free/32x32/Interiors_free_32x32_416.asset using Guid(b945e3ef77d7b5f43b91d64bd78cdafe) Importer(2089858483,b0f066a214c2f5e87bad3c948f4d605d) (ScriptedImporter) -> (Import Result ID: 'cfb7907a7479594fe082351012ab8af9') in 0.009097 seconds [static and dynamic dependencies]. Details - ImportResultOutputID=8eaa2f9ef90eb940a83424831dc7b0e5 DependenciesID=86d03125aa71c521ab9689ee94f2d81f StaticDependenciesID=8ea0db898e921f4e53a9955788bc8388 
Number of updated asset objects reloaded before import = 0Number of asset objects unloaded after import = 2

========================================================================
Received Import Request.
  Time since last request: 0.000016 seconds.
  path: Assets/Modern tiles_Free/Interiors_free/32x32/Interiors_free_32x32_1121.asset
  importAddress: Guid(294f579c5c4f5fe459cce5d7c54366fb) Importer(2089858483,b0f066a214c2f5e87bad3c948f4d605d)
Start importing Assets/Modern tiles_Free/Interiors_free/32x32/Interiors_free_32x32_1121.asset using Guid(294f579c5c4f5fe459cce5d7c54366fb) Importer(2089858483,b0f066a214c2f5e87bad3c948f4d605d) (ScriptedImporter) -> (Import Result ID: 'b9c4d44b4b68e45c697c6aa77f5f3aea') in 0.0085385 seconds [static and dynamic dependencies]. Details - ImportResultOutputID=c9e933bb66b82b41e533e9b896084c25 DependenciesID=820c4e62ada6fc36731e072f59b2e428 StaticDependenciesID=c5dfb14e6281aced9feb3cb3ee717f13 
Number of updated asset objects reloaded before import = 0Number of asset objects unloaded after import = 2

========================================================================
Received Import Request.
  Time since last request: 0.000023 seconds.
  path: Assets/Modern tiles_Free/Interiors_free/32x32/Interiors_free_32x32_1148.asset
  importAddress: Guid(2451dc6b371acd0429efcfebc0bfa455) Importer(2089858483,b0f066a214c2f5e87bad3c948f4d605d)
Start importing Assets/Modern tiles_Free/Interiors_free/32x32/Interiors_free_32x32_1148.asset using Guid(2451dc6b371acd0429efcfebc0bfa455) Importer(2089858483,b0f066a214c2f5e87bad3c948f4d605d) (ScriptedImporter) -> (Import Result ID: 'b891b970ddbe53d1bc3bb6732bffa52a') in 0.0097472 seconds [static and dynamic dependencies]. Details - ImportResultOutputID=82d53bdfbe4648d700cda068dac2301e DependenciesID=7a8d6259839fba151732c0282fd10ce3 StaticDependenciesID=b0b35e855a294e70b8d04d2a9755027a 
Number of updated asset objects reloaded before import = 0Number of asset objects unloaded after import = 2

========================================================================
Received Import Request.
  Time since last request: 0.000019 seconds.
  path: Assets/Modern tiles_Free/Interiors_free/32x32/Interiors_free_32x32_1172.asset
  importAddress: Guid(e18fb271768fa9145965c91abca762e6) Importer(2089858483,b0f066a214c2f5e87bad3c948f4d605d)
Start importing Assets/Modern tiles_Free/Interiors_free/32x32/Interiors_free_32x32_1172.asset using Guid(e18fb271768fa9145965c91abca762e6) Importer(2089858483,b0f066a214c2f5e87bad3c948f4d605d) (ScriptedImporter) -> (Import Result ID: '5798505b1effe83e54e5d39d0ebb7296') in 0.0089942 seconds [static and dynamic dependencies]. Details - ImportResultOutputID=476be686fc1d1960868eef134dcfb5b9 DependenciesID=789413dc4ecaa55aadd7fb01b61808f5 StaticDependenciesID=da38c7f4c015651fdb87f5e0bca8c06e 
Number of updated asset objects reloaded before import = 0Number of asset objects unloaded after import = 2

========================================================================
Received Import Request.
  Time since last request: 0.000013 seconds.
  path: Assets/Modern tiles_Free/Interiors_free/32x32/Interiors_free_32x32_409.asset
  importAddress: Guid(e439965c063800343bd3cb8871c9bfe4) Importer(2089858483,b0f066a214c2f5e87bad3c948f4d605d)
Start importing Assets/Modern tiles_Free/Interiors_free/32x32/Interiors_free_32x32_409.asset using Guid(e439965c063800343bd3cb8871c9bfe4) Importer(2089858483,b0f066a214c2f5e87bad3c948f4d605d) (ScriptedImporter) -> (Import Result ID: '951d9b3e76c0f5c35052801f5a350a5b') in 0.0091263 seconds [static and dynamic dependencies]. Details - ImportResultOutputID=a6ce77aaf195fbbf7886f5162b6be10f DependenciesID=1bce8311268484986eb2495f94741fd3 StaticDependenciesID=9d15a38d7c21ce4aceacdb139ac5a048 
Number of updated asset objects reloaded before import = 0Number of asset objects unloaded after import = 2

========================================================================
Received Import Request.
  Time since last request: 0.000017 seconds.
  path: Assets/Modern tiles_Free/Interiors_free/32x32/Interiors_free_32x32_323.asset
  importAddress: Guid(e00439eb72b88e14daf13563d5a733c3) Importer(2089858483,b0f066a214c2f5e87bad3c948f4d605d)
Start importing Assets/Modern tiles_Free/Interiors_free/32x32/Interiors_free_32x32_323.asset using Guid(e00439eb72b88e14daf13563d5a733c3) Importer(2089858483,b0f066a214c2f5e87bad3c948f4d605d) (ScriptedImporter) -> (Import Result ID: '1f28ead1b29b9aae648cf055aa438f9c') in 0.008938 seconds [static and dynamic dependencies]. Details - ImportResultOutputID=664a0e5a90bfddd35a90d98623aabb80 DependenciesID=47193fc62ee2c29d8bc4b889a4c29912 StaticDependenciesID=feb94d8048ef993d8672f257a303e2fe 
Number of updated asset objects reloaded before import = 0Number of asset objects unloaded after import = 2

========================================================================
Received Import Request.
  Time since last request: 0.000014 seconds.
  path: Assets/Modern tiles_Free/Interiors_free/32x32/Interiors_free_32x32_790.asset
  importAddress: Guid(33bf54aaae303c24aab4dd3ceccd195c) Importer(2089858483,b0f066a214c2f5e87bad3c948f4d605d)
Start importing Assets/Modern tiles_Free/Interiors_free/32x32/Interiors_free_32x32_790.asset using Guid(33bf54aaae303c24aab4dd3ceccd195c) Importer(2089858483,b0f066a214c2f5e87bad3c948f4d605d) (ScriptedImporter) -> (Import Result ID: '484ed4ef049c4e84273ea2fde92f5f01') in 0.0087257 seconds [static and dynamic dependencies]. Details - ImportResultOutputID=2a2175a047070b910be8304a761dc7ce DependenciesID=4073dada72e7cb962997e45c23314b8f StaticDependenciesID=dd5b699c22d58b0b43bdda66dc0b870a 
Number of updated asset objects reloaded before import = 0Number of asset objects unloaded after import = 2

========================================================================
Received Import Request.
  Time since last request: 0.000016 seconds.
  path: Assets/Modern tiles_Free/Interiors_free/32x32/Interiors_free_32x32_233.asset
  importAddress: Guid(4bf7535089def4744b84d7615c192404) Importer(2089858483,b0f066a214c2f5e87bad3c948f4d605d)
Start importing Assets/Modern tiles_Free/Interiors_free/32x32/Interiors_free_32x32_233.asset using Guid(4bf7535089def4744b84d7615c192404) Importer(2089858483,b0f066a214c2f5e87bad3c948f4d605d) (ScriptedImporter) -> (Import Result ID: '877bd0d487c3f92f64ca2959ad667b57') in 0.0091378 seconds [static and dynamic dependencies]. Details - ImportResultOutputID=997b849ecf70d08ebcfa49ff5b49a335 DependenciesID=5f24b92cb7bde490f60ba548128a73a9 StaticDependenciesID=b05bf534a3336f0b8f6dcbf2dc01543b 
Number of updated asset objects reloaded before import = 0Number of asset objects unloaded after import = 2

========================================================================
Received Import Request.
  Time since last request: 0.000014 seconds.
  path: Assets/Modern tiles_Free/Interiors_free/32x32/Interiors_free_32x32_557.asset
  importAddress: Guid(74d8c88cf93d5d146a244b493931f1b7) Importer(2089858483,b0f066a214c2f5e87bad3c948f4d605d)
Start importing Assets/Modern tiles_Free/Interiors_free/32x32/Interiors_free_32x32_557.asset using Guid(74d8c88cf93d5d146a244b493931f1b7) Importer(2089858483,b0f066a214c2f5e87bad3c948f4d605d) (ScriptedImporter) -> (Import Result ID: 'cce779f4f106248251f8447066d6c9d2') in 0.0083486 seconds [static and dynamic dependencies]. Details - ImportResultOutputID=76baf3567c4b5a78dcc5cbb4aab37726 DependenciesID=3e439c51c3f31cc873c5918b4bf701b3 StaticDependenciesID=4e01760e45c8457466c5346e239b0e99 
Number of updated asset objects reloaded before import = 0Number of asset objects unloaded after import = 2

========================================================================
Received Import Request.
  Time since last request: 0.000021 seconds.
  path: Assets/Modern tiles_Free/Interiors_free/32x32/Interiors_free_32x32_1128.asset
  importAddress: Guid(6c7a5c3ffc9211f4d82aac5f382f8b7b) Importer(2089858483,b0f066a214c2f5e87bad3c948f4d605d)
Start importing Assets/Modern tiles_Free/Interiors_free/32x32/Interiors_free_32x32_1128.asset using Guid(6c7a5c3ffc9211f4d82aac5f382f8b7b) Importer(2089858483,b0f066a214c2f5e87bad3c948f4d605d) (ScriptedImporter) -> (Import Result ID: '538a088c14637e80846691e19f8d8b26') in 0.0088266 seconds [static and dynamic dependencies]. Details - ImportResultOutputID=b23b1a202f6597d4ea9c14300f380bad DependenciesID=0eee245bbaa5be9b5ed4664bfe3dfbaa StaticDependenciesID=bf036966d9ce34e5829da974cd1d343b 
Number of updated asset objects reloaded before import = 0Number of asset objects unloaded after import = 2

========================================================================
Received Import Request.
  Time since last request: 0.000018 seconds.
  path: Assets/Modern tiles_Free/Interiors_free/32x32/Interiors_free_32x32_951.asset
  importAddress: Guid(025d898022cb0654392912755abd957b) Importer(2089858483,b0f066a214c2f5e87bad3c948f4d605d)
Start importing Assets/Modern tiles_Free/Interiors_free/32x32/Interiors_free_32x32_951.asset using Guid(025d898022cb0654392912755abd957b) Importer(2089858483,b0f066a214c2f5e87bad3c948f4d605d) (ScriptedImporter) -> (Import Result ID: '784b5c05e966b0a0583f727bd6a3ebb6') in 0.0087264 seconds [static and dynamic dependencies]. Details - ImportResultOutputID=7d7e30bd802b03a535f312df6421cee2 DependenciesID=c9eac263655599ed81bd0901a7163464 StaticDependenciesID=96f15fbefe32fa98a2037c8041a79ec3 
Number of updated asset objects reloaded before import = 0Number of asset objects unloaded after import = 2

========================================================================
Received Import Request.
  Time since last request: 0.000032 seconds.
  path: Assets/Modern tiles_Free/Interiors_free/32x32/Interiors_free_32x32_538.asset
  importAddress: Guid(f6985daeaa6f7b24ba19851fc70a9771) Importer(2089858483,b0f066a214c2f5e87bad3c948f4d605d)
Start importing Assets/Modern tiles_Free/Interiors_free/32x32/Interiors_free_32x32_538.asset using Guid(f6985daeaa6f7b24ba19851fc70a9771) Importer(2089858483,b0f066a214c2f5e87bad3c948f4d605d) (ScriptedImporter) -> (Import Result ID: 'e3f3cc9dad64702e7b0c41b4f0a4e48f') in 0.009642 seconds [static and dynamic dependencies]. Details - ImportResultOutputID=b4aab20379cbf94539a010ae54e082ea DependenciesID=5753034bba04745f4628768cf9992446 StaticDependenciesID=82a5e51ecf3d529a5636746d19b8aada 
Number of updated asset objects reloaded before import = 0Number of asset objects unloaded after import = 2

========================================================================
Received Import Request.
  Time since last request: 0.000024 seconds.
  path: Assets/Modern tiles_Free/Interiors_free/32x32/Interiors_free_32x32_470.asset
  importAddress: Guid(e68cb9a956bd40240817d64453159895) Importer(2089858483,b0f066a214c2f5e87bad3c948f4d605d)
Start importing Assets/Modern tiles_Free/Interiors_free/32x32/Interiors_free_32x32_470.asset using Guid(e68cb9a956bd40240817d64453159895) Importer(2089858483,b0f066a214c2f5e87bad3c948f4d605d) (ScriptedImporter) -> (Import Result ID: 'e37e622a7e0189053c08c1ef2186bdea') in 0.0085106 seconds [static and dynamic dependencies]. Details - ImportResultOutputID=95697f7e58a9975f2b1c135312b4cfb4 DependenciesID=0b5d253ee0380021402429276e03fe85 StaticDependenciesID=711a4c34f6b0180e3a642736f0d7ccb4 
Number of updated asset objects reloaded before import = 0Number of asset objects unloaded after import = 2

========================================================================
Received Import Request.
  Time since last request: 0.000013 seconds.
  path: Assets/Modern tiles_Free/Interiors_free/32x32/Interiors_free_32x32_524.asset
  importAddress: Guid(2630578646964d34aad8ee7e4f9fe8a6) Importer(2089858483,b0f066a214c2f5e87bad3c948f4d605d)
Start importing Assets/Modern tiles_Free/Interiors_free/32x32/Interiors_free_32x32_524.asset using Guid(2630578646964d34aad8ee7e4f9fe8a6) Importer(2089858483,b0f066a214c2f5e87bad3c948f4d605d) (ScriptedImporter) -> (Import Result ID: '8cd3f4c0f33a99bc524cb3f6aa5ea3ff') in 0.00899 seconds [static and dynamic dependencies]. Details - ImportResultOutputID=e07e9d4f1533a7a4b54d5d72cb5ff1e8 DependenciesID=ceeccdd05acc32839e82b40c9f928b69 StaticDependenciesID=10c3d3ff0b85760223aaf77bfa99b852 
Number of updated asset objects reloaded before import = 0Number of asset objects unloaded after import = 2

========================================================================
Received Import Request.
  Time since last request: 0.000015 seconds.
  path: Assets/Modern tiles_Free/Interiors_free/32x32/Interiors_free_32x32_875.asset
  importAddress: Guid(321a424b712cf5c45be3502565e87802) Importer(2089858483,b0f066a214c2f5e87bad3c948f4d605d)
Start importing Assets/Modern tiles_Free/Interiors_free/32x32/Interiors_free_32x32_875.asset using Guid(321a424b712cf5c45be3502565e87802) Importer(2089858483,b0f066a214c2f5e87bad3c948f4d605d) (ScriptedImporter) -> (Import Result ID: '6b820746ec8d7a1aa7f28bc3adf5e442') in 0.0090707 seconds [static and dynamic dependencies]. Details - ImportResultOutputID=2eaf91c3965e591bbbadc214234d75b2 DependenciesID=bcf33f8331dc053cff06a21ae13c388d StaticDependenciesID=474577f8451cc4300a278e42e55f3078 
Number of updated asset objects reloaded before import = 0Number of asset objects unloaded after import = 2

========================================================================
Received Import Request.
  Time since last request: 0.000016 seconds.
  path: Assets/Modern tiles_Free/Interiors_free/32x32/Interiors_free_32x32_763.asset
  importAddress: Guid(b57381059290bf545bc7c34fbb0e257c) Importer(2089858483,b0f066a214c2f5e87bad3c948f4d605d)
Start importing Assets/Modern tiles_Free/Interiors_free/32x32/Interiors_free_32x32_763.asset using Guid(b57381059290bf545bc7c34fbb0e257c) Importer(2089858483,b0f066a214c2f5e87bad3c948f4d605d) (ScriptedImporter) -> (Import Result ID: 'd3ab89a495ca5f89cad7208b2db875b5') in 0.0089345 seconds [static and dynamic dependencies]. Details - ImportResultOutputID=b8278dade18adcd1ff51d0e497dca80e DependenciesID=bca1fe5e7473525daa2cbcff0a751a07 StaticDependenciesID=e8659b7a07016bd94d45033b70adf023 
Number of updated asset objects reloaded before import = 0Number of asset objects unloaded after import = 2

========================================================================
Received Import Request.
  Time since last request: 0.000019 seconds.
  path: Assets/Modern tiles_Free/Interiors_free/32x32/Interiors_free_32x32_370.asset
  importAddress: Guid(45d67904acd8a3845b754d896362c39c) Importer(2089858483,b0f066a214c2f5e87bad3c948f4d605d)
Start importing Assets/Modern tiles_Free/Interiors_free/32x32/Interiors_free_32x32_370.asset using Guid(45d67904acd8a3845b754d896362c39c) Importer(2089858483,b0f066a214c2f5e87bad3c948f4d605d) (ScriptedImporter) -> (Import Result ID: 'bce85ec0761fdac732818d9c0028ed33') in 0.0088202 seconds [static and dynamic dependencies]. Details - ImportResultOutputID=130ac939007a1e8ab4c769d050b7aab8 DependenciesID=2caf1a409938c283d6b5d396c11d0c9b StaticDependenciesID=825c1d36dba55db73ee2e41108a23877 
Number of updated asset objects reloaded before import = 0Number of asset objects unloaded after import = 2

========================================================================
Received Import Request.
  Time since last request: 0.000020 seconds.
  path: Assets/Modern tiles_Free/Interiors_free/32x32/Interiors_free_32x32_71.asset
  importAddress: Guid(93f428bf4aa4bba459fc9eaea91ae86b) Importer(2089858483,b0f066a214c2f5e87bad3c948f4d605d)
Start importing Assets/Modern tiles_Free/Interiors_free/32x32/Interiors_free_32x32_71.asset using Guid(93f428bf4aa4bba459fc9eaea91ae86b) Importer(2089858483,b0f066a214c2f5e87bad3c948f4d605d) (ScriptedImporter) -> (Import Result ID: 'd0de547f993b5a20011521cbea25cca6') in 0.0098 seconds [static and dynamic dependencies]. Details - ImportResultOutputID=bd8e0e2dcdcdeec97c2cd4ba2352dff0 DependenciesID=94bebcb859d775d351dc62fdd5457c9d StaticDependenciesID=d26ae387a98fbb05f54facdfeac7cf23 
Number of updated asset objects reloaded before import = 0Number of asset objects unloaded after import = 2

========================================================================
Received Import Request.
  Time since last request: 0.000017 seconds.
  path: Assets/Modern tiles_Free/Interiors_free/32x32/Interiors_free_32x32_534.asset
  importAddress: Guid(b392f5d271be94e4c9cb87b520026b8e) Importer(2089858483,b0f066a214c2f5e87bad3c948f4d605d)
Start importing Assets/Modern tiles_Free/Interiors_free/32x32/Interiors_free_32x32_534.asset using Guid(b392f5d271be94e4c9cb87b520026b8e) Importer(2089858483,b0f066a214c2f5e87bad3c948f4d605d) (ScriptedImporter) -> (Import Result ID: '0b299c4585f4f23d2e2bc16e1aba010a') in 0.0089907 seconds [static and dynamic dependencies]. Details - ImportResultOutputID=71d03bd96a08452533b16ab50044322b DependenciesID=e18ac63ed463f1eec33a3884d1e40034 StaticDependenciesID=141c2724d06634005446e15b5020ebfa 
Number of updated asset objects reloaded before import = 0Number of asset objects unloaded after import = 2

========================================================================
Received Import Request.
  Time since last request: 0.000017 seconds.
  path: Assets/Modern tiles_Free/Interiors_free/32x32/Interiors_free_32x32_369.asset
  importAddress: Guid(c5edcc79a1f8945428ea4f0dc75b916c) Importer(2089858483,b0f066a214c2f5e87bad3c948f4d605d)
Start importing Assets/Modern tiles_Free/Interiors_free/32x32/Interiors_free_32x32_369.asset using Guid(c5edcc79a1f8945428ea4f0dc75b916c) Importer(2089858483,b0f066a214c2f5e87bad3c948f4d605d) (ScriptedImporter) -> (Import Result ID: 'a52d525293f77d770f9f5f2d7a2b6d2d') in 0.0091239 seconds [static and dynamic dependencies]. Details - ImportResultOutputID=9cbae4b96082294017fa2ee7a0a64dd7 DependenciesID=f88cc4c286a3dbd17446f64feeae085b StaticDependenciesID=3378eed83cb85d87fe3bfaa1f92e6273 
Number of updated asset objects reloaded before import = 0Number of asset objects unloaded after import = 2

========================================================================
Received Import Request.
  Time since last request: 0.000016 seconds.
  path: Assets/Modern tiles_Free/Interiors_free/32x32/Interiors_free_32x32_1187.asset
  importAddress: Guid(5263ea70f9a6550408b46d04dac7e92c) Importer(2089858483,b0f066a214c2f5e87bad3c948f4d605d)
Start importing Assets/Modern tiles_Free/Interiors_free/32x32/Interiors_free_32x32_1187.asset using Guid(5263ea70f9a6550408b46d04dac7e92c) Importer(2089858483,b0f066a214c2f5e87bad3c948f4d605d) (ScriptedImporter) -> (Import Result ID: '0ed4ce24837d0aa63c2c718e7d907305') in 0.0085903 seconds [static and dynamic dependencies]. Details - ImportResultOutputID=ef5776699b8fadc81d4f2b8a969fd6e9 DependenciesID=6a02490047877d2d7431113a3083610d StaticDependenciesID=e23ae880f1b88430d08effcaf8dd01d1 
Number of updated asset objects reloaded before import = 0Number of asset objects unloaded after import = 2

========================================================================
Received Import Request.
  Time since last request: 0.000015 seconds.
  path: Assets/Modern tiles_Free/Interiors_free/32x32/Interiors_free_32x32_65.asset
  importAddress: Guid(3014a474bdc0a3a44ae89176e0ca2d00) Importer(2089858483,b0f066a214c2f5e87bad3c948f4d605d)
Start importing Assets/Modern tiles_Free/Interiors_free/32x32/Interiors_free_32x32_65.asset using Guid(3014a474bdc0a3a44ae89176e0ca2d00) Importer(2089858483,b0f066a214c2f5e87bad3c948f4d605d) (ScriptedImporter) -> (Import Result ID: 'df00f69b682f5698c7c6eeef6bb96b85') in 0.0087006 seconds [static and dynamic dependencies]. Details - ImportResultOutputID=c178fdd93bc9b92e997edbd2c33542a4 DependenciesID=4ffd3a97039fea3a4378d82e3e39e46c StaticDependenciesID=b36e15049951e826e5e47d7c783396bf 
Number of updated asset objects reloaded before import = 0Number of asset objects unloaded after import = 2

========================================================================
Received Import Request.
  Time since last request: 0.000017 seconds.
  path: Assets/Modern tiles_Free/Interiors_free/32x32/Interiors_free_32x32_78.asset
  importAddress: Guid(e89425dd910613142965fcc80a8233de) Importer(2089858483,b0f066a214c2f5e87bad3c948f4d605d)
Start importing Assets/Modern tiles_Free/Interiors_free/32x32/Interiors_free_32x32_78.asset using Guid(e89425dd910613142965fcc80a8233de) Importer(2089858483,b0f066a214c2f5e87bad3c948f4d605d) (ScriptedImporter) -> (Import Result ID: '235147cf462aa219a0199f52e7625919') in 0.0085123 seconds [static and dynamic dependencies]. Details - ImportResultOutputID=3e323786fd24941990fa40306c36ea3f DependenciesID=3a79904d31e2366d3a167c68f5bbaf5a StaticDependenciesID=d37272c0a033b3abfc96970f788189c5 
Number of updated asset objects reloaded before import = 0Number of asset objects unloaded after import = 2

========================================================================
Received Import Request.
  Time since last request: 0.000016 seconds.
  path: Assets/Modern tiles_Free/Interiors_free/32x32/Interiors_free_32x32_594.asset
  importAddress: Guid(29fe72c046aba1949a1457ed21115442) Importer(2089858483,b0f066a214c2f5e87bad3c948f4d605d)
Start importing Assets/Modern tiles_Free/Interiors_free/32x32/Interiors_free_32x32_594.asset using Guid(29fe72c046aba1949a1457ed21115442) Importer(2089858483,b0f066a214c2f5e87bad3c948f4d605d) (ScriptedImporter) -> (Import Result ID: '9784f5e8d0d14f443b4052b4fc55c1eb') in 0.0090862 seconds [static and dynamic dependencies]. Details - ImportResultOutputID=3576605d35c02ca86ee291c17e4dd0c5 DependenciesID=38659840a9fb221cd979f9e74fcf8960 StaticDependenciesID=de156e46155715c0abb1854d2b3fb5a8 
Number of updated asset objects reloaded before import = 0Number of asset objects unloaded after import = 2

========================================================================
Received Import Request.
  Time since last request: 0.000015 seconds.
  path: Assets/Modern tiles_Free/Interiors_free/32x32/Interiors_free_32x32_17.asset
  importAddress: Guid(e902af19c36573b4d9440c90a63881a4) Importer(2089858483,b0f066a214c2f5e87bad3c948f4d605d)
Start importing Assets/Modern tiles_Free/Interiors_free/32x32/Interiors_free_32x32_17.asset using Guid(e902af19c36573b4d9440c90a63881a4) Importer(2089858483,b0f066a214c2f5e87bad3c948f4d605d) (ScriptedImporter) -> (Import Result ID: '687571d7d7d4eb407f29adc91f97ee6a') in 0.0083257 seconds [static and dynamic dependencies]. Details - ImportResultOutputID=cd83daec1054f5c13ba30e9f524a6446 DependenciesID=011aa9555793902516079f809767c30c StaticDependenciesID=c318f00bab95b3130500aef04b068c1b 
Number of updated asset objects reloaded before import = 0Number of asset objects unloaded after import = 2

========================================================================
Received Import Request.
  Time since last request: 0.000018 seconds.
  path: Assets/Modern tiles_Free/Interiors_free/32x32/Interiors_free_32x32_183.asset
  importAddress: Guid(388113cbd17af2e4dbf965eb7f2a9164) Importer(2089858483,b0f066a214c2f5e87bad3c948f4d605d)
Start importing Assets/Modern tiles_Free/Interiors_free/32x32/Interiors_free_32x32_183.asset using Guid(388113cbd17af2e4dbf965eb7f2a9164) Importer(2089858483,b0f066a214c2f5e87bad3c948f4d605d) (ScriptedImporter) -> (Import Result ID: '72e200288603fbeb7b891f55c657120a') in 0.0089362 seconds [static and dynamic dependencies]. Details - ImportResultOutputID=add80629b74f51856059024424bec89e DependenciesID=bb75a247c326afec28d4811f507b44e2 StaticDependenciesID=664d10dc06b684b1a270cfbf5227faff 
Number of updated asset objects reloaded before import = 0Number of asset objects unloaded after import = 2

========================================================================
Received Import Request.
  Time since last request: 0.000018 seconds.
  path: Assets/Modern tiles_Free/Interiors_free/32x32/Interiors_free_32x32_422.asset
  importAddress: Guid(635efcf2c2eda48499a5ae828b55b988) Importer(2089858483,b0f066a214c2f5e87bad3c948f4d605d)
Start importing Assets/Modern tiles_Free/Interiors_free/32x32/Interiors_free_32x32_422.asset using Guid(635efcf2c2eda48499a5ae828b55b988) Importer(2089858483,b0f066a214c2f5e87bad3c948f4d605d) (ScriptedImporter) -> (Import Result ID: '47630d4b8fa0e61ef1c6bda3c34aa088') in 0.0092838 seconds [static and dynamic dependencies]. Details - ImportResultOutputID=ee87fe177cb9d473d019e389601dfa66 DependenciesID=7bba93865f78c3d1f9b67c7d4c95d91c StaticDependenciesID=2fcde9e535009833ee7b09e299bbfb5c 
Number of updated asset objects reloaded before import = 0Number of asset objects unloaded after import = 2

========================================================================
Received Import Request.
  Time since last request: 0.000014 seconds.
  path: Assets/Modern tiles_Free/Interiors_free/32x32/Interiors_free_32x32_1019.asset
  importAddress: Guid(20104f5ae52d7c541909ed11d799d2e7) Importer(2089858483,b0f066a214c2f5e87bad3c948f4d605d)
Start importing Assets/Modern tiles_Free/Interiors_free/32x32/Interiors_free_32x32_1019.asset using Guid(20104f5ae52d7c541909ed11d799d2e7) Importer(2089858483,b0f066a214c2f5e87bad3c948f4d605d) (ScriptedImporter) -> (Import Result ID: 'b5a88d10bd455e1c421b935cc4080d1e') in 0.0089027 seconds [static and dynamic dependencies]. Details - ImportResultOutputID=566e5d740f650d8027e2fb6843893903 DependenciesID=3bc6712b201d6c96e885e84162e7d4ff StaticDependenciesID=3638d929ab7a17286858f3917e75dc20 
Number of updated asset objects reloaded before import = 0Number of asset objects unloaded after import = 2

========================================================================
Received Import Request.
  Time since last request: 0.000027 seconds.
  path: Assets/Modern tiles_Free/Interiors_free/32x32/Interiors_free_32x32_607.asset
  importAddress: Guid(ae074e4da1ba97544b0468e69e54e0af) Importer(2089858483,b0f066a214c2f5e87bad3c948f4d605d)
Start importing Assets/Modern tiles_Free/Interiors_free/32x32/Interiors_free_32x32_607.asset using Guid(ae074e4da1ba97544b0468e69e54e0af) Importer(2089858483,b0f066a214c2f5e87bad3c948f4d605d) (ScriptedImporter) -> (Import Result ID: '3f9e47932b0734cfaafd41fd47947fb4') in 0.008307 seconds [static and dynamic dependencies]. Details - ImportResultOutputID=522820c30cd52e7c40d958bd0fa02bcf DependenciesID=8a82e0030e9b61114f95d0ba1929812e StaticDependenciesID=0b36a5a00656eb788f5a8c52c82cddaa 
Number of updated asset objects reloaded before import = 0Number of asset objects unloaded after import = 2

========================================================================
Received Import Request.
  Time since last request: 0.000019 seconds.
  path: Assets/Modern tiles_Free/Interiors_free/32x32/Interiors_free_32x32_1139.asset
  importAddress: Guid(22b30d96e89a2194a89bb98260ef662a) Importer(2089858483,b0f066a214c2f5e87bad3c948f4d605d)
Start importing Assets/Modern tiles_Free/Interiors_free/32x32/Interiors_free_32x32_1139.asset using Guid(22b30d96e89a2194a89bb98260ef662a) Importer(2089858483,b0f066a214c2f5e87bad3c948f4d605d) (ScriptedImporter) -> (Import Result ID: 'd8d4b72c1a03e5513c10a6d926d49c00') in 0.0093641 seconds [static and dynamic dependencies]. Details - ImportResultOutputID=67cd483276d6063a9f18456c594cea29 DependenciesID=d5a99e461094e04bb4a36ad91b3d86ad StaticDependenciesID=95a796f608d6ff95aded43b4d421d20f 
Number of updated asset objects reloaded before import = 0Number of asset objects unloaded after import = 2

========================================================================
Received Import Request.
  Time since last request: 0.000015 seconds.
  path: Assets/Modern tiles_Free/Interiors_free/32x32/Interiors_free_32x32_503.asset
  importAddress: Guid(3f61a7b70f29e44418d613dadc52235d) Importer(2089858483,b0f066a214c2f5e87bad3c948f4d605d)
Start importing Assets/Modern tiles_Free/Interiors_free/32x32/Interiors_free_32x32_503.asset using Guid(3f61a7b70f29e44418d613dadc52235d) Importer(2089858483,b0f066a214c2f5e87bad3c948f4d605d) (ScriptedImporter) -> (Import Result ID: '8eb96bcde9a1bd7f45c959f9a01ddf16') in 0.0090594 seconds [static and dynamic dependencies]. Details - ImportResultOutputID=999d7740e93fdb11be05aac3798f2433 DependenciesID=6ebb91aae8f6c80e8345476b617f8336 StaticDependenciesID=6cf6cdf855509e2a475de6d7863726be 
Number of updated asset objects reloaded before import = 0Number of asset objects unloaded after import = 2

========================================================================
Received Import Request.
  Time since last request: 0.000014 seconds.
  path: Assets/Modern tiles_Free/Interiors_free/32x32/Interiors_free_32x32_200.asset
  importAddress: Guid(11c509c49edef584bb8cc707e1d4b3a2) Importer(2089858483,b0f066a214c2f5e87bad3c948f4d605d)
Start importing Assets/Modern tiles_Free/Interiors_free/32x32/Interiors_free_32x32_200.asset using Guid(11c509c49edef584bb8cc707e1d4b3a2) Importer(2089858483,b0f066a214c2f5e87bad3c948f4d605d) (ScriptedImporter) -> (Import Result ID: '47b3136217e3d5bcd7a4d982c0773a6a') in 0.00861 seconds [static and dynamic dependencies]. Details - ImportResultOutputID=da139e06d80cf561bf572f4bbfee6eec DependenciesID=d343f3dbca2d64ff697d579080efd402 StaticDependenciesID=acc5270888c4a70db6ead81d45952ab0 
Number of updated asset objects reloaded before import = 0Number of asset objects unloaded after import = 2

========================================================================
Received Import Request.
  Time since last request: 0.687728 seconds.
  path: Assets/Modern tiles_Free/Interiors_free/32x32/Interiors_free_32x32_755.asset
  importAddress: Guid(753ed6a3e10c8704a876df99f626c81e) Importer(2089858483,b0f066a214c2f5e87bad3c948f4d605d)
Start importing Assets/Modern tiles_Free/Interiors_free/32x32/Interiors_free_32x32_755.asset using Guid(753ed6a3e10c8704a876df99f626c81e) Importer(2089858483,b0f066a214c2f5e87bad3c948f4d605d) (ScriptedImporter) -> (Import Result ID: 'e60d3e244f6ed9aa7f761d4f60facc78') in 0.0087992 seconds [static and dynamic dependencies]. Details - ImportResultOutputID=d54f8ceb3816f1d9e9bbdd3a89ad9a9c DependenciesID=de3362a2909131fd29756b1025251c99 StaticDependenciesID=ac4abbfe48b39804b48a0559c0a0d9f2 
Number of updated asset objects reloaded before import = 0Number of asset objects unloaded after import = 2

========================================================================
Received Import Request.
  Time since last request: 0.000016 seconds.
  path: Assets/Modern tiles_Free/Interiors_free/32x32/Interiors_free_32x32_985.asset
  importAddress: Guid(705663b2caef1b84ebcd81b80c25b6af) Importer(2089858483,b0f066a214c2f5e87bad3c948f4d605d)
Start importing Assets/Modern tiles_Free/Interiors_free/32x32/Interiors_free_32x32_985.asset using Guid(705663b2caef1b84ebcd81b80c25b6af) Importer(2089858483,b0f066a214c2f5e87bad3c948f4d605d) (ScriptedImporter) -> (Import Result ID: '40153f646813bf40924ba7037a0322fd') in 0.0088269 seconds [static and dynamic dependencies]. Details - ImportResultOutputID=b31a3c2eb59b04d645a59fdefaac30a8 DependenciesID=f97817b8d9ec73785f881ab009fa2cf9 StaticDependenciesID=f6220294b761fd768116ee97fff4358f 
Number of updated asset objects reloaded before import = 0Number of asset objects unloaded after import = 2

========================================================================
Received Import Request.
  Time since last request: 0.000019 seconds.
  path: Assets/Modern tiles_Free/Interiors_free/32x32/Interiors_free_32x32_929.asset
  importAddress: Guid(550291801be2d2d488b23952d4944943) Importer(2089858483,b0f066a214c2f5e87bad3c948f4d605d)
Start importing Assets/Modern tiles_Free/Interiors_free/32x32/Interiors_free_32x32_929.asset using Guid(550291801be2d2d488b23952d4944943) Importer(2089858483,b0f066a214c2f5e87bad3c948f4d605d) (ScriptedImporter) -> (Import Result ID: '5d9d4d3c8ca59c435c573a6c7348edf6') in 0.0081762 seconds [static and dynamic dependencies]. Details - ImportResultOutputID=03f05f91d5b0d92d441b6da0ca915a80 DependenciesID=2d8eabeef32e4a4a40aa0ddbeeac1fc7 StaticDependenciesID=012b189d6cc4513a4a7c433e4b24ebc5 
Number of updated asset objects reloaded before import = 0Number of asset objects unloaded after import = 2

========================================================================
Received Import Request.
  Time since last request: 0.000016 seconds.
  path: Assets/Modern tiles_Free/Interiors_free/32x32/Interiors_free_32x32_266.asset
  importAddress: Guid(5cdbf4b0c06fbd042aa81ef757ceb7d0) Importer(2089858483,b0f066a214c2f5e87bad3c948f4d605d)
Start importing Assets/Modern tiles_Free/Interiors_free/32x32/Interiors_free_32x32_266.asset using Guid(5cdbf4b0c06fbd042aa81ef757ceb7d0) Importer(2089858483,b0f066a214c2f5e87bad3c948f4d605d) (ScriptedImporter) -> (Import Result ID: '98d92b70d12c38226111d7a72cc36fea') in 0.0092981 seconds [static and dynamic dependencies]. Details - ImportResultOutputID=7e4a0b38ba87097b8bb8ef6956d31ba9 DependenciesID=e2a825696bd6b2a23117d5ab5fff5ecf StaticDependenciesID=7b8dbea847b2e1fbae31aaf4570b23ea 
Number of updated asset objects reloaded before import = 0Number of asset objects unloaded after import = 2

========================================================================
Received Import Request.
  Time since last request: 0.000016 seconds.
  path: Assets/Modern tiles_Free/Interiors_free/32x32/Interiors_free_32x32_415.asset
  importAddress: Guid(9e1d1dffebdbf724e9308153d0d8dadf) Importer(2089858483,b0f066a214c2f5e87bad3c948f4d605d)
Start importing Assets/Modern tiles_Free/Interiors_free/32x32/Interiors_free_32x32_415.asset using Guid(9e1d1dffebdbf724e9308153d0d8dadf) Importer(2089858483,b0f066a214c2f5e87bad3c948f4d605d) (ScriptedImporter) -> (Import Result ID: '09108cedd5fa79c6f936506e5bcd9d62') in 0.028875 seconds [static and dynamic dependencies]. Details - ImportResultOutputID=20d768c2a3d00bf413d8c77aecda7cdf DependenciesID=08d58a3a55a804e9b75e6063ee409d70 StaticDependenciesID=89fca82be8fa8b21e797d6cd0784b167 
Number of updated asset objects reloaded before import = 0Number of asset objects unloaded after import = 2

========================================================================
Received Import Request.
  Time since last request: 0.000019 seconds.
  path: Assets/Modern tiles_Free/Interiors_free/32x32/Interiors_free_32x32_1094.asset
  importAddress: Guid(ac88b25d4ca02614f992b9f2e7b119fb) Importer(2089858483,b0f066a214c2f5e87bad3c948f4d605d)
Start importing Assets/Modern tiles_Free/Interiors_free/32x32/Interiors_free_32x32_1094.asset using Guid(ac88b25d4ca02614f992b9f2e7b119fb) Importer(2089858483,b0f066a214c2f5e87bad3c948f4d605d) (ScriptedImporter) -> (Import Result ID: '7df7433734df0d690f251ae46138e051') in 0.0079764 seconds [static and dynamic dependencies]. Details - ImportResultOutputID=a2383554d390dec6894b1e59f18129a8 DependenciesID=a268ada135721feaa5d0634fe22fdce2 StaticDependenciesID=a7b554d6ae3346753802071591a2b3d1 
Number of updated asset objects reloaded before import = 0Number of asset objects unloaded after import = 2

========================================================================
Received Import Request.
  Time since last request: 0.000013 seconds.
  path: Assets/Modern tiles_Free/Interiors_free/32x32/Interiors_free_32x32_578.asset
  importAddress: Guid(30e5c3f02838663439b64a69fd58d5a4) Importer(2089858483,b0f066a214c2f5e87bad3c948f4d605d)
Start importing Assets/Modern tiles_Free/Interiors_free/32x32/Interiors_free_32x32_578.asset using Guid(30e5c3f02838663439b64a69fd58d5a4) Importer(2089858483,b0f066a214c2f5e87bad3c948f4d605d) (ScriptedImporter) -> (Import Result ID: '9776a9507984f0eb47d1adc846bd29e2') in 0.0210264 seconds [static and dynamic dependencies]. Details - ImportResultOutputID=38ba4eb0c2f4734b17dce8396ccb6b9c DependenciesID=9193b86f602dd6b145aa611b549cfed7 StaticDependenciesID=40fbf77e74af05b22a4c8ce26bc936cc 
Number of updated asset objects reloaded before import = 0Number of asset objects unloaded after import = 2

========================================================================
Received Import Request.
  Time since last request: 0.000017 seconds.
  path: Assets/Modern tiles_Free/Interiors_free/32x32/Interiors_free_32x32_451.asset
  importAddress: Guid(e647ab6821dbc794a87191bc00dbc9e4) Importer(2089858483,b0f066a214c2f5e87bad3c948f4d605d)
Start importing Assets/Modern tiles_Free/Interiors_free/32x32/Interiors_free_32x32_451.asset using Guid(e647ab6821dbc794a87191bc00dbc9e4) Importer(2089858483,b0f066a214c2f5e87bad3c948f4d605d) (ScriptedImporter) -> (Import Result ID: '5b57e05246841f380de2ea6455fa8850') in 0.0083389 seconds [static and dynamic dependencies]. Details - ImportResultOutputID=bbf23b35992b51651ceee0a2405baba5 DependenciesID=a68c6969c049a5dc9e88f7449d829187 StaticDependenciesID=d7ac84c54ad673582bd407645c58ba41 
Number of updated asset objects reloaded before import = 0Number of asset objects unloaded after import = 2

========================================================================
Received Import Request.
  Time since last request: 0.000015 seconds.
  path: Assets/Modern tiles_Free/Interiors_free/32x32/Interiors_free_32x32_1076.asset
  importAddress: Guid(325b88c08ed80bb4586b11aecaa33180) Importer(2089858483,b0f066a214c2f5e87bad3c948f4d605d)
Start importing Assets/Modern tiles_Free/Interiors_free/32x32/Interiors_free_32x32_1076.asset using Guid(325b88c08ed80bb4586b11aecaa33180) Importer(2089858483,b0f066a214c2f5e87bad3c948f4d605d) (ScriptedImporter) -> (Import Result ID: '9941599e3727230b682638807dc95dd8') in 0.0112325 seconds [static and dynamic dependencies]. Details - ImportResultOutputID=c443cb8b863f2cd11a3ab93c437cda7b DependenciesID=f55b4a425e1d1220f39f87b7908b447c StaticDependenciesID=54eac7ae2a6978153cd9b81800fa4711 
Number of updated asset objects reloaded before import = 0Number of asset objects unloaded after import = 2

========================================================================
Received Import Request.
  Time since last request: 0.000016 seconds.
  path: Assets/Modern tiles_Free/Interiors_free/32x32/Interiors_free_32x32_911.asset
  importAddress: Guid(1c36e9c6c08fffa44878d3872731c5f4) Importer(2089858483,b0f066a214c2f5e87bad3c948f4d605d)
Start importing Assets/Modern tiles_Free/Interiors_free/32x32/Interiors_free_32x32_911.asset using Guid(1c36e9c6c08fffa44878d3872731c5f4) Importer(2089858483,b0f066a214c2f5e87bad3c948f4d605d) (ScriptedImporter) -> (Import Result ID: '9a0b19d68828b7e70b4bed1f01ddb6b1') in 0.0091085 seconds [static and dynamic dependencies]. Details - ImportResultOutputID=bd246936f463b56333177c794af09321 DependenciesID=f9f6e5ed41e1f2901e79a9dbe3d5893a StaticDependenciesID=c4cc937c8e854bbbb40c60b60103fe58 
Number of updated asset objects reloaded before import = 0Number of asset objects unloaded after import = 2

========================================================================
Received Import Request.
  Time since last request: 0.000018 seconds.
  path: Assets/Modern tiles_Free/Interiors_free/32x32/Interiors_free_32x32_1017.asset
  importAddress: Guid(a269e17a6c08f6e4da9dcfaf3471977e) Importer(2089858483,b0f066a214c2f5e87bad3c948f4d605d)
Start importing Assets/Modern tiles_Free/Interiors_free/32x32/Interiors_free_32x32_1017.asset using Guid(a269e17a6c08f6e4da9dcfaf3471977e) Importer(2089858483,b0f066a214c2f5e87bad3c948f4d605d) (ScriptedImporter) -> (Import Result ID: '2115ed58c70c3dbe4536a42e3d96169a') in 0.0092571 seconds [static and dynamic dependencies]. Details - ImportResultOutputID=059f8a10a448b06d81f942517694e339 DependenciesID=acf9b5a417083c1d021d32408374db50 StaticDependenciesID=ce9f0df4bf1d8a2fcb5b84d5adce718e 
Number of updated asset objects reloaded before import = 0Number of asset objects unloaded after import = 2

========================================================================
Received Import Request.
  Time since last request: 0.000015 seconds.
  path: Assets/Modern tiles_Free/Interiors_free/32x32/Interiors_free_32x32_946.asset
  importAddress: Guid(482cad5f47edc4049bee917c79459063) Importer(2089858483,b0f066a214c2f5e87bad3c948f4d605d)
Start importing Assets/Modern tiles_Free/Interiors_free/32x32/Interiors_free_32x32_946.asset using Guid(482cad5f47edc4049bee917c79459063) Importer(2089858483,b0f066a214c2f5e87bad3c948f4d605d) (ScriptedImporter) -> (Import Result ID: 'fd5d712a91b48221b4a23a9fcfbd0e3b') in 0.0087631 seconds [static and dynamic dependencies]. Details - ImportResultOutputID=e5d366cd88810ec1b8dba09e7d7e9a01 DependenciesID=2d63ce5ce2b5a5abd21c10f8e692548e StaticDependenciesID=4d91f3dd068aa09449131ad744d242fc 
Number of updated asset objects reloaded before import = 0Number of asset objects unloaded after import = 2

========================================================================
Received Import Request.
  Time since last request: 0.000030 seconds.
  path: Assets/Modern tiles_Free/Interiors_free/32x32/Interiors_free_32x32_648.asset
  importAddress: Guid(c1eed2c126eafb1458809dd0f1f93d31) Importer(2089858483,b0f066a214c2f5e87bad3c948f4d605d)
Start importing Assets/Modern tiles_Free/Interiors_free/32x32/Interiors_free_32x32_648.asset using Guid(c1eed2c126eafb1458809dd0f1f93d31) Importer(2089858483,b0f066a214c2f5e87bad3c948f4d605d) (ScriptedImporter) -> (Import Result ID: '35729e186356c9f30277a780e44e9053') in 0.0091464 seconds [static and dynamic dependencies]. Details - ImportResultOutputID=f39a52baf0fff56e91db46b154c7ae66 DependenciesID=06cd295ada4f6a797eda8c61dba19173 StaticDependenciesID=a720626c3b68076c8b4b0a06c0f6ff01 
Number of updated asset objects reloaded before import = 0Number of asset objects unloaded after import = 2

========================================================================
Received Import Request.
  Time since last request: 0.000023 seconds.
  path: Assets/Modern tiles_Free/Interiors_free/32x32/Interiors_free_32x32_502.asset
  importAddress: Guid(55075fc83bf675b49a79c102c2b8c52b) Importer(2089858483,b0f066a214c2f5e87bad3c948f4d605d)
Start importing Assets/Modern tiles_Free/Interiors_free/32x32/Interiors_free_32x32_502.asset using Guid(55075fc83bf675b49a79c102c2b8c52b) Importer(2089858483,b0f066a214c2f5e87bad3c948f4d605d) (ScriptedImporter) -> (Import Result ID: '96cc01d228281a4ad2061198b4d289de') in 0.0093504 seconds [static and dynamic dependencies]. Details - ImportResultOutputID=328c6dc01d8218b7d83ca369e08cbb17 DependenciesID=da037a22a2cea2092c978a7303b46f9b StaticDependenciesID=84ea3e5d84e18d1f195480be750242e3 
Number of updated asset objects reloaded before import = 0Number of asset objects unloaded after import = 2

========================================================================
Received Import Request.
  Time since last request: 0.000025 seconds.
  path: Assets/Modern tiles_Free/Interiors_free/32x32/Interiors_free_32x32_1063.asset
  importAddress: Guid(c3a672e8428c1674b865d13fa0b2d38a) Importer(2089858483,b0f066a214c2f5e87bad3c948f4d605d)
Start importing Assets/Modern tiles_Free/Interiors_free/32x32/Interiors_free_32x32_1063.asset using Guid(c3a672e8428c1674b865d13fa0b2d38a) Importer(2089858483,b0f066a214c2f5e87bad3c948f4d605d) (ScriptedImporter) -> (Import Result ID: '657ee8782bd7d4483142b97c5e308950') in 0.0099604 seconds [static and dynamic dependencies]. Details - ImportResultOutputID=9cba5137762c491199c257aee0f62439 DependenciesID=781b4147bc9fb740fe60a5f2289cd794 StaticDependenciesID=c13e181182142eb234fc022cf684e83a 
Number of updated asset objects reloaded before import = 0Number of asset objects unloaded after import = 2

========================================================================
Received Import Request.
  Time since last request: 0.000014 seconds.
  path: Assets/Modern tiles_Free/Interiors_free/32x32/Interiors_free_32x32_340.asset
  importAddress: Guid(0f48eee90fe5df84a95f8b5dd2f1f6c6) Importer(2089858483,b0f066a214c2f5e87bad3c948f4d605d)
Start importing Assets/Modern tiles_Free/Interiors_free/32x32/Interiors_free_32x32_340.asset using Guid(0f48eee90fe5df84a95f8b5dd2f1f6c6) Importer(2089858483,b0f066a214c2f5e87bad3c948f4d605d) (ScriptedImporter) -> (Import Result ID: '08be3ee4f50b6a980723d97e773fdff0') in 0.0088123 seconds [static and dynamic dependencies]. Details - ImportResultOutputID=3f7686477a9cb2811dccb56ae8ae5329 DependenciesID=10b5a0c9870e7cf7c58ae2a7d3a4032e StaticDependenciesID=13989c75f9a768d5fe0d382321e2adb1 
Number of updated asset objects reloaded before import = 0Number of asset objects unloaded after import = 2

========================================================================
Received Import Request.
  Time since last request: 0.000022 seconds.
  path: Assets/Modern tiles_Free/Interiors_free/32x32/Interiors_free_32x32_414.asset
  importAddress: Guid(4ce1695c6bdf6b946a6109860d7c7970) Importer(2089858483,b0f066a214c2f5e87bad3c948f4d605d)
Start importing Assets/Modern tiles_Free/Interiors_free/32x32/Interiors_free_32x32_414.asset using Guid(4ce1695c6bdf6b946a6109860d7c7970) Importer(2089858483,b0f066a214c2f5e87bad3c948f4d605d) (ScriptedImporter) -> (Import Result ID: 'df1c52354d0329ed6a95b95f3196c197') in 0.0086515 seconds [static and dynamic dependencies]. Details - ImportResultOutputID=6bb0e235d701fd136095c2c3098cd655 DependenciesID=2f265e288da0b7a35ca98b9c121f8a76 StaticDependenciesID=18421c44dc26c71733f613617e4826a3 
Number of updated asset objects reloaded before import = 0Number of asset objects unloaded after import = 2

========================================================================
Received Import Request.
  Time since last request: 0.000017 seconds.
  path: Assets/Modern tiles_Free/Interiors_free/32x32/Interiors_free_32x32_813.asset
  importAddress: Guid(6b143e447587efa46a627a9a39bd0070) Importer(2089858483,b0f066a214c2f5e87bad3c948f4d605d)
Start importing Assets/Modern tiles_Free/Interiors_free/32x32/Interiors_free_32x32_813.asset using Guid(6b143e447587efa46a627a9a39bd0070) Importer(2089858483,b0f066a214c2f5e87bad3c948f4d605d) (ScriptedImporter) -> (Import Result ID: '53aa2ffb672467a41aa7dfaa92850d74') in 0.0090928 seconds [static and dynamic dependencies]. Details - ImportResultOutputID=7382d9474a8bdd70ea1bd4c5f52ecf07 DependenciesID=a61d7333640a65d027a4437943a3e9cb StaticDependenciesID=ce0a8fcf40d3bb26c8d9a070108da04a 
Number of updated asset objects reloaded before import = 0Number of asset objects unloaded after import = 2

========================================================================
Received Import Request.
  Time since last request: 0.000017 seconds.
  path: Assets/Modern tiles_Free/Interiors_free/32x32/Interiors_free_32x32_1040.asset
  importAddress: Guid(493e6f4c526224748954e8ac1dd08147) Importer(2089858483,b0f066a214c2f5e87bad3c948f4d605d)
Start importing Assets/Modern tiles_Free/Interiors_free/32x32/Interiors_free_32x32_1040.asset using Guid(493e6f4c526224748954e8ac1dd08147) Importer(2089858483,b0f066a214c2f5e87bad3c948f4d605d) (ScriptedImporter) -> (Import Result ID: '64164bfe11214241df019db1687672af') in 0.0085856 seconds [static and dynamic dependencies]. Details - ImportResultOutputID=d1b4f78dca0843b17e333d1bae4acf6f DependenciesID=af0f6a3a1c7eb14d51a5157936c7ff0a StaticDependenciesID=fbb0002bda3842bea7b3aa5ad061714c 
Number of updated asset objects reloaded before import = 0Number of asset objects unloaded after import = 2

========================================================================
Received Import Request.
  Time since last request: 0.000018 seconds.
  path: Assets/Modern tiles_Free/Interiors_free/32x32/Interiors_free_32x32_805.asset
  importAddress: Guid(cbd88294679c5c64cb0b6e0e23867654) Importer(2089858483,b0f066a214c2f5e87bad3c948f4d605d)
Start importing Assets/Modern tiles_Free/Interiors_free/32x32/Interiors_free_32x32_805.asset using Guid(cbd88294679c5c64cb0b6e0e23867654) Importer(2089858483,b0f066a214c2f5e87bad3c948f4d605d) (ScriptedImporter) -> (Import Result ID: '0d1d19071e30a73028e6a5a8416fc17c') in 0.0082186 seconds [static and dynamic dependencies]. Details - ImportResultOutputID=a8ee643597ddf70152c3416b80ae276a DependenciesID=1ead8d218326e380617fc8348f83b65d StaticDependenciesID=74e2e44dff3316a8cbe6e1c06896338d 
Number of updated asset objects reloaded before import = 0Number of asset objects unloaded after import = 2

========================================================================
Received Import Request.
  Time since last request: 0.000015 seconds.
  path: Assets/Modern tiles_Free/Interiors_free/32x32/Interiors_free_32x32_155.asset
  importAddress: Guid(ac6d877035742324d93cf5783ea340e0) Importer(2089858483,b0f066a214c2f5e87bad3c948f4d605d)
Start importing Assets/Modern tiles_Free/Interiors_free/32x32/Interiors_free_32x32_155.asset using Guid(ac6d877035742324d93cf5783ea340e0) Importer(2089858483,b0f066a214c2f5e87bad3c948f4d605d) (ScriptedImporter) -> (Import Result ID: '030d38222cd1288e10b38283e17c3d9d') in 0.008951 seconds [static and dynamic dependencies]. Details - ImportResultOutputID=0e50c27fa01589e2c6e45a004875c6c8 DependenciesID=cbd2a53af210fdf499fd4ec8180504c8 StaticDependenciesID=f4158263c5eaaef6dc70bbc91785850a 
Number of updated asset objects reloaded before import = 0Number of asset objects unloaded after import = 2

========================================================================
Received Import Request.
  Time since last request: 0.000016 seconds.
  path: Assets/Modern tiles_Free/Interiors_free/32x32/Interiors_free_32x32_98.asset
  importAddress: Guid(5bb4dd971c8055a42b1d2ee13767b109) Importer(2089858483,b0f066a214c2f5e87bad3c948f4d605d)
Start importing Assets/Modern tiles_Free/Interiors_free/32x32/Interiors_free_32x32_98.asset using Guid(5bb4dd971c8055a42b1d2ee13767b109) Importer(2089858483,b0f066a214c2f5e87bad3c948f4d605d) (ScriptedImporter) -> (Import Result ID: '5b1ffe999831bcefe035d848c4c3a021') in 0.0084381 seconds [static and dynamic dependencies]. Details - ImportResultOutputID=3c46aadd876f014c43a5ffe42fc0cbc9 DependenciesID=17455d3f305f8151778454848365b475 StaticDependenciesID=bcc14ee98356407a99770e17f02f1f2c 
Number of updated asset objects reloaded before import = 0Number of asset objects unloaded after import = 2

========================================================================
Received Import Request.
  Time since last request: 0.000015 seconds.
  path: Assets/Modern tiles_Free/Interiors_free/32x32/Interiors_free_32x32_86.asset
  importAddress: Guid(12041e1bab2f4a54c80237ab18c2dd47) Importer(2089858483,b0f066a214c2f5e87bad3c948f4d605d)
Start importing Assets/Modern tiles_Free/Interiors_free/32x32/Interiors_free_32x32_86.asset using Guid(12041e1bab2f4a54c80237ab18c2dd47) Importer(2089858483,b0f066a214c2f5e87bad3c948f4d605d) (ScriptedImporter) -> (Import Result ID: 'e5a7d5304ae151dc4fcb28f812f80558') in 0.0090594 seconds [static and dynamic dependencies]. Details - ImportResultOutputID=9bbeb2e0d1028c3326b16254c5634bc4 DependenciesID=b3d3a08e7290a872a5ecfb99bc4f6001 StaticDependenciesID=68223697a3a8eb456df87c000f302205 
Number of updated asset objects reloaded before import = 0Number of asset objects unloaded after import = 2

========================================================================
Received Import Request.
  Time since last request: 0.000014 seconds.
  path: Assets/Modern tiles_Free/Interiors_free/32x32/Interiors_free_32x32_1175.asset
  importAddress: Guid(47db86a5cb6d6c741a013c29e4ff2378) Importer(2089858483,b0f066a214c2f5e87bad3c948f4d605d)
Start importing Assets/Modern tiles_Free/Interiors_free/32x32/Interiors_free_32x32_1175.asset using Guid(47db86a5cb6d6c741a013c29e4ff2378) Importer(2089858483,b0f066a214c2f5e87bad3c948f4d605d) (ScriptedImporter) -> (Import Result ID: 'd8d7de95fa8b01761173b047ef9aaadc') in 0.0081487 seconds [static and dynamic dependencies]. Details - ImportResultOutputID=f41328818d553bfdebf2556fd9752bde DependenciesID=ebb04fa9d21fa99ea893b4214d2c0ebe StaticDependenciesID=32a3d3d3f5f4e400fbac96cbb3b2b787 
Number of updated asset objects reloaded before import = 0Number of asset objects unloaded after import = 2

========================================================================
Received Import Request.
  Time since last request: 0.000013 seconds.
  path: Assets/Modern tiles_Free/Interiors_free/32x32/Interiors_free_32x32_662.asset
  importAddress: Guid(f5ca71ea5f660a4498b00924642a66b3) Importer(2089858483,b0f066a214c2f5e87bad3c948f4d605d)
Start importing Assets/Modern tiles_Free/Interiors_free/32x32/Interiors_free_32x32_662.asset using Guid(f5ca71ea5f660a4498b00924642a66b3) Importer(2089858483,b0f066a214c2f5e87bad3c948f4d605d) (ScriptedImporter) -> (Import Result ID: '5331e7c3f3396d01e680eb3cdc0f16d3') in 0.0088899 seconds [static and dynamic dependencies]. Details - ImportResultOutputID=cdb1d759b2aef75de4aab08e48adcd0b DependenciesID=604218c542338b80ac78a61f95f7461a StaticDependenciesID=9d2774e1b39815304c490b4f0a21894b 
Number of updated asset objects reloaded before import = 0Number of asset objects unloaded after import = 2

========================================================================
Received Import Request.
  Time since last request: 0.000023 seconds.
  path: Assets/Modern tiles_Free/Interiors_free/32x32/Interiors_free_32x32_144.asset
  importAddress: Guid(a7f6daad316712242a4a033ccc4cab5c) Importer(2089858483,b0f066a214c2f5e87bad3c948f4d605d)
Start importing Assets/Modern tiles_Free/Interiors_free/32x32/Interiors_free_32x32_144.asset using Guid(a7f6daad316712242a4a033ccc4cab5c) Importer(2089858483,b0f066a214c2f5e87bad3c948f4d605d) (ScriptedImporter) -> (Import Result ID: '5085df42767c457b31bbc3bd099e3e05') in 0.0088162 seconds [static and dynamic dependencies]. Details - ImportResultOutputID=e29b1101f1460cb3794a15a866d05c3f DependenciesID=b168821cace60e849652f71c7c3b4423 StaticDependenciesID=e777a052e7b96e15b11e13a0c6b8bbc4 
Number of updated asset objects reloaded before import = 0Number of asset objects unloaded after import = 2

========================================================================
Received Import Request.
  Time since last request: 0.000018 seconds.
  path: Assets/Modern tiles_Free/Interiors_free/32x32/Interiors_free_32x32_552.asset
  importAddress: Guid(be22a19adf0d78d409db7f5059614ced) Importer(2089858483,b0f066a214c2f5e87bad3c948f4d605d)
Start importing Assets/Modern tiles_Free/Interiors_free/32x32/Interiors_free_32x32_552.asset using Guid(be22a19adf0d78d409db7f5059614ced) Importer(2089858483,b0f066a214c2f5e87bad3c948f4d605d) (ScriptedImporter) -> (Import Result ID: '6c4ba1525c30fb4cbd9a5f9da35c4212') in 0.0095817 seconds [static and dynamic dependencies]. Details - ImportResultOutputID=29bf69f99e1c7d0fe4bdc09d97e87dc4 DependenciesID=8f7faaadb41bae2aec8ca2146bae7cf0 StaticDependenciesID=f3a6e69c8ae0872ede0e548f8d10a965 
Number of updated asset objects reloaded before import = 0Number of asset objects unloaded after import = 2

========================================================================
Received Import Request.
  Time since last request: 0.000018 seconds.
  path: Assets/Modern tiles_Free/Interiors_free/32x32/Interiors_free_32x32_1099.asset
  importAddress: Guid(5377e7807260e6e408f385c4119fc7eb) Importer(2089858483,b0f066a214c2f5e87bad3c948f4d605d)
Start importing Assets/Modern tiles_Free/Interiors_free/32x32/Interiors_free_32x32_1099.asset using Guid(5377e7807260e6e408f385c4119fc7eb) Importer(2089858483,b0f066a214c2f5e87bad3c948f4d605d) (ScriptedImporter) -> (Import Result ID: '58c91f18760782c81e6662bd47427275') in 0.0086772 seconds [static and dynamic dependencies]. Details - ImportResultOutputID=bf1f650ff8da97ac2318144a66ee2114 DependenciesID=fc000bd3c2378a49823607e93cb458a7 StaticDependenciesID=18336ff10c1fe42da7543d1a6f0d3c1d 
Number of updated asset objects reloaded before import = 0Number of asset objects unloaded after import = 2

========================================================================
Received Import Request.
  Time since last request: 0.000021 seconds.
  path: Assets/Modern tiles_Free/Interiors_free/32x32/Interiors_free_32x32_1023.asset
  importAddress: Guid(5f7d9f98edc074b4b902d2feb0d123e5) Importer(2089858483,b0f066a214c2f5e87bad3c948f4d605d)
Start importing Assets/Modern tiles_Free/Interiors_free/32x32/Interiors_free_32x32_1023.asset using Guid(5f7d9f98edc074b4b902d2feb0d123e5) Importer(2089858483,b0f066a214c2f5e87bad3c948f4d605d) (ScriptedImporter) -> (Import Result ID: 'f0dd9f0e1e09235d1003907b5224778c') in 0.0093444 seconds [static and dynamic dependencies]. Details - ImportResultOutputID=0befdf9f2330b9f97d994e909bffd8d9 DependenciesID=4b631bd6cd90d4cfdfb5ffccc6e3eabd StaticDependenciesID=c58b766a911927e021fb4e3a16ae33bf 
Number of updated asset objects reloaded before import = 0Number of asset objects unloaded after import = 2

========================================================================
Received Import Request.
  Time since last request: 0.000018 seconds.
  path: Assets/Modern tiles_Free/Interiors_free/32x32/Interiors_free_32x32_757.asset
  importAddress: Guid(1d89fa81df526b642aa3c60b862e67b2) Importer(2089858483,b0f066a214c2f5e87bad3c948f4d605d)
Start importing Assets/Modern tiles_Free/Interiors_free/32x32/Interiors_free_32x32_757.asset using Guid(1d89fa81df526b642aa3c60b862e67b2) Importer(2089858483,b0f066a214c2f5e87bad3c948f4d605d) (ScriptedImporter) -> (Import Result ID: '801707cab62f4895b1e3a96efb057bf7') in 0.0086488 seconds [static and dynamic dependencies]. Details - ImportResultOutputID=f813d3ac8a9f7b0eb98aa3def4cb9317 DependenciesID=f4aa96733648533a43ef703850ed12a9 StaticDependenciesID=e693664707cd611305d5b74fea751e0e 
Number of updated asset objects reloaded before import = 0Number of asset objects unloaded after import = 2

========================================================================
Received Import Request.
  Time since last request: 0.000022 seconds.
  path: Assets/Modern tiles_Free/Interiors_free/32x32/Interiors_free_32x32_225.asset
  importAddress: Guid(b8529e21dd4417141b7cc140b8fab4ae) Importer(2089858483,b0f066a214c2f5e87bad3c948f4d605d)
Start importing Assets/Modern tiles_Free/Interiors_free/32x32/Interiors_free_32x32_225.asset using Guid(b8529e21dd4417141b7cc140b8fab4ae) Importer(2089858483,b0f066a214c2f5e87bad3c948f4d605d) (ScriptedImporter) -> (Import Result ID: '2e7098b46a219b7641751797b3666a1a') in 0.0092091 seconds [static and dynamic dependencies]. Details - ImportResultOutputID=33cc8560994baeab2a1180321a8563cf DependenciesID=1f6ff8c0c081e9d9f9f0992fbca7f299 StaticDependenciesID=9cf846b374e2990a23a86b2ce2ad3fae 
Number of updated asset objects reloaded before import = 0Number of asset objects unloaded after import = 2

========================================================================
Received Import Request.
  Time since last request: 0.000015 seconds.
  path: Assets/Modern tiles_Free/Interiors_free/32x32/Interiors_free_32x32_156.asset
  importAddress: Guid(9787b27f3fda4634ab6c9eb748e1c693) Importer(2089858483,b0f066a214c2f5e87bad3c948f4d605d)
Start importing Assets/Modern tiles_Free/Interiors_free/32x32/Interiors_free_32x32_156.asset using Guid(9787b27f3fda4634ab6c9eb748e1c693) Importer(2089858483,b0f066a214c2f5e87bad3c948f4d605d) (ScriptedImporter) -> (Import Result ID: 'cc7455675be46c4e20df6140d7d22bdc') in 0.0087026 seconds [static and dynamic dependencies]. Details - ImportResultOutputID=cfc51c83ee9c717fb942a0816cd267f3 DependenciesID=704990e1cd1b50129ba797026414866d StaticDependenciesID=bd762acf8ebdefcf8bc52c86fbbb6220 
Number of updated asset objects reloaded before import = 0Number of asset objects unloaded after import = 2

========================================================================
Received Import Request.
  Time since last request: 0.000016 seconds.
  path: Assets/Modern tiles_Free/Interiors_free/32x32/Interiors_free_32x32_1062.asset
  importAddress: Guid(cf2adcab4eec2694a8d65f8d3a2c3dea) Importer(2089858483,b0f066a214c2f5e87bad3c948f4d605d)
Start importing Assets/Modern tiles_Free/Interiors_free/32x32/Interiors_free_32x32_1062.asset using Guid(cf2adcab4eec2694a8d65f8d3a2c3dea) Importer(2089858483,b0f066a214c2f5e87bad3c948f4d605d) (ScriptedImporter) -> (Import Result ID: '296aca218188a7fb25b9c1ff8a3ef68e') in 0.0090559 seconds [static and dynamic dependencies]. Details - ImportResultOutputID=6c04e538e92acc34cdcf17a8d7c91188 DependenciesID=1ad4cda17924937e7fc370f525e6dcdf StaticDependenciesID=8375073dc1fda69523e323b4af035e90 
Number of updated asset objects reloaded before import = 0Number of asset objects unloaded after import = 2

========================================================================
Received Import Request.
  Time since last request: 0.000018 seconds.
  path: Assets/Modern tiles_Free/Interiors_free/32x32/Interiors_free_32x32_333.asset
  importAddress: Guid(f5170da571708a944a7893571cd78739) Importer(2089858483,b0f066a214c2f5e87bad3c948f4d605d)
Start importing Assets/Modern tiles_Free/Interiors_free/32x32/Interiors_free_32x32_333.asset using Guid(f5170da571708a944a7893571cd78739) Importer(2089858483,b0f066a214c2f5e87bad3c948f4d605d) (ScriptedImporter) -> (Import Result ID: '11176bd18d1e01b75e1eb701043d4a42') in 0.0093849 seconds [static and dynamic dependencies]. Details - ImportResultOutputID=8a5452f9a5e47751ac1de54aaa1704b7 DependenciesID=6e7fdf9ef4710fbd07316220ea29a682 StaticDependenciesID=ae552c69502ecbe0192b59698e67d9f4 
Number of updated asset objects reloaded before import = 0Number of asset objects unloaded after import = 2

========================================================================
Received Import Request.
  Time since last request: 0.000017 seconds.
  path: Assets/Modern tiles_Free/Interiors_free/32x32/Interiors_free_32x32_15.asset
  importAddress: Guid(212ebe1276293be4f91013427b18436b) Importer(2089858483,b0f066a214c2f5e87bad3c948f4d605d)
Start importing Assets/Modern tiles_Free/Interiors_free/32x32/Interiors_free_32x32_15.asset using Guid(212ebe1276293be4f91013427b18436b) Importer(2089858483,b0f066a214c2f5e87bad3c948f4d605d) (ScriptedImporter) -> (Import Result ID: '87ce82936c30321bce18d2882ca07b87') in 0.0082955 seconds [static and dynamic dependencies]. Details - ImportResultOutputID=7e0b0e709b3aed37d0f3d226072b9159 DependenciesID=cb8d615669b09d93ae77c1264a1c2f0e StaticDependenciesID=9250f843700b230ce6e0d22b4c271950 
Number of updated asset objects reloaded before import = 0Number of asset objects unloaded after import = 2

========================================================================
Received Import Request.
  Time since last request: 0.000021 seconds.
  path: Assets/Modern tiles_Free/Interiors_free/32x32/Interiors_free_32x32_384.asset
  importAddress: Guid(5b9391ace88a336429ae6294a1452cc8) Importer(2089858483,b0f066a214c2f5e87bad3c948f4d605d)
Start importing Assets/Modern tiles_Free/Interiors_free/32x32/Interiors_free_32x32_384.asset using Guid(5b9391ace88a336429ae6294a1452cc8) Importer(2089858483,b0f066a214c2f5e87bad3c948f4d605d) (ScriptedImporter) -> (Import Result ID: '270a8dd1afc26e0a960a7e85872d9348') in 0.0092508 seconds [static and dynamic dependencies]. Details - ImportResultOutputID=6f3c4b1fc332632f69f38c7e26e6ce82 DependenciesID=64ab73bc7503d6e424e9b1129f6e925f StaticDependenciesID=2209598bfd6940184542afde2440264d 
Number of updated asset objects reloaded before import = 0Number of asset objects unloaded after import = 2

========================================================================
Received Import Request.
  Time since last request: 0.515785 seconds.
  path: Assets/Modern tiles_Free/Interiors_free/32x32/Interiors_free_32x32_404.asset
  importAddress: Guid(faade7c0d6aaad140baf90ea5abc6db4) Importer(2089858483,b0f066a214c2f5e87bad3c948f4d605d)
Start importing Assets/Modern tiles_Free/Interiors_free/32x32/Interiors_free_32x32_404.asset using Guid(faade7c0d6aaad140baf90ea5abc6db4) Importer(2089858483,b0f066a214c2f5e87bad3c948f4d605d) (ScriptedImporter) -> (Import Result ID: '4a4530c4db34a54bd790e0d5e2227bb8') in 0.0089831 seconds [static and dynamic dependencies]. Details - ImportResultOutputID=ad3208f0436b960ead0330e0e64eee9b DependenciesID=80c401a5c13ec4c1fbe8de6c392014be StaticDependenciesID=96f760f16ce5e7c4b697f86cf40fa7df 
Number of updated asset objects reloaded before import = 0Number of asset objects unloaded after import = 2

========================================================================
Received Import Request.
  Time since last request: 0.000013 seconds.
  path: Assets/Modern tiles_Free/Interiors_free/32x32/Interiors_free_32x32_152.asset
  importAddress: Guid(3fee3a8a9478d374b86680776bf72ce8) Importer(2089858483,b0f066a214c2f5e87bad3c948f4d605d)
Start importing Assets/Modern tiles_Free/Interiors_free/32x32/Interiors_free_32x32_152.asset using Guid(3fee3a8a9478d374b86680776bf72ce8) Importer(2089858483,b0f066a214c2f5e87bad3c948f4d605d) (ScriptedImporter) -> (Import Result ID: '63b00e49419e14110e5c169344037419') in 0.0087471 seconds [static and dynamic dependencies]. Details - ImportResultOutputID=4275be5cc216bbd044dbb3ed3cc74c6a DependenciesID=11c8b574a76cdd402de842fd5d5d4e20 StaticDependenciesID=ab5c7f3b933b8eefd01d016af965ea09 
Number of updated asset objects reloaded before import = 0Number of asset objects unloaded after import = 2

========================================================================
Received Import Request.
  Time since last request: 0.000016 seconds.
  path: Assets/Modern tiles_Free/Interiors_free/32x32/Interiors_free_32x32_96.asset
  importAddress: Guid(7678b3fea5fd8c343972b381ebc1fd5d) Importer(2089858483,b0f066a214c2f5e87bad3c948f4d605d)
Start importing Assets/Modern tiles_Free/Interiors_free/32x32/Interiors_free_32x32_96.asset using Guid(7678b3fea5fd8c343972b381ebc1fd5d) Importer(2089858483,b0f066a214c2f5e87bad3c948f4d605d) (ScriptedImporter) -> (Import Result ID: 'a127adcc71746ddacd25ce1b5b1cbfe7') in 0.0088421 seconds [static and dynamic dependencies]. Details - ImportResultOutputID=a13597fba57ed0e945aa8f92bcb2fbb4 DependenciesID=209ab343276f6431cf74c66b3ac99050 StaticDependenciesID=d1f96b7ad445b286862c7bbd485293c5 
Number of updated asset objects reloaded before import = 0Number of asset objects unloaded after import = 2

========================================================================
Received Import Request.
  Time since last request: 0.000015 seconds.
  path: Assets/Modern tiles_Free/Interiors_free/32x32/Interiors_free_32x32_412.asset
  importAddress: Guid(635a216d6341a774cad84b057b73ba81) Importer(2089858483,b0f066a214c2f5e87bad3c948f4d605d)
Start importing Assets/Modern tiles_Free/Interiors_free/32x32/Interiors_free_32x32_412.asset using Guid(635a216d6341a774cad84b057b73ba81) Importer(2089858483,b0f066a214c2f5e87bad3c948f4d605d) (ScriptedImporter) -> (Import Result ID: 'b454d61c538627acb52d877c069fa725') in 0.0091759 seconds [static and dynamic dependencies]. Details - ImportResultOutputID=2bdf417466e849a5794edc4cb60a095c DependenciesID=8cbeb8430bf40e2a93ad8ef69d29b35d StaticDependenciesID=729b142792c6b641b8f16435782b6542 
Number of updated asset objects reloaded before import = 0Number of asset objects unloaded after import = 2

========================================================================
Received Import Request.
  Time since last request: 0.000013 seconds.
  path: Assets/Modern tiles_Free/Interiors_free/32x32/Interiors_free_32x32_744.asset
  importAddress: Guid(5fa55957c2240d74ea65e5177d3bb15c) Importer(2089858483,b0f066a214c2f5e87bad3c948f4d605d)
Start importing Assets/Modern tiles_Free/Interiors_free/32x32/Interiors_free_32x32_744.asset using Guid(5fa55957c2240d74ea65e5177d3bb15c) Importer(2089858483,b0f066a214c2f5e87bad3c948f4d605d) (ScriptedImporter) -> (Import Result ID: '251383b124037a51dc97f713b1cfa1a0') in 0.0087633 seconds [static and dynamic dependencies]. Details - ImportResultOutputID=fd9f56ba6ca4426aa77a7703a8601e4c DependenciesID=c53df288987caf36b94f4ff04188bd86 StaticDependenciesID=4101934a2794227a692edff015b40521 
Number of updated asset objects reloaded before import = 0Number of asset objects unloaded after import = 2

========================================================================
Received Import Request.
  Time since last request: 0.000018 seconds.
  path: Assets/Modern tiles_Free/Interiors_free/32x32/Interiors_free_32x32_94.asset
  importAddress: Guid(16a9128d5c74e774eaa738a215e7c21b) Importer(2089858483,b0f066a214c2f5e87bad3c948f4d605d)
Start importing Assets/Modern tiles_Free/Interiors_free/32x32/Interiors_free_32x32_94.asset using Guid(16a9128d5c74e774eaa738a215e7c21b) Importer(2089858483,b0f066a214c2f5e87bad3c948f4d605d) (ScriptedImporter) -> (Import Result ID: 'fee8b803acaabf4a9635f2e1c4ff7492') in 0.0092271 seconds [static and dynamic dependencies]. Details - ImportResultOutputID=8fcf8698ba0d8a121c3a1afbef007095 DependenciesID=f7298e8c45701fe4134f8fa5f2e1425a StaticDependenciesID=a75ab34ab3195d47ce50a79f27e0e76c 
Number of updated asset objects reloaded before import = 0Number of asset objects unloaded after import = 2

========================================================================
Received Import Request.
  Time since last request: 0.000016 seconds.
  path: Assets/Modern tiles_Free/Interiors_free/32x32/Interiors_free_32x32_1064.asset
  importAddress: Guid(df10652d539e06f4db6ed0b374a19672) Importer(2089858483,b0f066a214c2f5e87bad3c948f4d605d)
Start importing Assets/Modern tiles_Free/Interiors_free/32x32/Interiors_free_32x32_1064.asset using Guid(df10652d539e06f4db6ed0b374a19672) Importer(2089858483,b0f066a214c2f5e87bad3c948f4d605d) (ScriptedImporter) -> (Import Result ID: 'de1ca83f1256053e0cdf43eb7fb166d6') in 0.0116411 seconds [static and dynamic dependencies]. Details - ImportResultOutputID=d3b71cea0efdaf53308d8568baa638f6 DependenciesID=0f84001cf7680841e0d6386644fee312 StaticDependenciesID=c7f7ba59d081a9bd5fba7afccfdf8a9e 
Number of updated asset objects reloaded before import = 0Number of asset objects unloaded after import = 2

========================================================================
Received Import Request.
  Time since last request: 0.000021 seconds.
  path: Assets/Modern tiles_Free/Interiors_free/32x32/Interiors_free_32x32_588.asset
  importAddress: Guid(4d246cbc407dee640b60df60a1ece50b) Importer(2089858483,b0f066a214c2f5e87bad3c948f4d605d)
Start importing Assets/Modern tiles_Free/Interiors_free/32x32/Interiors_free_32x32_588.asset using Guid(4d246cbc407dee640b60df60a1ece50b) Importer(2089858483,b0f066a214c2f5e87bad3c948f4d605d) (ScriptedImporter) -> (Import Result ID: '14be869eb8047c2755f56331dbdc9fba') in 0.0098652 seconds [static and dynamic dependencies]. Details - ImportResultOutputID=022861ea0fa4f39131a9a32a1a476469 DependenciesID=adb2c00ba6fb4dc1a505c266029304ca StaticDependenciesID=60f791d0d7b14255c9a32427e6b3336c 
Number of updated asset objects reloaded before import = 0Number of asset objects unloaded after import = 2

========================================================================
Received Import Request.
  Time since last request: 0.000013 seconds.
  path: Assets/Modern tiles_Free/Interiors_free/32x32/Interiors_free_32x32_653.asset
  importAddress: Guid(50c67b1bf257e184684cee431ca8b2ed) Importer(2089858483,b0f066a214c2f5e87bad3c948f4d605d)
Start importing Assets/Modern tiles_Free/Interiors_free/32x32/Interiors_free_32x32_653.asset using Guid(50c67b1bf257e184684cee431ca8b2ed) Importer(2089858483,b0f066a214c2f5e87bad3c948f4d605d) (ScriptedImporter) -> (Import Result ID: 'cace5b6d7fbab241514dcfa5780907b2') in 0.0109073 seconds [static and dynamic dependencies]. Details - ImportResultOutputID=faa5ac41f72c7445881319b5768ee376 DependenciesID=0b80927e34b0105c276fbfaa486c23cf StaticDependenciesID=d7f1c0a9c4d3c7c0f111ffe6168dfbef 
Number of updated asset objects reloaded before import = 0Number of asset objects unloaded after import = 2

========================================================================
Received Import Request.
  Time since last request: 0.000017 seconds.
  path: Assets/Modern tiles_Free/Interiors_free/32x32/Interiors_free_32x32_210.asset
  importAddress: Guid(c03ae6e42fdd6164f9143e6ae90985f5) Importer(2089858483,b0f066a214c2f5e87bad3c948f4d605d)
Start importing Assets/Modern tiles_Free/Interiors_free/32x32/Interiors_free_32x32_210.asset using Guid(c03ae6e42fdd6164f9143e6ae90985f5) Importer(2089858483,b0f066a214c2f5e87bad3c948f4d605d) (ScriptedImporter) -> (Import Result ID: 'f927816937b0ef6617700a205820fe3e') in 0.0084854 seconds [static and dynamic dependencies]. Details - ImportResultOutputID=7bc736fb59c5facac1bdbda3229dd282 DependenciesID=1ac6ad114858517a4be730d3af2e88e3 StaticDependenciesID=13c9d96f86d69e771425a67dd27031ad 
Number of updated asset objects reloaded before import = 0Number of asset objects unloaded after import = 2

========================================================================
Received Import Request.
  Time since last request: 0.000021 seconds.
  path: Assets/Modern tiles_Free/Interiors_free/32x32/Interiors_free_32x32_781.asset
  importAddress: Guid(ad468d5175a5e654983f11c8bbcd7ebb) Importer(2089858483,b0f066a214c2f5e87bad3c948f4d605d)
Start importing Assets/Modern tiles_Free/Interiors_free/32x32/Interiors_free_32x32_781.asset using Guid(ad468d5175a5e654983f11c8bbcd7ebb) Importer(2089858483,b0f066a214c2f5e87bad3c948f4d605d) (ScriptedImporter) -> (Import Result ID: '7cdad46c782288e4d5f9a36fb8a4856e') in 0.0096361 seconds [static and dynamic dependencies]. Details - ImportResultOutputID=c8b981977bcb5fdb6b7da1b0b6011b42 DependenciesID=33429b7fe65a09b7479a58a2a6f9ac98 StaticDependenciesID=34236a50f872bb748593d339f54a1679 
Number of updated asset objects reloaded before import = 0Number of asset objects unloaded after import = 2

========================================================================
Received Import Request.
  Time since last request: 0.000022 seconds.
  path: Assets/Modern tiles_Free/Interiors_free/32x32/Interiors_free_32x32_941.asset
  importAddress: Guid(aa771139d9d890b4fbd69b4bdd3228e6) Importer(2089858483,b0f066a214c2f5e87bad3c948f4d605d)
Start importing Assets/Modern tiles_Free/Interiors_free/32x32/Interiors_free_32x32_941.asset using Guid(aa771139d9d890b4fbd69b4bdd3228e6) Importer(2089858483,b0f066a214c2f5e87bad3c948f4d605d) (ScriptedImporter) -> (Import Result ID: 'e2da6db987067fa01da8d22ab140cb05') in 0.0083846 seconds [static and dynamic dependencies]. Details - ImportResultOutputID=c938fc2a88e0a908f66091ce2c55c87d DependenciesID=fb022955f275bc05434fb1507c38e5b8 StaticDependenciesID=3cf275eceec6a16d0a544ea82d6480c1 
Number of updated asset objects reloaded before import = 0Number of asset objects unloaded after import = 2

========================================================================
Received Import Request.
  Time since last request: 0.000013 seconds.
  path: Assets/Modern tiles_Free/Interiors_free/32x32/Interiors_free_32x32_922.asset
  importAddress: Guid(075a7615e62a4af41862798409b37ac1) Importer(2089858483,b0f066a214c2f5e87bad3c948f4d605d)
Start importing Assets/Modern tiles_Free/Interiors_free/32x32/Interiors_free_32x32_922.asset using Guid(075a7615e62a4af41862798409b37ac1) Importer(2089858483,b0f066a214c2f5e87bad3c948f4d605d) (ScriptedImporter) -> (Import Result ID: '1e1809815e8be69732441b37c142f810') in 0.0088202 seconds [static and dynamic dependencies]. Details - ImportResultOutputID=cd76961b3e736820a2e8ac230197238b DependenciesID=3a1ea95a15b9f20b629988f95bf57000 StaticDependenciesID=68b6bf76a289518a11e8d84333d2e58f 
Number of updated asset objects reloaded before import = 0Number of asset objects unloaded after import = 2

========================================================================
Received Import Request.
  Time since last request: 0.000015 seconds.
  path: Assets/Modern tiles_Free/Interiors_free/32x32/Interiors_free_32x32_887.asset
  importAddress: Guid(96818bc27c0f2274d8d10a8b1d8cfa38) Importer(2089858483,b0f066a214c2f5e87bad3c948f4d605d)
Start importing Assets/Modern tiles_Free/Interiors_free/32x32/Interiors_free_32x32_887.asset using Guid(96818bc27c0f2274d8d10a8b1d8cfa38) Importer(2089858483,b0f066a214c2f5e87bad3c948f4d605d) (ScriptedImporter) -> (Import Result ID: 'f960e500fe65bceea2c515b44da85619') in 0.008726 seconds [static and dynamic dependencies]. Details - ImportResultOutputID=b79eb28a2720d680fcb66f29a99aaf12 DependenciesID=195016dad428e51f017c8cf5b8f34bd7 StaticDependenciesID=bdb5d8b79ddd067e84ed2990ae9bd60c 
Number of updated asset objects reloaded before import = 0Number of asset objects unloaded after import = 2

========================================================================
Received Import Request.
  Time since last request: 0.000014 seconds.
  path: Assets/Modern tiles_Free/Interiors_free/32x32/Interiors_free_32x32_495.asset
  importAddress: Guid(5e274eb5828caf1408bc5c00094ea28b) Importer(2089858483,b0f066a214c2f5e87bad3c948f4d605d)
Start importing Assets/Modern tiles_Free/Interiors_free/32x32/Interiors_free_32x32_495.asset using Guid(5e274eb5828caf1408bc5c00094ea28b) Importer(2089858483,b0f066a214c2f5e87bad3c948f4d605d) (ScriptedImporter) -> (Import Result ID: '077cd603bd980457c33aa158752ca77e') in 0.0087816 seconds [static and dynamic dependencies]. Details - ImportResultOutputID=d8ef60683f2b13baa2f6487a12e009d5 DependenciesID=b3be051748296a34481de38e8b13d0ec StaticDependenciesID=f09f9d3e5e32215dea12d8cbc7177128 
Number of updated asset objects reloaded before import = 0Number of asset objects unloaded after import = 2

========================================================================
Received Import Request.
  Time since last request: 0.000016 seconds.
  path: Assets/Modern tiles_Free/Interiors_free/32x32/Interiors_free_32x32_383.asset
  importAddress: Guid(73aba21f5789d7a4fbd9ff1813300fc4) Importer(2089858483,b0f066a214c2f5e87bad3c948f4d605d)
Start importing Assets/Modern tiles_Free/Interiors_free/32x32/Interiors_free_32x32_383.asset using Guid(73aba21f5789d7a4fbd9ff1813300fc4) Importer(2089858483,b0f066a214c2f5e87bad3c948f4d605d) (ScriptedImporter) -> (Import Result ID: 'c37aa4d96acf33f9f922352b59827a69') in 0.0085685 seconds [static and dynamic dependencies]. Details - ImportResultOutputID=09b4adb4053e5106cff80dd34efbae05 DependenciesID=fcbf2f2cb38ff95b3555c7be95d2a84a StaticDependenciesID=e163bd44f37117cb6664a3b370c33570 
Number of updated asset objects reloaded before import = 0Number of asset objects unloaded after import = 2

========================================================================
Received Import Request.
  Time since last request: 0.000017 seconds.
  path: Assets/Modern tiles_Free/Interiors_free/32x32/Interiors_free_32x32_823.asset
  importAddress: Guid(5ca07641ae50d6c42b9c8df8652dbe11) Importer(2089858483,b0f066a214c2f5e87bad3c948f4d605d)
Start importing Assets/Modern tiles_Free/Interiors_free/32x32/Interiors_free_32x32_823.asset using Guid(5ca07641ae50d6c42b9c8df8652dbe11) Importer(2089858483,b0f066a214c2f5e87bad3c948f4d605d) (ScriptedImporter) -> (Import Result ID: '8103e088452e7020fb3d866f837119a7') in 0.0085434 seconds [static and dynamic dependencies]. Details - ImportResultOutputID=bfe2b3c911b86941af47eff4896b9a4f DependenciesID=cd719a557c4f460d11d0c79a10675ca9 StaticDependenciesID=69501eb818c0b2c78e069d0862b8ff6f 
Number of updated asset objects reloaded before import = 0Number of asset objects unloaded after import = 2

========================================================================
Received Import Request.
  Time since last request: 0.000018 seconds.
  path: Assets/Modern tiles_Free/Interiors_free/32x32/Interiors_free_32x32_129.asset
  importAddress: Guid(5f17e46f87073024b8387051915c6aa2) Importer(2089858483,b0f066a214c2f5e87bad3c948f4d605d)
Start importing Assets/Modern tiles_Free/Interiors_free/32x32/Interiors_free_32x32_129.asset using Guid(5f17e46f87073024b8387051915c6aa2) Importer(2089858483,b0f066a214c2f5e87bad3c948f4d605d) (ScriptedImporter) -> (Import Result ID: 'f4cb4e287cfd95f6cd00f950419eae94') in 0.0091371 seconds [static and dynamic dependencies]. Details - ImportResultOutputID=a701b11cf12360364c7b179f30716f8d DependenciesID=1412216e9c614867e2db6b4eb8a8a794 StaticDependenciesID=dbc4a6ea2563d99fb02ddd3cd2abd1b5 
Number of updated asset objects reloaded before import = 0Number of asset objects unloaded after import = 2

========================================================================
Received Import Request.
  Time since last request: 0.000015 seconds.
  path: Assets/Modern tiles_Free/Interiors_free/32x32/Interiors_free_32x32_92.asset
  importAddress: Guid(3c84f0d5121ddff40bed6747b6e8e1c2) Importer(2089858483,b0f066a214c2f5e87bad3c948f4d605d)
Start importing Assets/Modern tiles_Free/Interiors_free/32x32/Interiors_free_32x32_92.asset using Guid(3c84f0d5121ddff40bed6747b6e8e1c2) Importer(2089858483,b0f066a214c2f5e87bad3c948f4d605d) (ScriptedImporter) -> (Import Result ID: 'b91047ddd6372ee8ddebf7d9f6d698ed') in 0.0084201 seconds [static and dynamic dependencies]. Details - ImportResultOutputID=67d5c74e78bce0a31cdf72a79d57f5a7 DependenciesID=81328906a9182067ebf2d0328cc2359a StaticDependenciesID=2701a3d48ce4695ddfd3c659c9e2e8d9 
Number of updated asset objects reloaded before import = 0Number of asset objects unloaded after import = 2

========================================================================
Received Import Request.
  Time since last request: 0.000021 seconds.
  path: Assets/Modern tiles_Free/Interiors_free/32x32/Interiors_free_32x32_376.asset
  importAddress: Guid(1e63bb11a5b3e0e4fb76b6698ca019c6) Importer(2089858483,b0f066a214c2f5e87bad3c948f4d605d)
Start importing Assets/Modern tiles_Free/Interiors_free/32x32/Interiors_free_32x32_376.asset using Guid(1e63bb11a5b3e0e4fb76b6698ca019c6) Importer(2089858483,b0f066a214c2f5e87bad3c948f4d605d) (ScriptedImporter) -> (Import Result ID: 'ed6258e832e7294613282c870c69fa75') in 0.0095761 seconds [static and dynamic dependencies]. Details - ImportResultOutputID=af1fd7b97ac8dfb371019420f225c9f8 DependenciesID=3ff2d764956f5d76133c61306c93774e StaticDependenciesID=92e591844e5f639eaec47f1b688086df 
Number of updated asset objects reloaded before import = 0Number of asset objects unloaded after import = 2

========================================================================
Received Import Request.
  Time since last request: 0.000015 seconds.
  path: Assets/Modern tiles_Free/Interiors_free/32x32/Interiors_free_32x32_1159.asset
  importAddress: Guid(4647db80b0e26024e8b3ca39bcaa2386) Importer(2089858483,b0f066a214c2f5e87bad3c948f4d605d)
Start importing Assets/Modern tiles_Free/Interiors_free/32x32/Interiors_free_32x32_1159.asset using Guid(4647db80b0e26024e8b3ca39bcaa2386) Importer(2089858483,b0f066a214c2f5e87bad3c948f4d605d) (ScriptedImporter) -> (Import Result ID: 'f7341c30e7fbca90bc8e74ed6b4c1e6f') in 0.0083717 seconds [static and dynamic dependencies]. Details - ImportResultOutputID=a538f5d425784839659b247ac1cdd6f2 DependenciesID=d8ee0ec7df3d94c1c043814a11f5d17a StaticDependenciesID=828b2731fd10e4f1e1f643a8ec3aecc7 
Number of updated asset objects reloaded before import = 0Number of asset objects unloaded after import = 2

========================================================================
Received Import Request.
  Time since last request: 0.000018 seconds.
  path: Assets/Modern tiles_Free/Interiors_free/32x32/Interiors_free_32x32_671.asset
  importAddress: Guid(cf6146d0cb058234a98da056c8a417b0) Importer(2089858483,b0f066a214c2f5e87bad3c948f4d605d)
Start importing Assets/Modern tiles_Free/Interiors_free/32x32/Interiors_free_32x32_671.asset using Guid(cf6146d0cb058234a98da056c8a417b0) Importer(2089858483,b0f066a214c2f5e87bad3c948f4d605d) (ScriptedImporter) -> (Import Result ID: '63270edcb13a50882b7536953571808a') in 0.0092399 seconds [static and dynamic dependencies]. Details - ImportResultOutputID=ddfc9635d845ddd19b618f809d95551a DependenciesID=4e07058d4f41c190d194440c9e99b2c3 StaticDependenciesID=915b414a5ae358a096aff942cbf1461a 
Number of updated asset objects reloaded before import = 0Number of asset objects unloaded after import = 2

========================================================================
Received Import Request.
  Time since last request: 0.000018 seconds.
  path: Assets/Modern tiles_Free/Interiors_free/32x32/Interiors_free_32x32_610.asset
  importAddress: Guid(190321c3106a0ab40af35849a0e42e88) Importer(2089858483,b0f066a214c2f5e87bad3c948f4d605d)
Start importing Assets/Modern tiles_Free/Interiors_free/32x32/Interiors_free_32x32_610.asset using Guid(190321c3106a0ab40af35849a0e42e88) Importer(2089858483,b0f066a214c2f5e87bad3c948f4d605d) (ScriptedImporter) -> (Import Result ID: '169ee3e2cd8fbc99f4c258f0d0898e4b') in 0.0083036 seconds [static and dynamic dependencies]. Details - ImportResultOutputID=aee00d0c67293d14198ab2d93f69a916 DependenciesID=08b23cc6fcad488f451e348414c9cc96 StaticDependenciesID=278877a989cf34f30eef88334a621c6f 
Number of updated asset objects reloaded before import = 0Number of asset objects unloaded after import = 2

========================================================================
Received Import Request.
  Time since last request: 0.000021 seconds.
  path: Assets/Modern tiles_Free/Interiors_free/32x32/Interiors_free_32x32_386.asset
  importAddress: Guid(fcfc128292c592b47b6e63c67f95f837) Importer(2089858483,b0f066a214c2f5e87bad3c948f4d605d)
Start importing Assets/Modern tiles_Free/Interiors_free/32x32/Interiors_free_32x32_386.asset using Guid(fcfc128292c592b47b6e63c67f95f837) Importer(2089858483,b0f066a214c2f5e87bad3c948f4d605d) (ScriptedImporter) -> (Import Result ID: 'bb1c722020cd1bc5b70edc0171183713') in 0.0089982 seconds [static and dynamic dependencies]. Details - ImportResultOutputID=99ce3316980c2c614830350733af1330 DependenciesID=d4d621d848ef8c7aa930d9d3ed385495 StaticDependenciesID=ee9e73e32c898c760705a58af89e5c84 
Number of updated asset objects reloaded before import = 0Number of asset objects unloaded after import = 2

========================================================================
Received Import Request.
  Time since last request: 0.000021 seconds.
  path: Assets/Modern tiles_Free/Interiors_free/32x32/Interiors_free_32x32_356.asset
  importAddress: Guid(a345813cb92a3404d91af334ccea4d8c) Importer(2089858483,b0f066a214c2f5e87bad3c948f4d605d)
Start importing Assets/Modern tiles_Free/Interiors_free/32x32/Interiors_free_32x32_356.asset using Guid(a345813cb92a3404d91af334ccea4d8c) Importer(2089858483,b0f066a214c2f5e87bad3c948f4d605d) (ScriptedImporter) -> (Import Result ID: 'c4ccb1a6715d7aa29da807567c19ea75') in 0.0086969 seconds [static and dynamic dependencies]. Details - ImportResultOutputID=4bdd5d2d50f9d35b770b318073948ff1 DependenciesID=f5e6751ebc11c1adac3e2c67da516133 StaticDependenciesID=a401f2e6c111f1ce52b5039f729871ec 
Number of updated asset objects reloaded before import = 0Number of asset objects unloaded after import = 2

========================================================================
Received Import Request.
  Time since last request: 0.000016 seconds.
  path: Assets/Modern tiles_Free/Interiors_free/32x32/Interiors_free_32x32_652.asset
  importAddress: Guid(352e2b95f4a917d4788d2e387271cf76) Importer(2089858483,b0f066a214c2f5e87bad3c948f4d605d)
Start importing Assets/Modern tiles_Free/Interiors_free/32x32/Interiors_free_32x32_652.asset using Guid(352e2b95f4a917d4788d2e387271cf76) Importer(2089858483,b0f066a214c2f5e87bad3c948f4d605d) (ScriptedImporter) -> (Import Result ID: 'd63d0d4ffed11172556be6c9dc5bee3f') in 0.0097869 seconds [static and dynamic dependencies]. Details - ImportResultOutputID=08f4407fac107ad3dc9009c7e889e272 DependenciesID=ba1331fa31bb340e64c68e667dbe5ac6 StaticDependenciesID=cfa1992ce98ee11c85583aff4389d0fd 
Number of updated asset objects reloaded before import = 0Number of asset objects unloaded after import = 2

========================================================================
Received Import Request.
  Time since last request: 0.000015 seconds.
  path: Assets/Modern tiles_Free/Interiors_free/32x32/Interiors_free_32x32_717.asset
  importAddress: Guid(11a3c90eb847ef140ac409333d944a1f) Importer(2089858483,b0f066a214c2f5e87bad3c948f4d605d)
Start importing Assets/Modern tiles_Free/Interiors_free/32x32/Interiors_free_32x32_717.asset using Guid(11a3c90eb847ef140ac409333d944a1f) Importer(2089858483,b0f066a214c2f5e87bad3c948f4d605d) (ScriptedImporter) -> (Import Result ID: 'acef6aa5ad191b96f11c6c470a100969') in 0.0087428 seconds [static and dynamic dependencies]. Details - ImportResultOutputID=812c2308d2418376bf247d33c02a562d DependenciesID=3bfd2db619208005df74ee304bcb7ff0 StaticDependenciesID=a4e306c9053ebdfcbe788b6617a00bef 
Number of updated asset objects reloaded before import = 0Number of asset objects unloaded after import = 2

========================================================================
Received Import Request.
  Time since last request: 0.000017 seconds.
  path: Assets/Modern tiles_Free/Interiors_free/32x32/Interiors_free_32x32_400.asset
  importAddress: Guid(60aa4163a03a2b74e9b64512c093ada7) Importer(2089858483,b0f066a214c2f5e87bad3c948f4d605d)
Start importing Assets/Modern tiles_Free/Interiors_free/32x32/Interiors_free_32x32_400.asset using Guid(60aa4163a03a2b74e9b64512c093ada7) Importer(2089858483,b0f066a214c2f5e87bad3c948f4d605d) (ScriptedImporter) -> (Import Result ID: '37d70b87ee24df186eb2ac60a4d7c813') in 0.0093951 seconds [static and dynamic dependencies]. Details - ImportResultOutputID=a987fad35927eb0d0b1e7f0a33a48292 DependenciesID=1f8c20aa1b67fc2adb25ff5de58c564d StaticDependenciesID=72bedca5c6e9f67a05f42919ce992952 
Number of updated asset objects reloaded before import = 0Number of asset objects unloaded after import = 2

========================================================================
Received Import Request.
  Time since last request: 0.000018 seconds.
  path: Assets/Modern tiles_Free/Interiors_free/32x32/Interiors_free_32x32_122.asset
  importAddress: Guid(8cc27f5ccf705b249b934e314cba6657) Importer(2089858483,b0f066a214c2f5e87bad3c948f4d605d)
Start importing Assets/Modern tiles_Free/Interiors_free/32x32/Interiors_free_32x32_122.asset using Guid(8cc27f5ccf705b249b934e314cba6657) Importer(2089858483,b0f066a214c2f5e87bad3c948f4d605d) (ScriptedImporter) -> (Import Result ID: '038c3b5f25e8542a7b0c541648776381') in 0.008841 seconds [static and dynamic dependencies]. Details - ImportResultOutputID=424f5bd16173de13b78091643b055b2b DependenciesID=b6cd7b5a0c47b2a280bba16bb6fa72df StaticDependenciesID=a402c0e6b7c2e1ff4a1239f06abd6e5f 
Number of updated asset objects reloaded before import = 0Number of asset objects unloaded after import = 2

========================================================================
Received Import Request.
  Time since last request: 0.000014 seconds.
  path: Assets/Modern tiles_Free/Interiors_free/32x32/Interiors_free_32x32_602.asset
  importAddress: Guid(7bdee37bacfc1024f8578c5c0008a65d) Importer(2089858483,b0f066a214c2f5e87bad3c948f4d605d)
Start importing Assets/Modern tiles_Free/Interiors_free/32x32/Interiors_free_32x32_602.asset using Guid(7bdee37bacfc1024f8578c5c0008a65d) Importer(2089858483,b0f066a214c2f5e87bad3c948f4d605d) (ScriptedImporter) -> (Import Result ID: '0a2b3ee21a8e27c9691d65784fc02621') in 0.0091664 seconds [static and dynamic dependencies]. Details - ImportResultOutputID=a7583c09fe3667179f21acb278952540 DependenciesID=bd8fba38df6a3507823d3a95a0ce8851 StaticDependenciesID=674f7a316c051e3bc20b8867ee20fe84 
Number of updated asset objects reloaded before import = 0Number of asset objects unloaded after import = 2

========================================================================
Received Import Request.
  Time since last request: 0.000016 seconds.
  path: Assets/Modern tiles_Free/Interiors_free/32x32/Interiors_free_32x32_205.asset
  importAddress: Guid(063d4e9354884ee409a406ddc7f3d6a8) Importer(2089858483,b0f066a214c2f5e87bad3c948f4d605d)
Start importing Assets/Modern tiles_Free/Interiors_free/32x32/Interiors_free_32x32_205.asset using Guid(063d4e9354884ee409a406ddc7f3d6a8) Importer(2089858483,b0f066a214c2f5e87bad3c948f4d605d) (ScriptedImporter) -> (Import Result ID: 'd4e5e9a8ee4eccf09a2b9a13aff5c551') in 0.0085687 seconds [static and dynamic dependencies]. Details - ImportResultOutputID=85722092aeb9266434986100009b8661 DependenciesID=c2cd16605fde46e5a8c4889130f2e7d8 StaticDependenciesID=8c00c3d8b7860d012a1c55401e99bfe0 
Number of updated asset objects reloaded before import = 0Number of asset objects unloaded after import = 2

========================================================================
Received Import Request.
  Time since last request: 0.000017 seconds.
  path: Assets/Modern tiles_Free/Interiors_free/32x32/Interiors_free_32x32_609.asset
  importAddress: Guid(fcf216401e901dc4597af4b9be2344d9) Importer(2089858483,b0f066a214c2f5e87bad3c948f4d605d)
Start importing Assets/Modern tiles_Free/Interiors_free/32x32/Interiors_free_32x32_609.asset using Guid(fcf216401e901dc4597af4b9be2344d9) Importer(2089858483,b0f066a214c2f5e87bad3c948f4d605d) (ScriptedImporter) -> (Import Result ID: '3218b7e203060a492e2759f45ca70435') in 0.0092159 seconds [static and dynamic dependencies]. Details - ImportResultOutputID=bdc2cd4195318d4a04a5c736441c0c1d DependenciesID=7254aa1fddb081ab86fa7264711728e9 StaticDependenciesID=ef272a1b924fc57d0370bc404c89253c 
Number of updated asset objects reloaded before import = 0Number of asset objects unloaded after import = 2

========================================================================
Received Import Request.
  Time since last request: 0.000033 seconds.
  path: Assets/Modern tiles_Free/Interiors_free/32x32/Interiors_free_32x32_475.asset
  importAddress: Guid(9f732aa72fb11a0488d4f1bd8ba43bf9) Importer(2089858483,b0f066a214c2f5e87bad3c948f4d605d)
Start importing Assets/Modern tiles_Free/Interiors_free/32x32/Interiors_free_32x32_475.asset using Guid(9f732aa72fb11a0488d4f1bd8ba43bf9) Importer(2089858483,b0f066a214c2f5e87bad3c948f4d605d) (ScriptedImporter) -> (Import Result ID: 'bdb2a53e722038520e98e745cf1a9290') in 0.0094002 seconds [static and dynamic dependencies]. Details - ImportResultOutputID=4a42cc883732b80f6e1fd564f87ec222 DependenciesID=6d051f3874023079af90ed1cedbff52d StaticDependenciesID=4cc78a4cea0f60b23622482774a99f7c 
Number of updated asset objects reloaded before import = 0Number of asset objects unloaded after import = 2

========================================================================
Received Import Request.
  Time since last request: 0.000019 seconds.
  path: Assets/Modern tiles_Free/Interiors_free/32x32/Interiors_free_32x32_192.asset
  importAddress: Guid(36cb3a70732962d498fb248ac215549e) Importer(2089858483,b0f066a214c2f5e87bad3c948f4d605d)
Start importing Assets/Modern tiles_Free/Interiors_free/32x32/Interiors_free_32x32_192.asset using Guid(36cb3a70732962d498fb248ac215549e) Importer(2089858483,b0f066a214c2f5e87bad3c948f4d605d) (ScriptedImporter) -> (Import Result ID: '5356d5a1f669b87af760b6866ba20ee5') in 0.0089065 seconds [static and dynamic dependencies]. Details - ImportResultOutputID=6af3ad8b912ea65d958e9cf905f25792 DependenciesID=3c8d1eeb7421c76d1bf71f83bdf51935 StaticDependenciesID=d8b6545e9e0837c1e477963985e94977 
Number of updated asset objects reloaded before import = 0Number of asset objects unloaded after import = 2

========================================================================
Received Import Request.
  Time since last request: 0.000023 seconds.
  path: Assets/Modern tiles_Free/Interiors_free/32x32/Interiors_free_32x32_642.asset
  importAddress: Guid(d1eaf7cbd27e764448d571fa066ee032) Importer(2089858483,b0f066a214c2f5e87bad3c948f4d605d)
Start importing Assets/Modern tiles_Free/Interiors_free/32x32/Interiors_free_32x32_642.asset using Guid(d1eaf7cbd27e764448d571fa066ee032) Importer(2089858483,b0f066a214c2f5e87bad3c948f4d605d) (ScriptedImporter) -> (Import Result ID: '38aa52607d8566db4d8e24e8130727d4') in 0.0091905 seconds [static and dynamic dependencies]. Details - ImportResultOutputID=10167973dd0d1fd32dbfa2c71f1a2777 DependenciesID=96e1484a544d55a23320f5fc291ddb0e StaticDependenciesID=bd74375065e3b56eb80bfc0cddde83e8 
Number of updated asset objects reloaded before import = 0Number of asset objects unloaded after import = 2

========================================================================
Received Import Request.
  Time since last request: 0.000013 seconds.
  path: Assets/Modern tiles_Free/Interiors_free/32x32/Interiors_free_32x32_517.asset
  importAddress: Guid(86ead48a51ac7954fa03d3b186ab1557) Importer(2089858483,b0f066a214c2f5e87bad3c948f4d605d)
Start importing Assets/Modern tiles_Free/Interiors_free/32x32/Interiors_free_32x32_517.asset using Guid(86ead48a51ac7954fa03d3b186ab1557) Importer(2089858483,b0f066a214c2f5e87bad3c948f4d605d) (ScriptedImporter) -> (Import Result ID: '6d48f985bb26fb97a19b6c5298e37508') in 0.0086298 seconds [static and dynamic dependencies]. Details - ImportResultOutputID=70ed683379328b9682f7af9980142bc7 DependenciesID=604f5858da354c9397fb5cd1503468c0 StaticDependenciesID=3948628458215281fa6138741c5fe3bf 
Number of updated asset objects reloaded before import = 0Number of asset objects unloaded after import = 2

========================================================================
Received Import Request.
  Time since last request: 0.000022 seconds.
  path: Assets/Modern tiles_Free/Interiors_free/32x32/Interiors_free_32x32_19.asset
  importAddress: Guid(65782a50ffc764c45a574a0b70f71843) Importer(2089858483,b0f066a214c2f5e87bad3c948f4d605d)
Start importing Assets/Modern tiles_Free/Interiors_free/32x32/Interiors_free_32x32_19.asset using Guid(65782a50ffc764c45a574a0b70f71843) Importer(2089858483,b0f066a214c2f5e87bad3c948f4d605d) (ScriptedImporter) -> (Import Result ID: '52bfaae33d0abd019ee61fc15bb418cb') in 0.0092385 seconds [static and dynamic dependencies]. Details - ImportResultOutputID=b8747216246b460c11c6508336aa385c DependenciesID=676fc85859952a01645a925ae7518f81 StaticDependenciesID=f845688b4b4cf062350e36f4a8cba1d6 
Number of updated asset objects reloaded before import = 0Number of asset objects unloaded after import = 2

========================================================================
Received Import Request.
  Time since last request: 0.000017 seconds.
  path: Assets/Modern tiles_Free/Interiors_free/32x32/Interiors_free_32x32_600.asset
  importAddress: Guid(1bed25b97d65c0240a9a22cc42e65d56) Importer(2089858483,b0f066a214c2f5e87bad3c948f4d605d)
Start importing Assets/Modern tiles_Free/Interiors_free/32x32/Interiors_free_32x32_600.asset using Guid(1bed25b97d65c0240a9a22cc42e65d56) Importer(2089858483,b0f066a214c2f5e87bad3c948f4d605d) (ScriptedImporter) -> (Import Result ID: '0777a7e59e91d41377ae76740068a66a') in 0.0087032 seconds [static and dynamic dependencies]. Details - ImportResultOutputID=07558ee223ef3e1cdb6eb8f7fa131cb6 DependenciesID=7a753cae640f43b4be73116a149f1b21 StaticDependenciesID=17c46d75910facf0c85447c198cb921e 
Number of updated asset objects reloaded before import = 0Number of asset objects unloaded after import = 2

========================================================================
Received Import Request.
  Time since last request: 0.000021 seconds.
  path: Assets/Modern tiles_Free/Interiors_free/32x32/Interiors_free_32x32_1146.asset
  importAddress: Guid(262462a9b895818498709bc2b4d2252d) Importer(2089858483,b0f066a214c2f5e87bad3c948f4d605d)
Start importing Assets/Modern tiles_Free/Interiors_free/32x32/Interiors_free_32x32_1146.asset using Guid(262462a9b895818498709bc2b4d2252d) Importer(2089858483,b0f066a214c2f5e87bad3c948f4d605d) (ScriptedImporter) -> (Import Result ID: '596932db3fb11941ad00651ac5ce9221') in 0.0094382 seconds [static and dynamic dependencies]. Details - ImportResultOutputID=cd96accadca96bff97a02df0e16d1fe0 DependenciesID=cc5ff8c24b4b27ef3660c0f101ffd7be StaticDependenciesID=9d4e0a64b588e13969ec37ea6db4c813 
Number of updated asset objects reloaded before import = 0Number of asset objects unloaded after import = 2

========================================================================
Received Import Request.
  Time since last request: 0.000018 seconds.
  path: Assets/Modern tiles_Free/Interiors_free/32x32/Interiors_free_32x32_590.asset
  importAddress: Guid(23a8af1f0bef05043a96bdb964839ae7) Importer(2089858483,b0f066a214c2f5e87bad3c948f4d605d)
Start importing Assets/Modern tiles_Free/Interiors_free/32x32/Interiors_free_32x32_590.asset using Guid(23a8af1f0bef05043a96bdb964839ae7) Importer(2089858483,b0f066a214c2f5e87bad3c948f4d605d) (ScriptedImporter) -> (Import Result ID: '39e6be27d99ccc66811400b11aa59de8') in 0.0088552 seconds [static and dynamic dependencies]. Details - ImportResultOutputID=7b1ba80ebb4eac53ee6380aace9fdab8 DependenciesID=d8ec0fad3d898e2dfa67fb2a8812617f StaticDependenciesID=c3ed550a381fb4fa8e5975e5dbdb6a59 
Number of updated asset objects reloaded before import = 0Number of asset objects unloaded after import = 2

========================================================================
Received Import Request.
  Time since last request: 0.000014 seconds.
  path: Assets/Modern tiles_Free/Interiors_free/32x32/Interiors_free_32x32_216.asset
  importAddress: Guid(0d3257e62129594458612a5fba8ed88e) Importer(2089858483,b0f066a214c2f5e87bad3c948f4d605d)
Start importing Assets/Modern tiles_Free/Interiors_free/32x32/Interiors_free_32x32_216.asset using Guid(0d3257e62129594458612a5fba8ed88e) Importer(2089858483,b0f066a214c2f5e87bad3c948f4d605d) (ScriptedImporter) -> (Import Result ID: '4ea1a655b5c592202825109b99e81eb7') in 0.0093538 seconds [static and dynamic dependencies]. Details - ImportResultOutputID=61a07f9600eed45669ddffe373e9c273 DependenciesID=27810de154e5474b2f1a3960b79d6363 StaticDependenciesID=88a38054047b9fdd2e79867b24acb1a9 
Number of updated asset objects reloaded before import = 0Number of asset objects unloaded after import = 2

========================================================================
Received Import Request.
  Time since last request: 0.000015 seconds.
  path: Assets/Modern tiles_Free/Interiors_free/32x32/Interiors_free_32x32_345.asset
  importAddress: Guid(cecc2b9b57b66414b88a3de33bd094e4) Importer(2089858483,b0f066a214c2f5e87bad3c948f4d605d)
Start importing Assets/Modern tiles_Free/Interiors_free/32x32/Interiors_free_32x32_345.asset using Guid(cecc2b9b57b66414b88a3de33bd094e4) Importer(2089858483,b0f066a214c2f5e87bad3c948f4d605d) (ScriptedImporter) -> (Import Result ID: '80ff41d74b4f62e520452f9486593008') in 0.0084757 seconds [static and dynamic dependencies]. Details - ImportResultOutputID=c71710ef4744b57752f5dd0a8064b430 DependenciesID=b4ab02a3c463171204207e32a258313e StaticDependenciesID=9c1bc618ee9d6a7d97640186cfcad35c 
Number of updated asset objects reloaded before import = 0Number of asset objects unloaded after import = 2

========================================================================
Received Import Request.
  Time since last request: 0.000016 seconds.
  path: Assets/Modern tiles_Free/Interiors_free/32x32/Interiors_free_32x32_389.asset
  importAddress: Guid(bfbff38494ab2ec418f5113b3fdfe0e8) Importer(2089858483,b0f066a214c2f5e87bad3c948f4d605d)
Start importing Assets/Modern tiles_Free/Interiors_free/32x32/Interiors_free_32x32_389.asset using Guid(bfbff38494ab2ec418f5113b3fdfe0e8) Importer(2089858483,b0f066a214c2f5e87bad3c948f4d605d) (ScriptedImporter) -> (Import Result ID: 'da3f3b9741c80023d62eb36dca7e0b5d') in 0.0091812 seconds [static and dynamic dependencies]. Details - ImportResultOutputID=d0afcbb09cdecde911278e3dc696b080 DependenciesID=de09b10aba4447976f8cc565daea607b StaticDependenciesID=f500502e323e17822a50f44a99e9ed11 
Number of updated asset objects reloaded before import = 0Number of asset objects unloaded after import = 2

========================================================================
Received Import Request.
  Time since last request: 0.000016 seconds.
  path: Assets/Modern tiles_Free/Interiors_free/32x32/Interiors_free_32x32_786.asset
  importAddress: Guid(f912c5ecbc8ab134eac8f3415a7446ff) Importer(2089858483,b0f066a214c2f5e87bad3c948f4d605d)
Start importing Assets/Modern tiles_Free/Interiors_free/32x32/Interiors_free_32x32_786.asset using Guid(f912c5ecbc8ab134eac8f3415a7446ff) Importer(2089858483,b0f066a214c2f5e87bad3c948f4d605d) (ScriptedImporter) -> (Import Result ID: 'c0715778e8d86d3bc35f7e21d15b277f') in 0.0086664 seconds [static and dynamic dependencies]. Details - ImportResultOutputID=a45ffce06ac72d9aec0769fc8dd363ed DependenciesID=0650c983cc942329219cdfad8d5de497 StaticDependenciesID=8caeb44b6c45b7d75a5276a1db3b43b9 
Number of updated asset objects reloaded before import = 0Number of asset objects unloaded after import = 2

========================================================================
Received Import Request.
  Time since last request: 0.000015 seconds.
  path: Assets/Modern tiles_Free/Interiors_free/32x32/Interiors_free_32x32_60.asset
  importAddress: Guid(cf42923ec01180b47b622bb09a0680ba) Importer(2089858483,b0f066a214c2f5e87bad3c948f4d605d)
Start importing Assets/Modern tiles_Free/Interiors_free/32x32/Interiors_free_32x32_60.asset using Guid(cf42923ec01180b47b622bb09a0680ba) Importer(2089858483,b0f066a214c2f5e87bad3c948f4d605d) (ScriptedImporter) -> (Import Result ID: '132ed469aaea2ffca514cb6a35ebbd5f') in 0.0092902 seconds [static and dynamic dependencies]. Details - ImportResultOutputID=bdf7bc19770bfbe776df72106193850d DependenciesID=015b2562bc1cb55bf1a600fc1b9e9107 StaticDependenciesID=292afc4d013c1a54b15c76db4580f6a6 
Number of updated asset objects reloaded before import = 0Number of asset objects unloaded after import = 2

========================================================================
Received Import Request.
  Time since last request: 0.000019 seconds.
  path: Assets/Modern tiles_Free/Interiors_free/32x32/Interiors_free_32x32_896.asset
  importAddress: Guid(c0de5373e56aae24da65628b2160693d) Importer(2089858483,b0f066a214c2f5e87bad3c948f4d605d)
Start importing Assets/Modern tiles_Free/Interiors_free/32x32/Interiors_free_32x32_896.asset using Guid(c0de5373e56aae24da65628b2160693d) Importer(2089858483,b0f066a214c2f5e87bad3c948f4d605d) (ScriptedImporter) -> (Import Result ID: '4506aff0905d4540695a753226a2086d') in 0.0086821 seconds [static and dynamic dependencies]. Details - ImportResultOutputID=97b977f5c2c7a084a278038b98c79805 DependenciesID=6454be7feb7137851f7ea6e5c3cbb7da StaticDependenciesID=13b8240f1bfe96b16ed6652833320da7 
Number of updated asset objects reloaded before import = 0Number of asset objects unloaded after import = 2

========================================================================
Received Import Request.
  Time since last request: 0.000014 seconds.
  path: Assets/Modern tiles_Free/Interiors_free/32x32/Interiors_free_32x32_481.asset
  importAddress: Guid(16d9a2f582779a046802bde355b73d9a) Importer(2089858483,b0f066a214c2f5e87bad3c948f4d605d)
Start importing Assets/Modern tiles_Free/Interiors_free/32x32/Interiors_free_32x32_481.asset using Guid(16d9a2f582779a046802bde355b73d9a) Importer(2089858483,b0f066a214c2f5e87bad3c948f4d605d) (ScriptedImporter) -> (Import Result ID: 'f10c1c5d87b2ef76091baa3802313fbc') in 0.0084295 seconds [static and dynamic dependencies]. Details - ImportResultOutputID=ed862038f0c05f21f72d1096a61727cb DependenciesID=a5a8af1cd44917968dfd9b8255673c06 StaticDependenciesID=6078859dc740fcecb373471999fe236a 
Number of updated asset objects reloaded before import = 0Number of asset objects unloaded after import = 2

========================================================================
Received Import Request.
  Time since last request: 0.000017 seconds.
  path: Assets/Modern tiles_Free/Interiors_free/32x32/Interiors_free_32x32_1124.asset
  importAddress: Guid(2a5e1d2027c75714d83faeed2f0168e2) Importer(2089858483,b0f066a214c2f5e87bad3c948f4d605d)
Start importing Assets/Modern tiles_Free/Interiors_free/32x32/Interiors_free_32x32_1124.asset using Guid(2a5e1d2027c75714d83faeed2f0168e2) Importer(2089858483,b0f066a214c2f5e87bad3c948f4d605d) (ScriptedImporter) -> (Import Result ID: 'dfdc7c2c0ba10a5631f215a0e921bd2d') in 0.0086697 seconds [static and dynamic dependencies]. Details - ImportResultOutputID=25a4539b5a42f28ead4459a73c4bde81 DependenciesID=faf0a58029a0f13a933711055b324d6b StaticDependenciesID=7f7ade9ac58429386b63d339325e2f5e 
Number of updated asset objects reloaded before import = 0Number of asset objects unloaded after import = 2

========================================================================
Received Import Request.
  Time since last request: 0.000016 seconds.
  path: Assets/Modern tiles_Free/Interiors_free/32x32/Interiors_free_32x32_118.asset
  importAddress: Guid(0682855902b54c54fb26ae3872cc5775) Importer(2089858483,b0f066a214c2f5e87bad3c948f4d605d)
Start importing Assets/Modern tiles_Free/Interiors_free/32x32/Interiors_free_32x32_118.asset using Guid(0682855902b54c54fb26ae3872cc5775) Importer(2089858483,b0f066a214c2f5e87bad3c948f4d605d) (ScriptedImporter) -> (Import Result ID: '98882d3fc25ef3fb80b9049d79dbe67f') in 0.0088551 seconds [static and dynamic dependencies]. Details - ImportResultOutputID=5d479eec465e3a0c68033c0251a9d495 DependenciesID=7012be1548ab56d9a09de68548d75046 StaticDependenciesID=37c9d70b7a7e43d90120537b78eaafef 
Number of updated asset objects reloaded before import = 0Number of asset objects unloaded after import = 2

========================================================================
Received Import Request.
  Time since last request: 0.000019 seconds.
  path: Assets/Modern tiles_Free/Interiors_free/32x32/Interiors_free_32x32_658.asset
  importAddress: Guid(56ecfd80a973e1741b729204223986c0) Importer(2089858483,b0f066a214c2f5e87bad3c948f4d605d)
Start importing Assets/Modern tiles_Free/Interiors_free/32x32/Interiors_free_32x32_658.asset using Guid(56ecfd80a973e1741b729204223986c0) Importer(2089858483,b0f066a214c2f5e87bad3c948f4d605d) (ScriptedImporter) -> (Import Result ID: '7c81e10212dcf88a9c09fa129c3a53a8') in 0.0091461 seconds [static and dynamic dependencies]. Details - ImportResultOutputID=68cbecd8ab7be8d874b801f066ab85e1 DependenciesID=bde5f1fe2d1969957eaca434312c4e87 StaticDependenciesID=949d44c86872b70fe0cf0d3cc18883b1 
Number of updated asset objects reloaded before import = 0Number of asset objects unloaded after import = 2

========================================================================
Received Import Request.
  Time since last request: 0.000019 seconds.
  path: Assets/Modern tiles_Free/Interiors_free/32x32/Interiors_free_32x32_708.asset
  importAddress: Guid(f545abd98a2aa224ba6e12a9a5f28600) Importer(2089858483,b0f066a214c2f5e87bad3c948f4d605d)
Start importing Assets/Modern tiles_Free/Interiors_free/32x32/Interiors_free_32x32_708.asset using Guid(f545abd98a2aa224ba6e12a9a5f28600) Importer(2089858483,b0f066a214c2f5e87bad3c948f4d605d) (ScriptedImporter) -> (Import Result ID: '501984445371f91437bb6d5799d2426a') in 0.0082591 seconds [static and dynamic dependencies]. Details - ImportResultOutputID=a8b775eb5d2f41b080dff86013efe42e DependenciesID=30612348b2cfa238a0a66c4bdad6d043 StaticDependenciesID=6ecf4fdd875ec0c055963af880c16a92 
Number of updated asset objects reloaded before import = 0Number of asset objects unloaded after import = 2

========================================================================
Received Import Request.
  Time since last request: 0.000018 seconds.
  path: Assets/Modern tiles_Free/Interiors_free/32x32/Interiors_free_32x32_494.asset
  importAddress: Guid(5a0139f76e985664c91957ffda1062e3) Importer(2089858483,b0f066a214c2f5e87bad3c948f4d605d)
Start importing Assets/Modern tiles_Free/Interiors_free/32x32/Interiors_free_32x32_494.asset using Guid(5a0139f76e985664c91957ffda1062e3) Importer(2089858483,b0f066a214c2f5e87bad3c948f4d605d) (ScriptedImporter) -> (Import Result ID: '0218655bc9a11c3e14da42ee618c34eb') in 0.0091499 seconds [static and dynamic dependencies]. Details - ImportResultOutputID=4d7c13e310c73d42801ded1f92518ea0 DependenciesID=a3fcb2367794ce00714a6c1e94b3fbf3 StaticDependenciesID=b5810685287beb052faa958fc05541ea 
Number of updated asset objects reloaded before import = 0Number of asset objects unloaded after import = 2

========================================================================
Received Import Request.
  Time since last request: 0.000019 seconds.
  path: Assets/Modern tiles_Free/Interiors_free/32x32/Interiors_free_32x32_136.asset
  importAddress: Guid(f6811161e2760d94db40fd1b861fa704) Importer(2089858483,b0f066a214c2f5e87bad3c948f4d605d)
Start importing Assets/Modern tiles_Free/Interiors_free/32x32/Interiors_free_32x32_136.asset using Guid(f6811161e2760d94db40fd1b861fa704) Importer(2089858483,b0f066a214c2f5e87bad3c948f4d605d) (ScriptedImporter) -> (Import Result ID: 'b3c3ae45684ab9b903e1e55d1b4e17fb') in 0.008869 seconds [static and dynamic dependencies]. Details - ImportResultOutputID=416ee01a41bbfe9f386a0d2084301a63 DependenciesID=a342d32bd3efefb026946d2843b48897 StaticDependenciesID=da31828686eea825d98c004c1dcba760 
Number of updated asset objects reloaded before import = 0Number of asset objects unloaded after import = 2

========================================================================
Received Import Request.
  Time since last request: 0.000015 seconds.
  path: Assets/Modern tiles_Free/Interiors_free/32x32/Interiors_free_32x32_984.asset
  importAddress: Guid(6087a291914a31b48b20fbadd513051d) Importer(2089858483,b0f066a214c2f5e87bad3c948f4d605d)
Start importing Assets/Modern tiles_Free/Interiors_free/32x32/Interiors_free_32x32_984.asset using Guid(6087a291914a31b48b20fbadd513051d) Importer(2089858483,b0f066a214c2f5e87bad3c948f4d605d) (ScriptedImporter) -> (Import Result ID: 'd55be44039e70c874b40c195b507ee2a') in 0.0089366 seconds [static and dynamic dependencies]. Details - ImportResultOutputID=90bc79612329695825363f1ebfc7f111 DependenciesID=bfbe711789c3d9af834b913b396e746e StaticDependenciesID=63aebe0b695acc895a5e0d7c225394d6 
Number of updated asset objects reloaded before import = 0Number of asset objects unloaded after import = 2

========================================================================
Received Import Request.
  Time since last request: 0.000020 seconds.
  path: Assets/Modern tiles_Free/Interiors_free/32x32/Interiors_free_32x32_1028.asset
  importAddress: Guid(8d6cbeecc517f0846bff692e69d31eef) Importer(2089858483,b0f066a214c2f5e87bad3c948f4d605d)
Start importing Assets/Modern tiles_Free/Interiors_free/32x32/Interiors_free_32x32_1028.asset using Guid(8d6cbeecc517f0846bff692e69d31eef) Importer(2089858483,b0f066a214c2f5e87bad3c948f4d605d) (ScriptedImporter) -> (Import Result ID: '730bd5e9b69039076710396067e8015a') in 0.009194 seconds [static and dynamic dependencies]. Details - ImportResultOutputID=9bd8c28ce3e6a621574475b9e423d2a9 DependenciesID=9acc5e979af288d0adc059b226920821 StaticDependenciesID=9183ef48aab133ac60e3414030414562 
Number of updated asset objects reloaded before import = 0Number of asset objects unloaded after import = 2

========================================================================
Received Import Request.
  Time since last request: 0.000015 seconds.
  path: Assets/Modern tiles_Free/Interiors_free/32x32/Interiors_free_32x32_1100.asset
  importAddress: Guid(929c31d6d9e24104aa4c4c05839d9e21) Importer(2089858483,b0f066a214c2f5e87bad3c948f4d605d)
Start importing Assets/Modern tiles_Free/Interiors_free/32x32/Interiors_free_32x32_1100.asset using Guid(929c31d6d9e24104aa4c4c05839d9e21) Importer(2089858483,b0f066a214c2f5e87bad3c948f4d605d) (ScriptedImporter) -> (Import Result ID: '42e0bf4baf894c0036825508bd0e87cf') in 0.008534 seconds [static and dynamic dependencies]. Details - ImportResultOutputID=b8f6310849226c5715154e983e1665cd DependenciesID=8adc2d83dfe7d823c71fac279f96ce1f StaticDependenciesID=e471bc5fe40631f93b4c9a0f41d00118 
Number of updated asset objects reloaded before import = 0Number of asset objects unloaded after import = 2

========================================================================
Received Import Request.
  Time since last request: 0.209805 seconds.
  path: Assets/Modern tiles_Free/Interiors_free/32x32/Interiors_free_32x32_18.asset
  importAddress: Guid(5ac8e91a6b0296c4b95c0722e085e18b) Importer(2089858483,b0f066a214c2f5e87bad3c948f4d605d)
Start importing Assets/Modern tiles_Free/Interiors_free/32x32/Interiors_free_32x32_18.asset using Guid(5ac8e91a6b0296c4b95c0722e085e18b) Importer(2089858483,b0f066a214c2f5e87bad3c948f4d605d) (ScriptedImporter) -> (Import Result ID: 'f417556e6599ede03b6120abc242adcd') in 0.0093725 seconds [static and dynamic dependencies]. Details - ImportResultOutputID=1f8a493d953c77ad87d2681623939d10 DependenciesID=af07a814df886a6e416a811384307c3f StaticDependenciesID=4287156b6740b330f3122836d4b0462b 
Number of updated asset objects reloaded before import = 0Number of asset objects unloaded after import = 2

========================================================================
Received Import Request.
  Time since last request: 0.000014 seconds.
  path: Assets/Modern tiles_Free/Interiors_free/32x32/Interiors_free_32x32_263.asset
  importAddress: Guid(396c1d71fb191474ba0313a92c18a232) Importer(2089858483,b0f066a214c2f5e87bad3c948f4d605d)
Start importing Assets/Modern tiles_Free/Interiors_free/32x32/Interiors_free_32x32_263.asset using Guid(396c1d71fb191474ba0313a92c18a232) Importer(2089858483,b0f066a214c2f5e87bad3c948f4d605d) (ScriptedImporter) -> (Import Result ID: '52ad55e554907679395be63d452e1448') in 0.0093821 seconds [static and dynamic dependencies]. Details - ImportResultOutputID=8a6a6d19d3dc4c7fe883e229766d5f48 DependenciesID=d683e3208fdbcfc91802730c198aede0 StaticDependenciesID=d8be1797a112facea122f745419e37e0 
Number of updated asset objects reloaded before import = 0Number of asset objects unloaded after import = 2

========================================================================
Received Import Request.
  Time since last request: 0.000014 seconds.
  path: Assets/Modern tiles_Free/Interiors_free/32x32/Interiors_free_32x32_592.asset
  importAddress: Guid(6e5b8432c1e2a9042aacd2a80a5f9f74) Importer(2089858483,b0f066a214c2f5e87bad3c948f4d605d)
Start importing Assets/Modern tiles_Free/Interiors_free/32x32/Interiors_free_32x32_592.asset using Guid(6e5b8432c1e2a9042aacd2a80a5f9f74) Importer(2089858483,b0f066a214c2f5e87bad3c948f4d605d) (ScriptedImporter) -> (Import Result ID: '0b8a0cecc089846989788eccb138b6b3') in 0.008679 seconds [static and dynamic dependencies]. Details - ImportResultOutputID=fc6ae91bbad8a68ad839de5f5b4b8446 DependenciesID=219bde8ed0cf805391a72e69d3930afc StaticDependenciesID=8f38cfc09595be6a47483734aab28312 
Number of updated asset objects reloaded before import = 0Number of asset objects unloaded after import = 2

========================================================================
Received Import Request.
  Time since last request: 0.000017 seconds.
  path: Assets/Modern tiles_Free/Interiors_free/32x32/Interiors_free_32x32_1196.asset
  importAddress: Guid(6eaee630e6a75eb4a88831141e3b5214) Importer(2089858483,b0f066a214c2f5e87bad3c948f4d605d)
Start importing Assets/Modern tiles_Free/Interiors_free/32x32/Interiors_free_32x32_1196.asset using Guid(6eaee630e6a75eb4a88831141e3b5214) Importer(2089858483,b0f066a214c2f5e87bad3c948f4d605d) (ScriptedImporter) -> (Import Result ID: '47312ce6d649b5ac44ed7e41644031bb') in 0.0093632 seconds [static and dynamic dependencies]. Details - ImportResultOutputID=861fa61677c49fc7f8f1be273f0a3d1d DependenciesID=7a8fd19ee34920d7b38870091746357d StaticDependenciesID=f0cebe5336493761fbe474a48cd7b4e5 
Number of updated asset objects reloaded before import = 0Number of asset objects unloaded after import = 2

========================================================================
Received Import Request.
  Time since last request: 0.000016 seconds.
  path: Assets/Modern tiles_Free/Interiors_free/32x32/Interiors_free_32x32_231.asset
  importAddress: Guid(de6e70079d0330d4b8fa04444c0df682) Importer(2089858483,b0f066a214c2f5e87bad3c948f4d605d)
Start importing Assets/Modern tiles_Free/Interiors_free/32x32/Interiors_free_32x32_231.asset using Guid(de6e70079d0330d4b8fa04444c0df682) Importer(2089858483,b0f066a214c2f5e87bad3c948f4d605d) (ScriptedImporter) -> (Import Result ID: '6dfb82f058cfe283ba70baf8071ca8e8') in 0.0090302 seconds [static and dynamic dependencies]. Details - ImportResultOutputID=8b22dfc53b44c24325584397979344bd DependenciesID=32222461c0ca6d679f7c00a5180ab6fb StaticDependenciesID=2195f48b5dfda1616afedfcbbe163190 
Number of updated asset objects reloaded before import = 0Number of asset objects unloaded after import = 2

========================================================================
Received Import Request.
  Time since last request: 0.000018 seconds.
  path: Assets/Modern tiles_Free/Interiors_free/32x32/Interiors_free_32x32_869.asset
  importAddress: Guid(e361f1b98dd23eb4c8544e5fb5aed25f) Importer(2089858483,b0f066a214c2f5e87bad3c948f4d605d)
Start importing Assets/Modern tiles_Free/Interiors_free/32x32/Interiors_free_32x32_869.asset using Guid(e361f1b98dd23eb4c8544e5fb5aed25f) Importer(2089858483,b0f066a214c2f5e87bad3c948f4d605d) (ScriptedImporter) -> (Import Result ID: '90635583136a298d58b990e6f193e17d') in 0.0090739 seconds [static and dynamic dependencies]. Details - ImportResultOutputID=643c3ad1fa9e5d3cfe234627d7b954ae DependenciesID=de8f3b92ca4c2fc354a05c8cd70d7291 StaticDependenciesID=1cc3d1ed449b5b38bb9cd0dd0d2fe459 
Number of updated asset objects reloaded before import = 0Number of asset objects unloaded after import = 2

========================================================================
Received Import Request.
  Time since last request: 0.000016 seconds.
  path: Assets/Modern tiles_Free/Interiors_free/32x32/Interiors_free_32x32_778.asset
  importAddress: Guid(a835427ba74d8b347886aa1ae610bc5c) Importer(2089858483,b0f066a214c2f5e87bad3c948f4d605d)
Start importing Assets/Modern tiles_Free/Interiors_free/32x32/Interiors_free_32x32_778.asset using Guid(a835427ba74d8b347886aa1ae610bc5c) Importer(2089858483,b0f066a214c2f5e87bad3c948f4d605d) (ScriptedImporter) -> (Import Result ID: '97f15785b5c0816acba78047e328a50c') in 0.0083861 seconds [static and dynamic dependencies]. Details - ImportResultOutputID=6818eae1c90032b7751d62c1daae010c DependenciesID=b904b16c24ef37d017a2b5b703025441 StaticDependenciesID=d715c68b523c10db488dec5492914df5 
Number of updated asset objects reloaded before import = 0Number of asset objects unloaded after import = 2

========================================================================
Received Import Request.
  Time since last request: 0.000018 seconds.
  path: Assets/Modern tiles_Free/Interiors_free/32x32/Interiors_free_32x32_12.asset
  importAddress: Guid(7b6ab0cde1b9a5a4b8c9f819ea2b56d7) Importer(2089858483,b0f066a214c2f5e87bad3c948f4d605d)
Start importing Assets/Modern tiles_Free/Interiors_free/32x32/Interiors_free_32x32_12.asset using Guid(7b6ab0cde1b9a5a4b8c9f819ea2b56d7) Importer(2089858483,b0f066a214c2f5e87bad3c948f4d605d) (ScriptedImporter) -> (Import Result ID: '47f7b391760bad9f6c5907dc920ce124') in 0.0093833 seconds [static and dynamic dependencies]. Details - ImportResultOutputID=b7d25aa23e29cd50db6c28602b747413 DependenciesID=5da6c50f5ae1117838510054095801c9 StaticDependenciesID=3a9d536e702b6b980f8424233e4f0c67 
Number of updated asset objects reloaded before import = 0Number of asset objects unloaded after import = 2

========================================================================
Received Import Request.
  Time since last request: 0.000015 seconds.
  path: Assets/Modern tiles_Free/Interiors_free/32x32/Interiors_free_32x32_801.asset
  importAddress: Guid(183d3b92ed11ee54eaa582dc290bdc31) Importer(2089858483,b0f066a214c2f5e87bad3c948f4d605d)
Start importing Assets/Modern tiles_Free/Interiors_free/32x32/Interiors_free_32x32_801.asset using Guid(183d3b92ed11ee54eaa582dc290bdc31) Importer(2089858483,b0f066a214c2f5e87bad3c948f4d605d) (ScriptedImporter) -> (Import Result ID: '626ba0cf269063dd621ebfbc2c7e1357') in 0.008413 seconds [static and dynamic dependencies]. Details - ImportResultOutputID=24ce87ac2a5afe86ec7818466d73827d DependenciesID=0abef2b85e5f6a627b7c5358f6c8c5dd StaticDependenciesID=0f00fffc4a7613c81cb9067fb38f6307 
Number of updated asset objects reloaded before import = 0Number of asset objects unloaded after import = 2

========================================================================
Received Import Request.
  Time since last request: 0.000013 seconds.
  path: Assets/Modern tiles_Free/Interiors_free/32x32/Interiors_free_32x32_556.asset
  importAddress: Guid(c23e95e57f80d8447991992f825ed167) Importer(2089858483,b0f066a214c2f5e87bad3c948f4d605d)
Start importing Assets/Modern tiles_Free/Interiors_free/32x32/Interiors_free_32x32_556.asset using Guid(c23e95e57f80d8447991992f825ed167) Importer(2089858483,b0f066a214c2f5e87bad3c948f4d605d) (ScriptedImporter) -> (Import Result ID: '28af952309e5e1d62e17c6270a7759e5') in 0.0090138 seconds [static and dynamic dependencies]. Details - ImportResultOutputID=340537abcbd8232f43ae4356b398fdc1 DependenciesID=7e11840c35d360456ee910e447521c4c StaticDependenciesID=d2e6da9d1b64888bee05d2489ce9f77e 
Number of updated asset objects reloaded before import = 0Number of asset objects unloaded after import = 2

========================================================================
Received Import Request.
  Time since last request: 0.000017 seconds.
  path: Assets/Modern tiles_Free/Interiors_free/32x32/Interiors_free_32x32_371.asset
  importAddress: Guid(c23b172dd2c2d214f954bbb611841a14) Importer(2089858483,b0f066a214c2f5e87bad3c948f4d605d)
Start importing Assets/Modern tiles_Free/Interiors_free/32x32/Interiors_free_32x32_371.asset using Guid(c23b172dd2c2d214f954bbb611841a14) Importer(2089858483,b0f066a214c2f5e87bad3c948f4d605d) (ScriptedImporter) -> (Import Result ID: '1b870dcc44defef8bbac4c1a0ad14a74') in 0.0090439 seconds [static and dynamic dependencies]. Details - ImportResultOutputID=ce52f202fdf0dc8854cf748374407e1e DependenciesID=65e2e431e4c562db1b9746a4ae42f914 StaticDependenciesID=690c96e94d645863c7cce9c1e246163a 
Number of updated asset objects reloaded before import = 0Number of asset objects unloaded after import = 2

========================================================================
Received Import Request.
  Time since last request: 0.000013 seconds.
  path: Assets/Modern tiles_Free/Interiors_free/32x32/Interiors_free_32x32_239.asset
  importAddress: Guid(726cba899cd29eb43a071a21842b26b9) Importer(2089858483,b0f066a214c2f5e87bad3c948f4d605d)
Start importing Assets/Modern tiles_Free/Interiors_free/32x32/Interiors_free_32x32_239.asset using Guid(726cba899cd29eb43a071a21842b26b9) Importer(2089858483,b0f066a214c2f5e87bad3c948f4d605d) (ScriptedImporter) -> (Import Result ID: '2234418aeda780fe598a0afe54816195') in 0.0088862 seconds [static and dynamic dependencies]. Details - ImportResultOutputID=ce121656867275be087c6b0c7889a7ae DependenciesID=ed532e7b6bfa272a07f73fc41ab89e9a StaticDependenciesID=801445a1fb1f4c2cd0a7889da5d67097 
Number of updated asset objects reloaded before import = 0Number of asset objects unloaded after import = 2

========================================================================
Received Import Request.
  Time since last request: 0.000017 seconds.
  path: Assets/Modern tiles_Free/Interiors_free/32x32/Interiors_free_32x32_1110.asset
  importAddress: Guid(c210a67da5961ea4b9bfea5f9ea68e48) Importer(2089858483,b0f066a214c2f5e87bad3c948f4d605d)
Start importing Assets/Modern tiles_Free/Interiors_free/32x32/Interiors_free_32x32_1110.asset using Guid(c210a67da5961ea4b9bfea5f9ea68e48) Importer(2089858483,b0f066a214c2f5e87bad3c948f4d605d) (ScriptedImporter) -> (Import Result ID: '5d90503895801a2688c144d5749fba2c') in 0.0095732 seconds [static and dynamic dependencies]. Details - ImportResultOutputID=1e3ecf272c426b2d97f4b93b3f454956 DependenciesID=8cd6dfec3e8716a371b654ecbd3e14a0 StaticDependenciesID=f1871cb0bcd41470775e8e151f6bf8e0 
Number of updated asset objects reloaded before import = 0Number of asset objects unloaded after import = 2

========================================================================
Received Import Request.
  Time since last request: 0.000030 seconds.
  path: Assets/Modern tiles_Free/Interiors_free/32x32/Interiors_free_32x32_21.asset
  importAddress: Guid(b2398094cefe91b488bf26c8dff2165e) Importer(2089858483,b0f066a214c2f5e87bad3c948f4d605d)
Start importing Assets/Modern tiles_Free/Interiors_free/32x32/Interiors_free_32x32_21.asset using Guid(b2398094cefe91b488bf26c8dff2165e) Importer(2089858483,b0f066a214c2f5e87bad3c948f4d605d) (ScriptedImporter) -> (Import Result ID: '37def7a9cf1427409effb93ebeb42b5d') in 0.0085376 seconds [static and dynamic dependencies]. Details - ImportResultOutputID=3dc5f66b543c8af769423beb586d844f DependenciesID=329ae5230ce8746967291d1556543409 StaticDependenciesID=fe630f4adfcecc29e10b1fb1637381b4 
Number of updated asset objects reloaded before import = 0Number of asset objects unloaded after import = 2

========================================================================
Received Import Request.
  Time since last request: 0.000015 seconds.
  path: Assets/Modern tiles_Free/Interiors_free/32x32/Interiors_free_32x32_1039.asset
  importAddress: Guid(16f3cde50a58c74409575870ae64d514) Importer(2089858483,b0f066a214c2f5e87bad3c948f4d605d)
Start importing Assets/Modern tiles_Free/Interiors_free/32x32/Interiors_free_32x32_1039.asset using Guid(16f3cde50a58c74409575870ae64d514) Importer(2089858483,b0f066a214c2f5e87bad3c948f4d605d) (ScriptedImporter) -> (Import Result ID: '5f8eddc07a7aedcc5dba0e6e07b2e8f2') in 0.0090534 seconds [static and dynamic dependencies]. Details - ImportResultOutputID=a682b4c52b55def13096e25498c3edc4 DependenciesID=92cde87fe09fa090172ba28c862a3838 StaticDependenciesID=0819b73248e1b0adfc570ed73754b943 
Number of updated asset objects reloaded before import = 0Number of asset objects unloaded after import = 2

========================================================================
Received Import Request.
  Time since last request: 0.000014 seconds.
  path: Assets/Modern tiles_Free/Interiors_free/32x32/Interiors_free_32x32_443.asset
  importAddress: Guid(3bcefd5c6eec6864f99f57ebb887a473) Importer(2089858483,b0f066a214c2f5e87bad3c948f4d605d)
Start importing Assets/Modern tiles_Free/Interiors_free/32x32/Interiors_free_32x32_443.asset using Guid(3bcefd5c6eec6864f99f57ebb887a473) Importer(2089858483,b0f066a214c2f5e87bad3c948f4d605d) (ScriptedImporter) -> (Import Result ID: 'bf55cd4c4e9e6b7c83f42fa41c11a3d4') in 0.0087292 seconds [static and dynamic dependencies]. Details - ImportResultOutputID=41052e3bfb23172d7828088bcd667af0 DependenciesID=bc3654593b4c7968008b9fba1bf553f3 StaticDependenciesID=3dbfcd429e772921590bb601418be86d 
Number of updated asset objects reloaded before import = 0Number of asset objects unloaded after import = 2

========================================================================
Received Import Request.
  Time since last request: 0.000017 seconds.
  path: Assets/Modern tiles_Free/Interiors_free/32x32/Interiors_free_32x32_482.asset
  importAddress: Guid(e52339a5035524e40977aa2d9309e0fd) Importer(2089858483,b0f066a214c2f5e87bad3c948f4d605d)
Start importing Assets/Modern tiles_Free/Interiors_free/32x32/Interiors_free_32x32_482.asset using Guid(e52339a5035524e40977aa2d9309e0fd) Importer(2089858483,b0f066a214c2f5e87bad3c948f4d605d) (ScriptedImporter) -> (Import Result ID: '82eb4d72ff2d9ae2167f08211f4fa0ab') in 0.0090785 seconds [static and dynamic dependencies]. Details - ImportResultOutputID=5718f04ad47435ef6a7ecd29c30e99b6 DependenciesID=e5112db9c8b47311f6cc535af37363b4 StaticDependenciesID=1f2dfdf2d4eaef3d2bf232e3e67b59ea 
Number of updated asset objects reloaded before import = 0Number of asset objects unloaded after import = 2

========================================================================
Received Import Request.
  Time since last request: 0.000013 seconds.
  path: Assets/Modern tiles_Free/Interiors_free/32x32/Interiors_free_32x32_320.asset
  importAddress: Guid(4f3c4075ec293bd488e9318d37dc7736) Importer(2089858483,b0f066a214c2f5e87bad3c948f4d605d)
Start importing Assets/Modern tiles_Free/Interiors_free/32x32/Interiors_free_32x32_320.asset using Guid(4f3c4075ec293bd488e9318d37dc7736) Importer(2089858483,b0f066a214c2f5e87bad3c948f4d605d) (ScriptedImporter) -> (Import Result ID: '7f6a00c8405f2f25befc454a3bd905ff') in 0.0085824 seconds [static and dynamic dependencies]. Details - ImportResultOutputID=b7806913bab7f6c97af2ded16c808581 DependenciesID=c8b11f1a0507e57167fb810cca11aa28 StaticDependenciesID=0ac5e96994b8a3e463f9a4462483b8f8 
Number of updated asset objects reloaded before import = 0Number of asset objects unloaded after import = 2

========================================================================
Received Import Request.
  Time since last request: 0.000018 seconds.
  path: Assets/Modern tiles_Free/Interiors_free/32x32/Interiors_free_32x32_184.asset
  importAddress: Guid(5484553faef3c88478287ece7cff7943) Importer(2089858483,b0f066a214c2f5e87bad3c948f4d605d)
Start importing Assets/Modern tiles_Free/Interiors_free/32x32/Interiors_free_32x32_184.asset using Guid(5484553faef3c88478287ece7cff7943) Importer(2089858483,b0f066a214c2f5e87bad3c948f4d605d) (ScriptedImporter) -> (Import Result ID: '89cf73d6c221168ccdcac4d745f7373d') in 0.0092182 seconds [static and dynamic dependencies]. Details - ImportResultOutputID=59e78e0ed3d206301bf3bd3e8b342c12 DependenciesID=5a68a50045d606590f571613ea5f9498 StaticDependenciesID=ee9bc3ca3614d19a2cfb14d194bab305 
Number of updated asset objects reloaded before import = 0Number of asset objects unloaded after import = 2

========================================================================
Received Import Request.
  Time since last request: 0.000018 seconds.
  path: Assets/Modern tiles_Free/Interiors_free/32x32/Interiors_free_32x32_829.asset
  importAddress: Guid(9bbbb8d5fee911049a355b8c60646e9c) Importer(2089858483,b0f066a214c2f5e87bad3c948f4d605d)
Start importing Assets/Modern tiles_Free/Interiors_free/32x32/Interiors_free_32x32_829.asset using Guid(9bbbb8d5fee911049a355b8c60646e9c) Importer(2089858483,b0f066a214c2f5e87bad3c948f4d605d) (ScriptedImporter) -> (Import Result ID: '39c2042b650495578f584e4027c9b0f7') in 0.0085894 seconds [static and dynamic dependencies]. Details - ImportResultOutputID=6cafdd3ee461c84fa8cdda58ecb18d7a DependenciesID=bcfaadb885d8916efefffa0c2907eae1 StaticDependenciesID=876fe6d37d4778a68f76d61790c2f5df 
Number of updated asset objects reloaded before import = 0Number of asset objects unloaded after import = 2

========================================================================
Received Import Request.
  Time since last request: 0.000017 seconds.
  path: Assets/Modern tiles_Free/Interiors_free/32x32/Interiors_free_32x32_172.asset
  importAddress: Guid(94e5ea2d6a8c19345ab126d6d9c3e860) Importer(2089858483,b0f066a214c2f5e87bad3c948f4d605d)
Start importing Assets/Modern tiles_Free/Interiors_free/32x32/Interiors_free_32x32_172.asset using Guid(94e5ea2d6a8c19345ab126d6d9c3e860) Importer(2089858483,b0f066a214c2f5e87bad3c948f4d605d) (ScriptedImporter) -> (Import Result ID: '835e990efb71d3894f71bacd796fdf61') in 0.0098332 seconds [static and dynamic dependencies]. Details - ImportResultOutputID=0ea6b1d3e6d565436d6b36d9febd8f76 DependenciesID=2ba679b47e29e6187c7cf885bd84d8dd StaticDependenciesID=4b97cdb14f8120d6bcb06d20fbed19a8 
Number of updated asset objects reloaded before import = 0Number of asset objects unloaded after import = 2

========================================================================
Received Import Request.
  Time since last request: 0.000016 seconds.
  path: Assets/Modern tiles_Free/Interiors_free/32x32/Interiors_free_32x32_685.asset
  importAddress: Guid(10445bac2715149429c19d3088200cf3) Importer(2089858483,b0f066a214c2f5e87bad3c948f4d605d)
Start importing Assets/Modern tiles_Free/Interiors_free/32x32/Interiors_free_32x32_685.asset using Guid(10445bac2715149429c19d3088200cf3) Importer(2089858483,b0f066a214c2f5e87bad3c948f4d605d) (ScriptedImporter) -> (Import Result ID: '645ff6e4bac0ec6f0c66202628bc1af8') in 0.0084819 seconds [static and dynamic dependencies]. Details - ImportResultOutputID=f89df7afffabbb61557d117a23e901f1 DependenciesID=6643c30a2da9b47b1a1d69c90b747644 StaticDependenciesID=7fafd2f2bd40aa7d93b1a2c7ff101d53 
Number of updated asset objects reloaded before import = 0Number of asset objects unloaded after import = 2

========================================================================
Received Import Request.
  Time since last request: 0.000026 seconds.
  path: Assets/Modern tiles_Free/Interiors_free/32x32/Interiors_free_32x32_140.asset
  importAddress: Guid(202517bfb2a1f254eb9387c5e5b27f9b) Importer(2089858483,b0f066a214c2f5e87bad3c948f4d605d)
Start importing Assets/Modern tiles_Free/Interiors_free/32x32/Interiors_free_32x32_140.asset using Guid(202517bfb2a1f254eb9387c5e5b27f9b) Importer(2089858483,b0f066a214c2f5e87bad3c948f4d605d) (ScriptedImporter) -> (Import Result ID: '8d874a82a9d9819549202a099e2931e0') in 0.0090089 seconds [static and dynamic dependencies]. Details - ImportResultOutputID=9468d3b145c9c074d6c9b2fd27c34533 DependenciesID=c28dc505535e187189124ddf80016ba5 StaticDependenciesID=50971f11f138d52e183b71c2421ecc46 
Number of updated asset objects reloaded before import = 0Number of asset objects unloaded after import = 2

========================================================================
Received Import Request.
  Time since last request: 0.000017 seconds.
  path: Assets/Modern tiles_Free/Interiors_free/32x32/Interiors_free_32x32_531.asset
  importAddress: Guid(a0c990958ed917d4fb0993da07fee146) Importer(2089858483,b0f066a214c2f5e87bad3c948f4d605d)
Start importing Assets/Modern tiles_Free/Interiors_free/32x32/Interiors_free_32x32_531.asset using Guid(a0c990958ed917d4fb0993da07fee146) Importer(2089858483,b0f066a214c2f5e87bad3c948f4d605d) (ScriptedImporter) -> (Import Result ID: '1f928eada4d31d719720e0187a596d7a') in 0.0087146 seconds [static and dynamic dependencies]. Details - ImportResultOutputID=dd718872cd7ca741c5e1d1ab4eb17a04 DependenciesID=b8527f96996e176afd516265a457710b StaticDependenciesID=cd4a464766cdcbe73eb00ae7159bc5c1 
Number of updated asset objects reloaded before import = 0Number of asset objects unloaded after import = 2

========================================================================
Received Import Request.
  Time since last request: 0.000013 seconds.
  path: Assets/Modern tiles_Free/Interiors_free/32x32/Interiors_free_32x32_316.asset
  importAddress: Guid(141d297332f46d844a6b10f724ffcf28) Importer(2089858483,b0f066a214c2f5e87bad3c948f4d605d)
Start importing Assets/Modern tiles_Free/Interiors_free/32x32/Interiors_free_32x32_316.asset using Guid(141d297332f46d844a6b10f724ffcf28) Importer(2089858483,b0f066a214c2f5e87bad3c948f4d605d) (ScriptedImporter) -> (Import Result ID: 'e50166cbc0140ddd8bcfd8750a91de06') in 0.0090958 seconds [static and dynamic dependencies]. Details - ImportResultOutputID=c3b8bebbdbc7fd52a6b0da2b29c26f59 DependenciesID=b931f4ed3d18d26f0ef8507f83061c38 StaticDependenciesID=e66e1413d3fded01846699b3551cb7ab 
Number of updated asset objects reloaded before import = 0Number of asset objects unloaded after import = 2

========================================================================
Received Import Request.
  Time since last request: 0.000016 seconds.
  path: Assets/Modern tiles_Free/Interiors_free/32x32/Interiors_free_32x32_1115.asset
  importAddress: Guid(0e6b63d5ab699df40a2c61e61e6978b3) Importer(2089858483,b0f066a214c2f5e87bad3c948f4d605d)
Start importing Assets/Modern tiles_Free/Interiors_free/32x32/Interiors_free_32x32_1115.asset using Guid(0e6b63d5ab699df40a2c61e61e6978b3) Importer(2089858483,b0f066a214c2f5e87bad3c948f4d605d) (ScriptedImporter) -> (Import Result ID: '75edd96fa6ac5643fa19087c25a9d782') in 0.0081438 seconds [static and dynamic dependencies]. Details - ImportResultOutputID=22a5ffce2efa3caa89d9fcd7bcac9129 DependenciesID=55ce8114930272109271a68fdc26fe3a StaticDependenciesID=b4370a2bf5955baffb3688b3f40566de 
Number of updated asset objects reloaded before import = 0Number of asset objects unloaded after import = 2

========================================================================
Received Import Request.
  Time since last request: 0.000013 seconds.
  path: Assets/Modern tiles_Free/Interiors_free/32x32/Interiors_free_32x32_672.asset
  importAddress: Guid(4a41481fd8d67e24ebdf764eaaf81cd8) Importer(2089858483,b0f066a214c2f5e87bad3c948f4d605d)
Start importing Assets/Modern tiles_Free/Interiors_free/32x32/Interiors_free_32x32_672.asset using Guid(4a41481fd8d67e24ebdf764eaaf81cd8) Importer(2089858483,b0f066a214c2f5e87bad3c948f4d605d) (ScriptedImporter) -> (Import Result ID: '83258f710ce8c89a80e682cc2e80bf4b') in 0.0087333 seconds [static and dynamic dependencies]. Details - ImportResultOutputID=daede51fc55359a91024a365291e93dd DependenciesID=b64fc43b151a69fe4769e47320fb6790 StaticDependenciesID=159cd98b26c62bcb87ea629b973649e1 
Number of updated asset objects reloaded before import = 0Number of asset objects unloaded after import = 2

========================================================================
Received Import Request.
  Time since last request: 0.000016 seconds.
  path: Assets/Modern tiles_Free/Interiors_free/32x32/Interiors_free_32x32_1096.asset
  importAddress: Guid(e464f1c9e3ecf964a93cae11fd6372c0) Importer(2089858483,b0f066a214c2f5e87bad3c948f4d605d)
Start importing Assets/Modern tiles_Free/Interiors_free/32x32/Interiors_free_32x32_1096.asset using Guid(e464f1c9e3ecf964a93cae11fd6372c0) Importer(2089858483,b0f066a214c2f5e87bad3c948f4d605d) (ScriptedImporter) -> (Import Result ID: '5a51b3dd1be2f073788ef61aaf92b2b8') in 0.0087883 seconds [static and dynamic dependencies]. Details - ImportResultOutputID=2eb98bcf180d9ab6a14404de226bd421 DependenciesID=14680457c65ab495987df173873e8f75 StaticDependenciesID=dd702c121f7499002f89f92890721c4d 
Number of updated asset objects reloaded before import = 0Number of asset objects unloaded after import = 2

========================================================================
Received Import Request.
  Time since last request: 0.000016 seconds.
  path: Assets/Modern tiles_Free/Interiors_free/32x32/Interiors_free_32x32_519.asset
  importAddress: Guid(bf815aa881a6165428eb1a2c26f610be) Importer(2089858483,b0f066a214c2f5e87bad3c948f4d605d)
Start importing Assets/Modern tiles_Free/Interiors_free/32x32/Interiors_free_32x32_519.asset using Guid(bf815aa881a6165428eb1a2c26f610be) Importer(2089858483,b0f066a214c2f5e87bad3c948f4d605d) (ScriptedImporter) -> (Import Result ID: 'aa52d9e5362237c0454a34396fa4dbb0') in 0.0085395 seconds [static and dynamic dependencies]. Details - ImportResultOutputID=d226a8eba687f7f671cdc606d82b2390 DependenciesID=24a4879da8e7a36fb39bd43c617d6c71 StaticDependenciesID=db92e3725a103ad5f6a885c1ef42eead 
Number of updated asset objects reloaded before import = 0Number of asset objects unloaded after import = 2

========================================================================
Received Import Request.
  Time since last request: 0.000018 seconds.
  path: Assets/Modern tiles_Free/Interiors_free/32x32/Interiors_free_32x32_1227.asset
  importAddress: Guid(7c27e28f515d34743be12ca61b917f6b) Importer(2089858483,b0f066a214c2f5e87bad3c948f4d605d)
Start importing Assets/Modern tiles_Free/Interiors_free/32x32/Interiors_free_32x32_1227.asset using Guid(7c27e28f515d34743be12ca61b917f6b) Importer(2089858483,b0f066a214c2f5e87bad3c948f4d605d) (ScriptedImporter) -> (Import Result ID: '8a54650c6e3ad6c905f478f2960f65f9') in 0.0089304 seconds [static and dynamic dependencies]. Details - ImportResultOutputID=4c6b85762490db2006d09a49868ca809 DependenciesID=970ecf64ab1d33782dd82867ee897648 StaticDependenciesID=048145af6d416882aa5844e7baae9ff8 
Number of updated asset objects reloaded before import = 0Number of asset objects unloaded after import = 2

========================================================================
Received Import Request.
  Time since last request: 0.000015 seconds.
  path: Assets/Modern tiles_Free/Interiors_free/32x32/Interiors_free_32x32_1078.asset
  importAddress: Guid(c59e6d58073ae2941867e8d290fe99cb) Importer(2089858483,b0f066a214c2f5e87bad3c948f4d605d)
Start importing Assets/Modern tiles_Free/Interiors_free/32x32/Interiors_free_32x32_1078.asset using Guid(c59e6d58073ae2941867e8d290fe99cb) Importer(2089858483,b0f066a214c2f5e87bad3c948f4d605d) (ScriptedImporter) -> (Import Result ID: 'a5f8fae83a6cf1bf9cd69af1f5becd69') in 0.0089688 seconds [static and dynamic dependencies]. Details - ImportResultOutputID=3828db4457dd172f740aed35fc51c860 DependenciesID=6c4e0a181e5173139da4e58f84258474 StaticDependenciesID=23adb0e1bdb3df75f66b1a5fc68bca30 
Number of updated asset objects reloaded before import = 0Number of asset objects unloaded after import = 2

========================================================================
Received Import Request.
  Time since last request: 0.000018 seconds.
  path: Assets/Modern tiles_Free/Interiors_free/32x32/Interiors_free_32x32_906.asset
  importAddress: Guid(8575aa6af86151f41bab496462309d05) Importer(2089858483,b0f066a214c2f5e87bad3c948f4d605d)
Start importing Assets/Modern tiles_Free/Interiors_free/32x32/Interiors_free_32x32_906.asset using Guid(8575aa6af86151f41bab496462309d05) Importer(2089858483,b0f066a214c2f5e87bad3c948f4d605d) (ScriptedImporter) -> (Import Result ID: 'c64761fb12423f3f1cace4a8b8f3c14a') in 0.0086871 seconds [static and dynamic dependencies]. Details - ImportResultOutputID=223eb4291d815b5f287572ffc1fa939a DependenciesID=b7f1210abd86625688f414d22206e1ea StaticDependenciesID=a9c6e618b372114e680c424dd4e896de 
Number of updated asset objects reloaded before import = 0Number of asset objects unloaded after import = 2

========================================================================
Received Import Request.
  Time since last request: 0.000013 seconds.
  path: Assets/Modern tiles_Free/Interiors_free/32x32/Interiors_free_32x32_587.asset
  importAddress: Guid(758a2f1a5cdc51f42942cd829aa51e47) Importer(2089858483,b0f066a214c2f5e87bad3c948f4d605d)
Start importing Assets/Modern tiles_Free/Interiors_free/32x32/Interiors_free_32x32_587.asset using Guid(758a2f1a5cdc51f42942cd829aa51e47) Importer(2089858483,b0f066a214c2f5e87bad3c948f4d605d) (ScriptedImporter) -> (Import Result ID: '16d98abda62a4c94f6351cbed74cb368') in 0.0086717 seconds [static and dynamic dependencies]. Details - ImportResultOutputID=49083bd43b759fa9e17e0529189e14e3 DependenciesID=cdc41f74b95426a32a39cdfa7f73e082 StaticDependenciesID=0690acb58b6786c31ffb9b604d1bd231 
Number of updated asset objects reloaded before import = 0Number of asset objects unloaded after import = 2

========================================================================
Received Import Request.
  Time since last request: 0.000018 seconds.
  path: Assets/Modern tiles_Free/Interiors_free/32x32/Interiors_free_32x32_849.asset
  importAddress: Guid(031bcbcbf6ba75a458627de0be0ea253) Importer(2089858483,b0f066a214c2f5e87bad3c948f4d605d)
Start importing Assets/Modern tiles_Free/Interiors_free/32x32/Interiors_free_32x32_849.asset using Guid(031bcbcbf6ba75a458627de0be0ea253) Importer(2089858483,b0f066a214c2f5e87bad3c948f4d605d) (ScriptedImporter) -> (Import Result ID: 'b7b542c71bbb72cd80ed38daad818139') in 0.0089677 seconds [static and dynamic dependencies]. Details - ImportResultOutputID=8044ca44736afdcf935dd1c8db446f09 DependenciesID=91c4a37882232c8fa47fb75b385c4a8a StaticDependenciesID=cb3c0d8af1cd860f3c1ee2377eb88efe 
Number of updated asset objects reloaded before import = 0Number of asset objects unloaded after import = 2

========================================================================
Received Import Request.
  Time since last request: 0.000013 seconds.
  path: Assets/Modern tiles_Free/Interiors_free/32x32/Interiors_free_32x32_504.asset
  importAddress: Guid(6b001169ad224e84ca25263f1373a231) Importer(2089858483,b0f066a214c2f5e87bad3c948f4d605d)
Start importing Assets/Modern tiles_Free/Interiors_free/32x32/Interiors_free_32x32_504.asset using Guid(6b001169ad224e84ca25263f1373a231) Importer(2089858483,b0f066a214c2f5e87bad3c948f4d605d) (ScriptedImporter) -> (Import Result ID: '8c1858d350d7c94c64d8c411196107f5') in 0.0084845 seconds [static and dynamic dependencies]. Details - ImportResultOutputID=a077e8d8ae24013c5116bb716fe774d5 DependenciesID=c3d245084149477ea10bc40cb7d0b2b5 StaticDependenciesID=11e93439f3f3b4d8c6ca0e81d829a3b0 
Number of updated asset objects reloaded before import = 0Number of asset objects unloaded after import = 2

========================================================================
Received Import Request.
  Time since last request: 0.000020 seconds.
  path: Assets/Modern tiles_Free/Interiors_free/32x32/Interiors_free_32x32_968.asset
  importAddress: Guid(378c983dcdebfda4382fff7ba28311e2) Importer(2089858483,b0f066a214c2f5e87bad3c948f4d605d)
Start importing Assets/Modern tiles_Free/Interiors_free/32x32/Interiors_free_32x32_968.asset using Guid(378c983dcdebfda4382fff7ba28311e2) Importer(2089858483,b0f066a214c2f5e87bad3c948f4d605d) (ScriptedImporter) -> (Import Result ID: '8f8317001344f1f4cb5a9318f9a01b26') in 0.00963 seconds [static and dynamic dependencies]. Details - ImportResultOutputID=8dee9a69583ad1478ee2029b3885a8d9 DependenciesID=3faa49c1744cbf30557b620f2d1cf103 StaticDependenciesID=20bead9127ab29883715b4d2cb98aff3 
Number of updated asset objects reloaded before import = 0Number of asset objects unloaded after import = 2

========================================================================
Received Import Request.
  Time since last request: 0.000022 seconds.
  path: Assets/Modern tiles_Free/Interiors_free/32x32/Interiors_free_32x32_1164.asset
  importAddress: Guid(9411ecda942e7464f85b95a98b08d016) Importer(2089858483,b0f066a214c2f5e87bad3c948f4d605d)
Start importing Assets/Modern tiles_Free/Interiors_free/32x32/Interiors_free_32x32_1164.asset using Guid(9411ecda942e7464f85b95a98b08d016) Importer(2089858483,b0f066a214c2f5e87bad3c948f4d605d) (ScriptedImporter) -> (Import Result ID: '295013db6b00d5053c6c6bd8d499eb04') in 0.0085111 seconds [static and dynamic dependencies]. Details - ImportResultOutputID=29c59d9e6e25697f0f1ae6c98c7fe28c DependenciesID=fbb3afc937fd1a3d6e201df47ab71a78 StaticDependenciesID=5e183c26dd9d1bb1de5dcfaa8a263d27 
Number of updated asset objects reloaded before import = 0Number of asset objects unloaded after import = 2

========================================================================
Received Import Request.
  Time since last request: 0.000023 seconds.
  path: Assets/Modern tiles_Free/Interiors_free/32x32/Interiors_free_32x32_550.asset
  importAddress: Guid(51d7c1554b9b03f428e1ee90828b08dc) Importer(2089858483,b0f066a214c2f5e87bad3c948f4d605d)
Start importing Assets/Modern tiles_Free/Interiors_free/32x32/Interiors_free_32x32_550.asset using Guid(51d7c1554b9b03f428e1ee90828b08dc) Importer(2089858483,b0f066a214c2f5e87bad3c948f4d605d) (ScriptedImporter) -> (Import Result ID: 'f7967b0d8b6a3a2fa9b92bad9267dca0') in 0.0093311 seconds [static and dynamic dependencies]. Details - ImportResultOutputID=f56709c9c5625e43064d70d836b32c4b DependenciesID=03c3a660e2e6dd2ce7a43d01e28a089b StaticDependenciesID=47987f92452f4a480b7f15c6067373ad 
Number of updated asset objects reloaded before import = 0Number of asset objects unloaded after import = 2

========================================================================
Received Import Request.
  Time since last request: 0.000015 seconds.
  path: Assets/Modern tiles_Free/Interiors_free/32x32/Interiors_free_32x32_780.asset
  importAddress: Guid(9135447069e65254fb18058e187ecca4) Importer(2089858483,b0f066a214c2f5e87bad3c948f4d605d)
Start importing Assets/Modern tiles_Free/Interiors_free/32x32/Interiors_free_32x32_780.asset using Guid(9135447069e65254fb18058e187ecca4) Importer(2089858483,b0f066a214c2f5e87bad3c948f4d605d) (ScriptedImporter) -> (Import Result ID: 'ffb542d84575ad2f07ab8950be02e26f') in 0.0081544 seconds [static and dynamic dependencies]. Details - ImportResultOutputID=11c68246871ceeef5480ea9267271997 DependenciesID=b4988576c6a422fa167745b4404191b6 StaticDependenciesID=e8ad46875fdde3f2b75c87d93b349e05 
Number of updated asset objects reloaded before import = 0Number of asset objects unloaded after import = 2

========================================================================
Received Import Request.
  Time since last request: 0.000014 seconds.
  path: Assets/Modern tiles_Free/Interiors_free/32x32/Interiors_free_32x32_1.asset
  importAddress: Guid(718b71b9631ebeb4cbe0b6e185a467a0) Importer(2089858483,b0f066a214c2f5e87bad3c948f4d605d)
Start importing Assets/Modern tiles_Free/Interiors_free/32x32/Interiors_free_32x32_1.asset using Guid(718b71b9631ebeb4cbe0b6e185a467a0) Importer(2089858483,b0f066a214c2f5e87bad3c948f4d605d) (ScriptedImporter) -> (Import Result ID: '67473f7557051e00248b2bd962ee29f6') in 0.0093088 seconds [static and dynamic dependencies]. Details - ImportResultOutputID=397601f6ff9b708f6d344a153c790972 DependenciesID=bacf68c8b182fca5252e4016e4fe48b8 StaticDependenciesID=b68edafd05e96728fb2a3c826f6818e3 
Number of updated asset objects reloaded before import = 0Number of asset objects unloaded after import = 2

========================================================================
Received Import Request.
  Time since last request: 0.000016 seconds.
  path: Assets/Modern tiles_Free/Interiors_free/32x32/Interiors_free_32x32_1003.asset
  importAddress: Guid(197829d087751f541988e4c1ed7c4508) Importer(2089858483,b0f066a214c2f5e87bad3c948f4d605d)
Start importing Assets/Modern tiles_Free/Interiors_free/32x32/Interiors_free_32x32_1003.asset using Guid(197829d087751f541988e4c1ed7c4508) Importer(2089858483,b0f066a214c2f5e87bad3c948f4d605d) (ScriptedImporter) -> (Import Result ID: '91dc9b4693018c5dae49e1aa94a1eaf1') in 0.0084775 seconds [static and dynamic dependencies]. Details - ImportResultOutputID=38f688574d2175e6fd85c303ebeeb6f0 DependenciesID=6b37a151311b968cec6b4052c71f123f StaticDependenciesID=d2cc5ca408975d404482e418b011e9f6 
Number of updated asset objects reloaded before import = 0Number of asset objects unloaded after import = 2

========================================================================
Received Import Request.
  Time since last request: 0.000016 seconds.
  path: Assets/Modern tiles_Free/Interiors_free/32x32/Interiors_free_32x32_597.asset
  importAddress: Guid(e0b605969fc815c448294ae26e180887) Importer(2089858483,b0f066a214c2f5e87bad3c948f4d605d)
Start importing Assets/Modern tiles_Free/Interiors_free/32x32/Interiors_free_32x32_597.asset using Guid(e0b605969fc815c448294ae26e180887) Importer(2089858483,b0f066a214c2f5e87bad3c948f4d605d) (ScriptedImporter) -> (Import Result ID: '5908c56da07aca5fd2139390ade7e960') in 0.0097592 seconds [static and dynamic dependencies]. Details - ImportResultOutputID=168e7b8aef556f08d9d3da0da6f63aff DependenciesID=d926126382d484f68c1c685994264cc5 StaticDependenciesID=01777190a945029ced1c8041914075dd 
Number of updated asset objects reloaded before import = 0Number of asset objects unloaded after import = 2

========================================================================
Received Import Request.
  Time since last request: 0.000018 seconds.
  path: Assets/Modern tiles_Free/Interiors_free/32x32/Interiors_free_32x32_1189.asset
  importAddress: Guid(f2bc6f0d844037e48b8de6638ee94e96) Importer(2089858483,b0f066a214c2f5e87bad3c948f4d605d)
Start importing Assets/Modern tiles_Free/Interiors_free/32x32/Interiors_free_32x32_1189.asset using Guid(f2bc6f0d844037e48b8de6638ee94e96) Importer(2089858483,b0f066a214c2f5e87bad3c948f4d605d) (ScriptedImporter) -> (Import Result ID: '067d06a720068f7acd07bccfad85ced7') in 0.0082212 seconds [static and dynamic dependencies]. Details - ImportResultOutputID=e4b03bfa922aab12797c0a39473e6a2f DependenciesID=70fac53bba23380f095cb6c7104ba091 StaticDependenciesID=4ea5fe53442fe85c9d55677984545079 
Number of updated asset objects reloaded before import = 0Number of asset objects unloaded after import = 2

========================================================================
Received Import Request.
  Time since last request: 0.000021 seconds.
  path: Assets/Modern tiles_Free/Interiors_free/32x32/Interiors_free_32x32_387.asset
  importAddress: Guid(cd30530a5b09ceb4d94450d2e3959cda) Importer(2089858483,b0f066a214c2f5e87bad3c948f4d605d)
Start importing Assets/Modern tiles_Free/Interiors_free/32x32/Interiors_free_32x32_387.asset using Guid(cd30530a5b09ceb4d94450d2e3959cda) Importer(2089858483,b0f066a214c2f5e87bad3c948f4d605d) (ScriptedImporter) -> (Import Result ID: '2f94c2cf793a2aeb3f55e263f1b5d3a1') in 0.0093457 seconds [static and dynamic dependencies]. Details - ImportResultOutputID=92492b4a23b445fb94d68b3f8bceb746 DependenciesID=0a0690e6bb8bcc4d4a0e5b02231789d9 StaticDependenciesID=892fe6d02c9a265fd204e75f89d8d375 
Number of updated asset objects reloaded before import = 0Number of asset objects unloaded after import = 2

========================================================================
Received Import Request.
  Time since last request: 0.000016 seconds.
  path: Assets/Modern tiles_Free/Interiors_free/32x32/Interiors_free_32x32_307.asset
  importAddress: Guid(15b4429ddcee8ca4cabbf68add2b1b9f) Importer(2089858483,b0f066a214c2f5e87bad3c948f4d605d)
Start importing Assets/Modern tiles_Free/Interiors_free/32x32/Interiors_free_32x32_307.asset using Guid(15b4429ddcee8ca4cabbf68add2b1b9f) Importer(2089858483,b0f066a214c2f5e87bad3c948f4d605d) (ScriptedImporter) -> (Import Result ID: '5918a2621769a9735e5ec0779c5575a5') in 0.0086688 seconds [static and dynamic dependencies]. Details - ImportResultOutputID=c22cfeba7f0b7565b6d217f4375efc5d DependenciesID=db82b71dfd649ad320bc48bf283e6de9 StaticDependenciesID=306ef43f7e965d93592210072fa63eb0 
Number of updated asset objects reloaded before import = 0Number of asset objects unloaded after import = 2

========================================================================
Received Import Request.
  Time since last request: 0.000021 seconds.
  path: Assets/Modern tiles_Free/Interiors_free/32x32/Interiors_free_32x32_69.asset
  importAddress: Guid(86e16528c392fd645887e877efec2627) Importer(2089858483,b0f066a214c2f5e87bad3c948f4d605d)
Start importing Assets/Modern tiles_Free/Interiors_free/32x32/Interiors_free_32x32_69.asset using Guid(86e16528c392fd645887e877efec2627) Importer(2089858483,b0f066a214c2f5e87bad3c948f4d605d) (ScriptedImporter) -> (Import Result ID: '6f0cb8c134870e7dca721b73c3f3dcd3') in 0.0087332 seconds [static and dynamic dependencies]. Details - ImportResultOutputID=c2c899dfa206ccfed7a9fa1aace12903 DependenciesID=7dde27c218ecf2197419bab409873a3d StaticDependenciesID=7f9f51e602c025eaf017030250842c05 
Number of updated asset objects reloaded before import = 0Number of asset objects unloaded after import = 2

========================================================================
Received Import Request.
  Time since last request: 0.000025 seconds.
  path: Assets/Modern tiles_Free/Interiors_free/32x32/Interiors_free_32x32_1004.asset
  importAddress: Guid(556ce79bcb1cccc40a22196417383a86) Importer(2089858483,b0f066a214c2f5e87bad3c948f4d605d)
Start importing Assets/Modern tiles_Free/Interiors_free/32x32/Interiors_free_32x32_1004.asset using Guid(556ce79bcb1cccc40a22196417383a86) Importer(2089858483,b0f066a214c2f5e87bad3c948f4d605d) (ScriptedImporter) -> (Import Result ID: 'f6fda59d61d0eaeb3fce073afe9ff932') in 0.0087994 seconds [static and dynamic dependencies]. Details - ImportResultOutputID=25ea4fb276a20eb4540eaa588965fdb6 DependenciesID=f524c21387964b81f58cd54b4f742a3a StaticDependenciesID=fc6494587f09f048578c760eeb051463 
Number of updated asset objects reloaded before import = 0Number of asset objects unloaded after import = 2

========================================================================
Received Import Request.
  Time since last request: 0.000015 seconds.
  path: Assets/Modern tiles_Free/Interiors_free/32x32/Interiors_free_32x32_933.asset
  importAddress: Guid(a6a6700edc368384d9818d7a9c428514) Importer(2089858483,b0f066a214c2f5e87bad3c948f4d605d)
Start importing Assets/Modern tiles_Free/Interiors_free/32x32/Interiors_free_32x32_933.asset using Guid(a6a6700edc368384d9818d7a9c428514) Importer(2089858483,b0f066a214c2f5e87bad3c948f4d605d) (ScriptedImporter) -> (Import Result ID: '123b4cc10e88c29c9775ce21bc364d6e') in 0.0091949 seconds [static and dynamic dependencies]. Details - ImportResultOutputID=aaf8421c5b6957d6417648d8ab2f42d3 DependenciesID=75d6e3b528af283bc8d552aad6647b04 StaticDependenciesID=b0a5d3857004437fe6bd45d43f7005bf 
Number of updated asset objects reloaded before import = 0Number of asset objects unloaded after import = 2

========================================================================
Received Import Request.
  Time since last request: 0.000017 seconds.
  path: Assets/Modern tiles_Free/Interiors_free/32x32/Interiors_free_32x32_123.asset
  importAddress: Guid(83577ada95e4da544a5ab17dff6c1b42) Importer(2089858483,b0f066a214c2f5e87bad3c948f4d605d)
Start importing Assets/Modern tiles_Free/Interiors_free/32x32/Interiors_free_32x32_123.asset using Guid(83577ada95e4da544a5ab17dff6c1b42) Importer(2089858483,b0f066a214c2f5e87bad3c948f4d605d) (ScriptedImporter) -> (Import Result ID: 'ac1de09b543ceb4a3b9c9cb033621574') in 0.0082622 seconds [static and dynamic dependencies]. Details - ImportResultOutputID=1ee89e5ea2235bba3aa41f50b6850b44 DependenciesID=84bba2b0ef89c8b89642b731f3e56cf6 StaticDependenciesID=fe28446becdda700d94cc00daeb112cc 
Number of updated asset objects reloaded before import = 0Number of asset objects unloaded after import = 2

========================================================================
Received Import Request.
  Time since last request: 0.000017 seconds.
  path: Assets/Modern tiles_Free/Interiors_free/32x32/Interiors_free_32x32_788.asset
  importAddress: Guid(ab1505013497dde44b74f008d651aab2) Importer(2089858483,b0f066a214c2f5e87bad3c948f4d605d)
Start importing Assets/Modern tiles_Free/Interiors_free/32x32/Interiors_free_32x32_788.asset using Guid(ab1505013497dde44b74f008d651aab2) Importer(2089858483,b0f066a214c2f5e87bad3c948f4d605d) (ScriptedImporter) -> (Import Result ID: '063dd68dc09726d403384e62fa9c353a') in 0.0094507 seconds [static and dynamic dependencies]. Details - ImportResultOutputID=9a8ad91e5135c20696b6c213e394a0cd DependenciesID=28081434b19bf6decb6a327123ee4f7a StaticDependenciesID=f71cfa092ac1d680655ab132b6ce472d 
Number of updated asset objects reloaded before import = 0Number of asset objects unloaded after import = 2

========================================================================
Received Import Request.
  Time since last request: 0.000015 seconds.
  path: Assets/Modern tiles_Free/Interiors_free/32x32/Interiors_free_32x32_179.asset
  importAddress: Guid(5ce7c48a7062df444a445d6acfbda1fe) Importer(2089858483,b0f066a214c2f5e87bad3c948f4d605d)
Start importing Assets/Modern tiles_Free/Interiors_free/32x32/Interiors_free_32x32_179.asset using Guid(5ce7c48a7062df444a445d6acfbda1fe) Importer(2089858483,b0f066a214c2f5e87bad3c948f4d605d) (ScriptedImporter) -> (Import Result ID: '7e0aa0db87e44ee30cc369304c72b219') in 0.0087081 seconds [static and dynamic dependencies]. Details - ImportResultOutputID=c2ee7e8ecda84013ed5a328094c040cc DependenciesID=814a87fa6fc66298bbaa7e6d6175f667 StaticDependenciesID=c8feb28694b0e3d81fec57b52d7a6f5d 
Number of updated asset objects reloaded before import = 0Number of asset objects unloaded after import = 2

========================================================================
Received Import Request.
  Time since last request: 0.000014 seconds.
  path: Assets/Modern tiles_Free/Interiors_free/32x32/Interiors_free_32x32_996.asset
  importAddress: Guid(8e51aa29306e768479186d39382e7eed) Importer(2089858483,b0f066a214c2f5e87bad3c948f4d605d)
Start importing Assets/Modern tiles_Free/Interiors_free/32x32/Interiors_free_32x32_996.asset using Guid(8e51aa29306e768479186d39382e7eed) Importer(2089858483,b0f066a214c2f5e87bad3c948f4d605d) (ScriptedImporter) -> (Import Result ID: '5d57f838743b18cc66e6beaf80bb4f57') in 0.008447 seconds [static and dynamic dependencies]. Details - ImportResultOutputID=4e1a9c1a7e43fd391af2c5c325f2b230 DependenciesID=77496aa5a156c19b8927f029cc64f834 StaticDependenciesID=da5116393123e3e9fcba24f05877e457 
Number of updated asset objects reloaded before import = 0Number of asset objects unloaded after import = 2

========================================================================
Received Import Request.
  Time since last request: 0.000014 seconds.
  path: Assets/Modern tiles_Free/Interiors_free/32x32/Interiors_free_32x32_777.asset
  importAddress: Guid(b168847a24ba23141957c7c4d4592b51) Importer(2089858483,b0f066a214c2f5e87bad3c948f4d605d)
Start importing Assets/Modern tiles_Free/Interiors_free/32x32/Interiors_free_32x32_777.asset using Guid(b168847a24ba23141957c7c4d4592b51) Importer(2089858483,b0f066a214c2f5e87bad3c948f4d605d) (ScriptedImporter) -> (Import Result ID: '83c93e9d66eceeb8ade57c31d982bcde') in 0.0088195 seconds [static and dynamic dependencies]. Details - ImportResultOutputID=32d5fcefd7dc4800dd28bc30866c459d DependenciesID=cec439df3d2996d788f9580220be8680 StaticDependenciesID=9fb05f16d62b95506f8b6e848d0ff188 
Number of updated asset objects reloaded before import = 0Number of asset objects unloaded after import = 2

========================================================================
Received Import Request.
  Time since last request: 0.000019 seconds.
  path: Assets/Modern tiles_Free/Interiors_free/32x32/Interiors_free_32x32_373.asset
  importAddress: Guid(f8f1653a7a32cbd41852687a27b50899) Importer(2089858483,b0f066a214c2f5e87bad3c948f4d605d)
Start importing Assets/Modern tiles_Free/Interiors_free/32x32/Interiors_free_32x32_373.asset using Guid(f8f1653a7a32cbd41852687a27b50899) Importer(2089858483,b0f066a214c2f5e87bad3c948f4d605d) (ScriptedImporter) -> (Import Result ID: '497189759f22af54fa4095f3977bda6b') in 0.0095191 seconds [static and dynamic dependencies]. Details - ImportResultOutputID=c08cd3db1d15919570593bc43fc4562c DependenciesID=c1fa3db341edf10a7022e9f43929a827 StaticDependenciesID=711d1f7d3b5fc1505c1290480c5eb7c0 
Number of updated asset objects reloaded before import = 0Number of asset objects unloaded after import = 2

========================================================================
Received Import Request.
  Time since last request: 0.000012 seconds.
  path: Assets/Modern tiles_Free/Interiors_free/32x32/Interiors_free_32x32_842.asset
  importAddress: Guid(f0ae65fc0c952a3469620e7ff44d5c20) Importer(2089858483,b0f066a214c2f5e87bad3c948f4d605d)
Start importing Assets/Modern tiles_Free/Interiors_free/32x32/Interiors_free_32x32_842.asset using Guid(f0ae65fc0c952a3469620e7ff44d5c20) Importer(2089858483,b0f066a214c2f5e87bad3c948f4d605d) (ScriptedImporter) -> (Import Result ID: '1aadf43a1b03ea021787c2c77181d843') in 0.009577 seconds [static and dynamic dependencies]. Details - ImportResultOutputID=87afe0d320e7698e614d27ec3b5b6312 DependenciesID=c091a9dffa90db283b2ac3ccd1bebfac StaticDependenciesID=63bed74a8214570b5e5bdc8f59ca345e 
Number of updated asset objects reloaded before import = 0Number of asset objects unloaded after import = 2

========================================================================
Received Import Request.
  Time since last request: 0.000014 seconds.
  path: Assets/Modern tiles_Free/Interiors_free/32x32/Interiors_free_32x32_358.asset
  importAddress: Guid(722f4948701c6ce4995f2d6414441f39) Importer(2089858483,b0f066a214c2f5e87bad3c948f4d605d)
Start importing Assets/Modern tiles_Free/Interiors_free/32x32/Interiors_free_32x32_358.asset using Guid(722f4948701c6ce4995f2d6414441f39) Importer(2089858483,b0f066a214c2f5e87bad3c948f4d605d) (ScriptedImporter) -> (Import Result ID: 'ac574dd7dc8967f68c9bb0fe27bdaf68') in 0.0090228 seconds [static and dynamic dependencies]. Details - ImportResultOutputID=90f7ab1e2a130b96bbdd55f473d750b7 DependenciesID=f0c1b1bc3e77e79d0de0077120bbdacc StaticDependenciesID=9d7bd2ea68e64f9a3ef1dad52a9bf17d 
Number of updated asset objects reloaded before import = 0Number of asset objects unloaded after import = 2

========================================================================
Received Import Request.
  Time since last request: 0.000016 seconds.
  path: Assets/Modern tiles_Free/Interiors_free/32x32/Interiors_free_32x32_1027.asset
  importAddress: Guid(8dba21ac10af53944844ff1e52b848d3) Importer(2089858483,b0f066a214c2f5e87bad3c948f4d605d)
Start importing Assets/Modern tiles_Free/Interiors_free/32x32/Interiors_free_32x32_1027.asset using Guid(8dba21ac10af53944844ff1e52b848d3) Importer(2089858483,b0f066a214c2f5e87bad3c948f4d605d) (ScriptedImporter) -> (Import Result ID: 'b4a695139930fc518ad365b9ff5a1cda') in 0.0137677 seconds [static and dynamic dependencies]. Details - ImportResultOutputID=8d51e0569a488c22b078670e5fc3bf31 DependenciesID=b215294201b12e60b9bbb5e23e39f650 StaticDependenciesID=80f944029e6ce7270c729917c206b608 
Number of updated asset objects reloaded before import = 0Number of asset objects unloaded after import = 2

========================================================================
Received Import Request.
  Time since last request: 0.000022 seconds.
  path: Assets/Modern tiles_Free/Interiors_free/32x32/Interiors_free_32x32_101.asset
  importAddress: Guid(350ab732ea47c3f40af5c4732fd77d2f) Importer(2089858483,b0f066a214c2f5e87bad3c948f4d605d)
Start importing Assets/Modern tiles_Free/Interiors_free/32x32/Interiors_free_32x32_101.asset using Guid(350ab732ea47c3f40af5c4732fd77d2f) Importer(2089858483,b0f066a214c2f5e87bad3c948f4d605d) (ScriptedImporter) -> (Import Result ID: '3e8a1a128425fa886423c2fe67439807') in 0.0092845 seconds [static and dynamic dependencies]. Details - ImportResultOutputID=c155cf36087f95c2792f39f1cf1854d6 DependenciesID=8c7d19936114e7658eab776d98c10390 StaticDependenciesID=d0fe89a833f624baaac8a1d61a66c22e 
Number of updated asset objects reloaded before import = 0Number of asset objects unloaded after import = 2

========================================================================
Received Import Request.
  Time since last request: 0.000015 seconds.
  path: Assets/Modern tiles_Free/Interiors_free/32x32/Interiors_free_32x32_818.asset
  importAddress: Guid(cb90d04f40f3ed245a65ef49cf664148) Importer(2089858483,b0f066a214c2f5e87bad3c948f4d605d)
Start importing Assets/Modern tiles_Free/Interiors_free/32x32/Interiors_free_32x32_818.asset using Guid(cb90d04f40f3ed245a65ef49cf664148) Importer(2089858483,b0f066a214c2f5e87bad3c948f4d605d) (ScriptedImporter) -> (Import Result ID: '783af4633f1aaeccade3e605a50b97bc') in 0.0088891 seconds [static and dynamic dependencies]. Details - ImportResultOutputID=74338feb9e5037c8b7f4ca2803bbfea7 DependenciesID=0ed087dbadf415e8478b3adf0d6af77b StaticDependenciesID=fb92f0f83c73fa00e995136e578b781c 
Number of updated asset objects reloaded before import = 0Number of asset objects unloaded after import = 2

========================================================================
Received Import Request.
  Time since last request: 0.000012 seconds.
  path: Assets/Modern tiles_Free/Interiors_free/32x32/Interiors_free_32x32_767.asset
  importAddress: Guid(f169cb01c78d57a499e414b953c5c1c8) Importer(2089858483,b0f066a214c2f5e87bad3c948f4d605d)
Start importing Assets/Modern tiles_Free/Interiors_free/32x32/Interiors_free_32x32_767.asset using Guid(f169cb01c78d57a499e414b953c5c1c8) Importer(2089858483,b0f066a214c2f5e87bad3c948f4d605d) (ScriptedImporter) -> (Import Result ID: '0fb91062e8e2f90f5aff06c724b78b1d') in 0.0087432 seconds [static and dynamic dependencies]. Details - ImportResultOutputID=d0cbc0eaa49fe68a63b80fa91471f15d DependenciesID=723e4f08723162bea72c3c18044eafbe StaticDependenciesID=5dc4a984b2e3dbf005bbda0664209b40 
Number of updated asset objects reloaded before import = 0Number of asset objects unloaded after import = 2

========================================================================
Received Import Request.
  Time since last request: 0.000019 seconds.
  path: Assets/Modern tiles_Free/Interiors_free/32x32/Interiors_free_32x32_927.asset
  importAddress: Guid(dc914019062d0ca439478923f1a53fb7) Importer(2089858483,b0f066a214c2f5e87bad3c948f4d605d)
Start importing Assets/Modern tiles_Free/Interiors_free/32x32/Interiors_free_32x32_927.asset using Guid(dc914019062d0ca439478923f1a53fb7) Importer(2089858483,b0f066a214c2f5e87bad3c948f4d605d) (ScriptedImporter) -> (Import Result ID: '547a29331720491f01a3c03043287865') in 0.0088809 seconds [static and dynamic dependencies]. Details - ImportResultOutputID=2c66ec91a135bfafd731255bbf08e8fe DependenciesID=d93cb4a22d765ae448f85e3e5b4023cf StaticDependenciesID=8250aef1146f5379050a01b0a70bbdb0 
Number of updated asset objects reloaded before import = 0Number of asset objects unloaded after import = 2

========================================================================
Received Import Request.
  Time since last request: 0.000017 seconds.
  path: Assets/Modern tiles_Free/Interiors_free/32x32/Interiors_free_32x32_1142.asset
  importAddress: Guid(9366bd8ff9e9ce943b3f3bf6aadbbf0b) Importer(2089858483,b0f066a214c2f5e87bad3c948f4d605d)
Start importing Assets/Modern tiles_Free/Interiors_free/32x32/Interiors_free_32x32_1142.asset using Guid(9366bd8ff9e9ce943b3f3bf6aadbbf0b) Importer(2089858483,b0f066a214c2f5e87bad3c948f4d605d) (ScriptedImporter) -> (Import Result ID: 'f10c3f562948c76466591bbf70c2d035') in 0.0088079 seconds [static and dynamic dependencies]. Details - ImportResultOutputID=ec20c732e59673967376a402d1e84b70 DependenciesID=523a04d7f9abad7b428c6bb22b232ede StaticDependenciesID=a0e6817d9d05da2a46b51c89580844ad 
Number of updated asset objects reloaded before import = 0Number of asset objects unloaded after import = 2

========================================================================
Received Import Request.
  Time since last request: 0.000017 seconds.
  path: Assets/Modern tiles_Free/Interiors_free/32x32/Interiors_free_32x32_314.asset
  importAddress: Guid(e6b030197946c504d8e340b4f188ffd8) Importer(2089858483,b0f066a214c2f5e87bad3c948f4d605d)
Start importing Assets/Modern tiles_Free/Interiors_free/32x32/Interiors_free_32x32_314.asset using Guid(e6b030197946c504d8e340b4f188ffd8) Importer(2089858483,b0f066a214c2f5e87bad3c948f4d605d) (ScriptedImporter) -> (Import Result ID: '81651c9195828111a0fac11b687f2b43') in 0.0092202 seconds [static and dynamic dependencies]. Details - ImportResultOutputID=37873c723c62a204a7c7815ce05d9b5c DependenciesID=811196ac4e1518acaded036177450ae1 StaticDependenciesID=dbced8c91bfd5fb081c74e45d315483e 
Number of updated asset objects reloaded before import = 0Number of asset objects unloaded after import = 2

========================================================================
Received Import Request.
  Time since last request: 0.000014 seconds.
  path: Assets/Modern tiles_Free/Interiors_free/32x32/Interiors_free_32x32_240.asset
  importAddress: Guid(e5481ed291359d34291bb6d5d7fd1b83) Importer(2089858483,b0f066a214c2f5e87bad3c948f4d605d)
Start importing Assets/Modern tiles_Free/Interiors_free/32x32/Interiors_free_32x32_240.asset using Guid(e5481ed291359d34291bb6d5d7fd1b83) Importer(2089858483,b0f066a214c2f5e87bad3c948f4d605d) (ScriptedImporter) -> (Import Result ID: 'aa35a4201ae3bbb9de50e23f8077a5e0') in 0.0089051 seconds [static and dynamic dependencies]. Details - ImportResultOutputID=212ea74d703879e450b84638d9799bcc DependenciesID=6cbe18915a5ec5984a17f5fb4be2e70e StaticDependenciesID=5284d71b0b908b3be5bb3d81f3d095b0 
Number of updated asset objects reloaded before import = 0Number of asset objects unloaded after import = 2

========================================================================
Received Import Request.
  Time since last request: 0.000019 seconds.
  path: Assets/Modern tiles_Free/Interiors_free/32x32/Interiors_free_32x32_931.asset
  importAddress: Guid(9094c7c12efd25445b795199892c2549) Importer(2089858483,b0f066a214c2f5e87bad3c948f4d605d)
Start importing Assets/Modern tiles_Free/Interiors_free/32x32/Interiors_free_32x32_931.asset using Guid(9094c7c12efd25445b795199892c2549) Importer(2089858483,b0f066a214c2f5e87bad3c948f4d605d) (ScriptedImporter) -> (Import Result ID: '9348e55e13db35451851dd7e5cdd47d2') in 0.0089915 seconds [static and dynamic dependencies]. Details - ImportResultOutputID=f31e21dd5b48550a81e2ba329d2f907e DependenciesID=08cd1dd6c6fe7e508ddee53eca3dbdb5 StaticDependenciesID=8be762a48a69c92d725fe4a8eefe2de1 
Number of updated asset objects reloaded before import = 0Number of asset objects unloaded after import = 2

========================================================================
Received Import Request.
  Time since last request: 0.000016 seconds.
  path: Assets/Modern tiles_Free/Interiors_free/32x32/Interiors_free_32x32_1200.asset
  importAddress: Guid(79f545b44cd735c4b9a14f1edb93c60f) Importer(2089858483,b0f066a214c2f5e87bad3c948f4d605d)
Start importing Assets/Modern tiles_Free/Interiors_free/32x32/Interiors_free_32x32_1200.asset using Guid(79f545b44cd735c4b9a14f1edb93c60f) Importer(2089858483,b0f066a214c2f5e87bad3c948f4d605d) (ScriptedImporter) -> (Import Result ID: 'b6aad1380eb41f963c3ed609841b54f9') in 0.0086592 seconds [static and dynamic dependencies]. Details - ImportResultOutputID=932b7d85a94243fe30ff3da37e647a26 DependenciesID=e9b60e3f561b26230c39233b6ac33d84 StaticDependenciesID=978c0db53c6526cf78b466beb6fd2c9e 
Number of updated asset objects reloaded before import = 0Number of asset objects unloaded after import = 2

========================================================================
Received Import Request.
  Time since last request: 0.000019 seconds.
  path: Assets/Modern tiles_Free/Interiors_free/32x32/Interiors_free_32x32_1135.asset
  importAddress: Guid(8aa673bae32b3c9418d075168de98a0b) Importer(2089858483,b0f066a214c2f5e87bad3c948f4d605d)
Start importing Assets/Modern tiles_Free/Interiors_free/32x32/Interiors_free_32x32_1135.asset using Guid(8aa673bae32b3c9418d075168de98a0b) Importer(2089858483,b0f066a214c2f5e87bad3c948f4d605d) (ScriptedImporter) -> (Import Result ID: '5c0b0f593b6f1ddd142bad336179c15c') in 0.008895 seconds [static and dynamic dependencies]. Details - ImportResultOutputID=03c3e949a8672e7b9b0ad796546fd46d DependenciesID=1da6656e6f3ed32a56fe4e61832aef45 StaticDependenciesID=a32a42a42aab845f08d23a95bcdb771d 
Number of updated asset objects reloaded before import = 0Number of asset objects unloaded after import = 2

========================================================================
Received Import Request.
  Time since last request: 0.000017 seconds.
  path: Assets/Modern tiles_Free/Interiors_free/32x32/Interiors_free_32x32_158.asset
  importAddress: Guid(5ff7c60d48816574ea73bbd5df383dee) Importer(2089858483,b0f066a214c2f5e87bad3c948f4d605d)
Start importing Assets/Modern tiles_Free/Interiors_free/32x32/Interiors_free_32x32_158.asset using Guid(5ff7c60d48816574ea73bbd5df383dee) Importer(2089858483,b0f066a214c2f5e87bad3c948f4d605d) (ScriptedImporter) -> (Import Result ID: 'b3a4e0017bb92af7bdcdcc9b705616cf') in 0.0091677 seconds [static and dynamic dependencies]. Details - ImportResultOutputID=95c1bdc1fd1540b26176fafeae142383 DependenciesID=f42143aa414cab13b1177e443e5da253 StaticDependenciesID=65e1ee4890c5a1704a551fd86f12cf54 
Number of updated asset objects reloaded before import = 0Number of asset objects unloaded after import = 2

========================================================================
Received Import Request.
  Time since last request: 0.000022 seconds.
  path: Assets/Modern tiles_Free/Interiors_free/32x32/Interiors_free_32x32_798.asset
  importAddress: Guid(314555afd3f87c34bb40ed93e764e798) Importer(2089858483,b0f066a214c2f5e87bad3c948f4d605d)
Start importing Assets/Modern tiles_Free/Interiors_free/32x32/Interiors_free_32x32_798.asset using Guid(314555afd3f87c34bb40ed93e764e798) Importer(2089858483,b0f066a214c2f5e87bad3c948f4d605d) (ScriptedImporter) -> (Import Result ID: '91d2c6df6d09b4d5ef8bd7f1beeadb6e') in 0.0095068 seconds [static and dynamic dependencies]. Details - ImportResultOutputID=692e4b7ad2fbddef5c3225a932eac8ab DependenciesID=5c9b3e2a3decce3d21764a73ed1d7207 StaticDependenciesID=141f8e9c6782bdd27ea6028923f53734 
Number of updated asset objects reloaded before import = 0Number of asset objects unloaded after import = 2

========================================================================
Received Import Request.
  Time since last request: 0.000016 seconds.
  path: Assets/Modern tiles_Free/Interiors_free/32x32/Interiors_free_32x32_511.asset
  importAddress: Guid(2fb8f6e04bff5784d96c75d743c5ab87) Importer(2089858483,b0f066a214c2f5e87bad3c948f4d605d)
Start importing Assets/Modern tiles_Free/Interiors_free/32x32/Interiors_free_32x32_511.asset using Guid(2fb8f6e04bff5784d96c75d743c5ab87) Importer(2089858483,b0f066a214c2f5e87bad3c948f4d605d) (ScriptedImporter) -> (Import Result ID: 'ebb3662886a5c47e85e63941d87166b3') in 0.0085447 seconds [static and dynamic dependencies]. Details - ImportResultOutputID=58e6b570f32ae11f6ac820ec4f336cda DependenciesID=c0b25dfb4c979c98b88528c855c58405 StaticDependenciesID=35bbc3c3e9faf58ea832f362dca5e0e6 
Number of updated asset objects reloaded before import = 0Number of asset objects unloaded after import = 2

========================================================================
Received Import Request.
  Time since last request: 0.000017 seconds.
  path: Assets/Modern tiles_Free/Interiors_free/32x32/Interiors_free_32x32_425.asset
  importAddress: Guid(1ca081313d59d9b48a5ee4b7b90da3fc) Importer(2089858483,b0f066a214c2f5e87bad3c948f4d605d)
Start importing Assets/Modern tiles_Free/Interiors_free/32x32/Interiors_free_32x32_425.asset using Guid(1ca081313d59d9b48a5ee4b7b90da3fc) Importer(2089858483,b0f066a214c2f5e87bad3c948f4d605d) (ScriptedImporter) -> (Import Result ID: '683bac1b6f0d6bd28e6bde4cd68e7b3f') in 0.0092919 seconds [static and dynamic dependencies]. Details - ImportResultOutputID=cc2e07e417d277becaa6e2a19f1d6395 DependenciesID=ef0bc7d61b36852f768e4a9f58c24da6 StaticDependenciesID=1282d8b9d307e692043de731b1947d38 
Number of updated asset objects reloaded before import = 0Number of asset objects unloaded after import = 2

========================================================================
Received Import Request.
  Time since last request: 0.000016 seconds.
  path: Assets/Modern tiles_Free/Interiors_free/32x32/Interiors_free_32x32_217.asset
  importAddress: Guid(297e0fae85c79d6479f422674322039f) Importer(2089858483,b0f066a214c2f5e87bad3c948f4d605d)
Start importing Assets/Modern tiles_Free/Interiors_free/32x32/Interiors_free_32x32_217.asset using Guid(297e0fae85c79d6479f422674322039f) Importer(2089858483,b0f066a214c2f5e87bad3c948f4d605d) (ScriptedImporter) -> (Import Result ID: '288797aa36494c84e5296204ca9eafcb') in 0.0085065 seconds [static and dynamic dependencies]. Details - ImportResultOutputID=d47c7b23f26db8875f3d8e873aa74d8e DependenciesID=6d334cdf3630e3280e24959716030407 StaticDependenciesID=061fda24f14c9db5737cbcfd6806620d 
Number of updated asset objects reloaded before import = 0Number of asset objects unloaded after import = 2

========================================================================
Received Import Request.
  Time since last request: 0.000019 seconds.
  path: Assets/Modern tiles_Free/Interiors_free/32x32/Interiors_free_32x32_222.asset
  importAddress: Guid(04243754667c6484fab1b26220804c83) Importer(2089858483,b0f066a214c2f5e87bad3c948f4d605d)
Start importing Assets/Modern tiles_Free/Interiors_free/32x32/Interiors_free_32x32_222.asset using Guid(04243754667c6484fab1b26220804c83) Importer(2089858483,b0f066a214c2f5e87bad3c948f4d605d) (ScriptedImporter) -> (Import Result ID: '41d6a6a708d05fe2dbc102fbd734e84b') in 0.0093966 seconds [static and dynamic dependencies]. Details - ImportResultOutputID=8932f2189f5848ef9d1aa0ca3d60d2e2 DependenciesID=2750aaa833e0133cc4a646677d775dad StaticDependenciesID=6299f58d7043789e59e59b67704a7f6e 
Number of updated asset objects reloaded before import = 0Number of asset objects unloaded after import = 2

========================================================================
Received Import Request.
  Time since last request: 0.000019 seconds.
  path: Assets/Modern tiles_Free/Interiors_free/32x32/Interiors_free_32x32_692.asset
  importAddress: Guid(cd27591c0bb794240831a10176711ee1) Importer(2089858483,b0f066a214c2f5e87bad3c948f4d605d)
Start importing Assets/Modern tiles_Free/Interiors_free/32x32/Interiors_free_32x32_692.asset using Guid(cd27591c0bb794240831a10176711ee1) Importer(2089858483,b0f066a214c2f5e87bad3c948f4d605d) (ScriptedImporter) -> (Import Result ID: 'bd55190d6e69ff4ac265d9100b96ed2a') in 0.0087736 seconds [static and dynamic dependencies]. Details - ImportResultOutputID=131e3091dc05e88eabfe2e6578e45bea DependenciesID=d556060e7130d90cbdbacada24fd07fa StaticDependenciesID=b1beb7a3addd8784b974a3bb8af8e49b 
Number of updated asset objects reloaded before import = 0Number of asset objects unloaded after import = 2

========================================================================
Received Import Request.
  Time since last request: 0.000019 seconds.
  path: Assets/Modern tiles_Free/Interiors_free/32x32/Interiors_free_32x32_25.asset
  importAddress: Guid(50dd5bab13d965849a428bc026683f17) Importer(2089858483,b0f066a214c2f5e87bad3c948f4d605d)
Start importing Assets/Modern tiles_Free/Interiors_free/32x32/Interiors_free_32x32_25.asset using Guid(50dd5bab13d965849a428bc026683f17) Importer(2089858483,b0f066a214c2f5e87bad3c948f4d605d) (ScriptedImporter) -> (Import Result ID: '5d152f3158128d566bc264acc5053d2e') in 0.0093389 seconds [static and dynamic dependencies]. Details - ImportResultOutputID=6cc485a6a6fa9e4af6a3366d50e57349 DependenciesID=9400345d5d7de3aed1615e3336b63d46 StaticDependenciesID=c2f4a4e5f1c2c87affa14d79d4d3ba85 
Number of updated asset objects reloaded before import = 0Number of asset objects unloaded after import = 2

========================================================================
Received Import Request.
  Time since last request: 0.000016 seconds.
  path: Assets/Modern tiles_Free/Interiors_free/32x32/Interiors_free_32x32_1035.asset
  importAddress: Guid(ba06a955e1a780745a5feaa5f30e6f98) Importer(2089858483,b0f066a214c2f5e87bad3c948f4d605d)
Start importing Assets/Modern tiles_Free/Interiors_free/32x32/Interiors_free_32x32_1035.asset using Guid(ba06a955e1a780745a5feaa5f30e6f98) Importer(2089858483,b0f066a214c2f5e87bad3c948f4d605d) (ScriptedImporter) -> (Import Result ID: 'ca3c18aeedde8c7dc0a2754d82b84ed5') in 0.0089279 seconds [static and dynamic dependencies]. Details - ImportResultOutputID=d132394d42b656e07d37812981b2e882 DependenciesID=3625f0549f70f6c1eba766f403134721 StaticDependenciesID=56b816a621c9979034ccfcbf12d2332b 
Number of updated asset objects reloaded before import = 0Number of asset objects unloaded after import = 2

========================================================================
Received Import Request.
  Time since last request: 0.000014 seconds.
  path: Assets/Modern tiles_Free/Interiors_free/32x32/Interiors_free_32x32_921.asset
  importAddress: Guid(7091490c873352540bea1fb958e2f014) Importer(2089858483,b0f066a214c2f5e87bad3c948f4d605d)
Start importing Assets/Modern tiles_Free/Interiors_free/32x32/Interiors_free_32x32_921.asset using Guid(7091490c873352540bea1fb958e2f014) Importer(2089858483,b0f066a214c2f5e87bad3c948f4d605d) (ScriptedImporter) -> (Import Result ID: 'cb10803ad98e317d9ccb924a3e5b401f') in 0.0089323 seconds [static and dynamic dependencies]. Details - ImportResultOutputID=b67f5a3863fa417f5490c14aea7b9542 DependenciesID=c0c89af9b5fe0711a89030f9e70c59bf StaticDependenciesID=953c96b2ba8ef66a570e8ea8dadeab22 
Number of updated asset objects reloaded before import = 0Number of asset objects unloaded after import = 2

========================================================================
Received Import Request.
  Time since last request: 0.000020 seconds.
  path: Assets/Modern tiles_Free/Interiors_free/32x32/Interiors_free_32x32_766.asset
  importAddress: Guid(2c73752e51ca7c04b9ed53df92ef828f) Importer(2089858483,b0f066a214c2f5e87bad3c948f4d605d)
Start importing Assets/Modern tiles_Free/Interiors_free/32x32/Interiors_free_32x32_766.asset using Guid(2c73752e51ca7c04b9ed53df92ef828f) Importer(2089858483,b0f066a214c2f5e87bad3c948f4d605d) (ScriptedImporter) -> (Import Result ID: '858284f4cc2b057c16edbae9c06875ea') in 0.0090816 seconds [static and dynamic dependencies]. Details - ImportResultOutputID=4479f6c0b974331f227062c262c276fe DependenciesID=15ea04d1298fed08ec2f63c609f1d198 StaticDependenciesID=f4c3fd65e96f6d76a145a4fffdb7e26c 
Number of updated asset objects reloaded before import = 0Number of asset objects unloaded after import = 2

========================================================================
Received Import Request.
  Time since last request: 0.000015 seconds.
  path: Assets/Modern tiles_Free/Interiors_free/32x32/Interiors_free_32x32_789.asset
  importAddress: Guid(b75ff7ea652890f44ad574203f46d178) Importer(2089858483,b0f066a214c2f5e87bad3c948f4d605d)
Start importing Assets/Modern tiles_Free/Interiors_free/32x32/Interiors_free_32x32_789.asset using Guid(b75ff7ea652890f44ad574203f46d178) Importer(2089858483,b0f066a214c2f5e87bad3c948f4d605d) (ScriptedImporter) -> (Import Result ID: '5103b012fd707badde51ec39c2d84c53') in 0.0090681 seconds [static and dynamic dependencies]. Details - ImportResultOutputID=e38694706be39eb74936ca184c64a8c8 DependenciesID=b9ff097947453c3b7eba1149a50eba3c StaticDependenciesID=e0327a2d4bd5a2fa3c526d6ca5b9be87 
Number of updated asset objects reloaded before import = 0Number of asset objects unloaded after import = 2

========================================================================
Received Import Request.
  Time since last request: 0.000017 seconds.
  path: Assets/Modern tiles_Free/Interiors_free/32x32/Interiors_free_32x32_116.asset
  importAddress: Guid(143e49ddaded75841862fd39a8c0957b) Importer(2089858483,b0f066a214c2f5e87bad3c948f4d605d)
Start importing Assets/Modern tiles_Free/Interiors_free/32x32/Interiors_free_32x32_116.asset using Guid(143e49ddaded75841862fd39a8c0957b) Importer(2089858483,b0f066a214c2f5e87bad3c948f4d605d) (ScriptedImporter) -> (Import Result ID: '0050bc81997e62e72ba51cad3dafc58b') in 0.0089412 seconds [static and dynamic dependencies]. Details - ImportResultOutputID=24e795415944317ff88df71508a0ea73 DependenciesID=d3b6912935323166dcda86b3e4a81be2 StaticDependenciesID=f586a971c8e7a864a3730133e26116b4 
Number of updated asset objects reloaded before import = 0Number of asset objects unloaded after import = 2

========================================================================
Received Import Request.
  Time since last request: 0.000016 seconds.
  path: Assets/Modern tiles_Free/Interiors_free/32x32/Interiors_free_32x32_455.asset
  importAddress: Guid(470df379705850146b156615d24e3b97) Importer(2089858483,b0f066a214c2f5e87bad3c948f4d605d)
Start importing Assets/Modern tiles_Free/Interiors_free/32x32/Interiors_free_32x32_455.asset using Guid(470df379705850146b156615d24e3b97) Importer(2089858483,b0f066a214c2f5e87bad3c948f4d605d) (ScriptedImporter) -> (Import Result ID: 'b5fb42559533f219c965132d5d1a1022') in 0.0085062 seconds [static and dynamic dependencies]. Details - ImportResultOutputID=fd6661fdc40fc0745a87e33ce478a9fe DependenciesID=f7c35326e9c27e50440f8ef874e366a6 StaticDependenciesID=c873c042511e404fb1598541f082d6ee 
Number of updated asset objects reloaded before import = 0Number of asset objects unloaded after import = 2

========================================================================
Received Import Request.
  Time since last request: 0.000015 seconds.
  path: Assets/Modern tiles_Free/Interiors_free/32x32/Interiors_free_32x32_866.asset
  importAddress: Guid(2322dd595ff2d3f47ae316b44bb7930d) Importer(2089858483,b0f066a214c2f5e87bad3c948f4d605d)
Start importing Assets/Modern tiles_Free/Interiors_free/32x32/Interiors_free_32x32_866.asset using Guid(2322dd595ff2d3f47ae316b44bb7930d) Importer(2089858483,b0f066a214c2f5e87bad3c948f4d605d) (ScriptedImporter) -> (Import Result ID: 'd37a2f040bc571febe2c3e4f37305a84') in 0.0086496 seconds [static and dynamic dependencies]. Details - ImportResultOutputID=711d0b44675a67e5d72309c3f22dcbb3 DependenciesID=2fa72e35e5c8b63d7d56fa12614751ae StaticDependenciesID=a3c6162aa39b4a323010ff6d74d26313 
Number of updated asset objects reloaded before import = 0Number of asset objects unloaded after import = 2

========================================================================
Received Import Request.
  Time since last request: 0.000016 seconds.
  path: Assets/Modern tiles_Free/Interiors_free/32x32/Interiors_free_32x32_624.asset
  importAddress: Guid(d75a592767a3a7e4397757552b4cd8c7) Importer(2089858483,b0f066a214c2f5e87bad3c948f4d605d)
Start importing Assets/Modern tiles_Free/Interiors_free/32x32/Interiors_free_32x32_624.asset using Guid(d75a592767a3a7e4397757552b4cd8c7) Importer(2089858483,b0f066a214c2f5e87bad3c948f4d605d) (ScriptedImporter) -> (Import Result ID: '9cbb4a3953375485bcd9dd58c88fa93e') in 0.0084064 seconds [static and dynamic dependencies]. Details - ImportResultOutputID=b227a05bbc39dcb60832a65e6a8e2ca7 DependenciesID=5ebb644b073c926139f25b6774c0c4c5 StaticDependenciesID=e274da5ebcd1aea928d645cf1d67b448 
Number of updated asset objects reloaded before import = 0Number of asset objects unloaded after import = 2

========================================================================
Received Import Request.
  Time since last request: 0.000019 seconds.
  path: Assets/Modern tiles_Free/Interiors_free/32x32/Interiors_free_32x32_827.asset
  importAddress: Guid(77f3cd067d7cdcf469c8470896af9e8a) Importer(2089858483,b0f066a214c2f5e87bad3c948f4d605d)
Start importing Assets/Modern tiles_Free/Interiors_free/32x32/Interiors_free_32x32_827.asset using Guid(77f3cd067d7cdcf469c8470896af9e8a) Importer(2089858483,b0f066a214c2f5e87bad3c948f4d605d) (ScriptedImporter) -> (Import Result ID: '1f06db33ad58e614989991cf63b67b7b') in 0.0092535 seconds [static and dynamic dependencies]. Details - ImportResultOutputID=8c5e347c8cf09db705c06a8ee753de41 DependenciesID=31b417f298e395382eec02b9c4c946fe StaticDependenciesID=6fa1f13f0e008b24550cda9025824da5 
Number of updated asset objects reloaded before import = 0Number of asset objects unloaded after import = 2

========================================================================
Received Import Request.
  Time since last request: 0.000014 seconds.
  path: Assets/Modern tiles_Free/Interiors_free/32x32/Interiors_free_32x32_308.asset
  importAddress: Guid(93812e9027bc5984199d69277c7f39b0) Importer(2089858483,b0f066a214c2f5e87bad3c948f4d605d)
Start importing Assets/Modern tiles_Free/Interiors_free/32x32/Interiors_free_32x32_308.asset using Guid(93812e9027bc5984199d69277c7f39b0) Importer(2089858483,b0f066a214c2f5e87bad3c948f4d605d) (ScriptedImporter) -> (Import Result ID: 'ae818cb4bc64d95adb7058221a69ae9d') in 0.0088743 seconds [static and dynamic dependencies]. Details - ImportResultOutputID=689e5c2ea108af80f6fec067de4222eb DependenciesID=1e16fafd6a243b0e2d5137a14b90658a StaticDependenciesID=abd506c1e6fc8d687b5727316d651044 
Number of updated asset objects reloaded before import = 0Number of asset objects unloaded after import = 2

========================================================================
Received Import Request.
  Time since last request: 0.000016 seconds.
  path: Assets/Modern tiles_Free/Interiors_free/32x32/Interiors_free_32x32_456.asset
  importAddress: Guid(a39761040c58105429bf431085ea021f) Importer(2089858483,b0f066a214c2f5e87bad3c948f4d605d)
Start importing Assets/Modern tiles_Free/Interiors_free/32x32/Interiors_free_32x32_456.asset using Guid(a39761040c58105429bf431085ea021f) Importer(2089858483,b0f066a214c2f5e87bad3c948f4d605d) (ScriptedImporter) -> (Import Result ID: '4d96caa90c8b2083c761ebd66e741772') in 0.0091238 seconds [static and dynamic dependencies]. Details - ImportResultOutputID=51cfe91180ba4f6ea96446f781ae8b56 DependenciesID=64d2dc1064a4fd182e58d632cf1012ef StaticDependenciesID=caa35b2f78cc3e4bc2e933708d511cd6 
Number of updated asset objects reloaded before import = 0Number of asset objects unloaded after import = 2

========================================================================
Received Import Request.
  Time since last request: 0.000019 seconds.
  path: Assets/Modern tiles_Free/Interiors_free/32x32/Interiors_free_32x32_419.asset
  importAddress: Guid(b306a5f8d05f53d4088bbd49fc66a4ea) Importer(2089858483,b0f066a214c2f5e87bad3c948f4d605d)
Start importing Assets/Modern tiles_Free/Interiors_free/32x32/Interiors_free_32x32_419.asset using Guid(b306a5f8d05f53d4088bbd49fc66a4ea) Importer(2089858483,b0f066a214c2f5e87bad3c948f4d605d) (ScriptedImporter) -> (Import Result ID: '952fe2bf8a025a982afe96bda7764992') in 0.008939 seconds [static and dynamic dependencies]. Details - ImportResultOutputID=a3cf1f62020d45b7fe7144ed0255fa93 DependenciesID=9b348c210ea2127f27d2d1cf8c3811f9 StaticDependenciesID=e57771786927e6537669d59ed93cc590 
Number of updated asset objects reloaded before import = 0Number of asset objects unloaded after import = 2

========================================================================
Received Import Request.
  Time since last request: 0.000017 seconds.
  path: Assets/Modern tiles_Free/Interiors_free/32x32/Interiors_free_32x32_90.asset
  importAddress: Guid(fef250b3b17f49f40a8b471ff99db489) Importer(2089858483,b0f066a214c2f5e87bad3c948f4d605d)
Start importing Assets/Modern tiles_Free/Interiors_free/32x32/Interiors_free_32x32_90.asset using Guid(fef250b3b17f49f40a8b471ff99db489) Importer(2089858483,b0f066a214c2f5e87bad3c948f4d605d) (ScriptedImporter) -> (Import Result ID: 'b3078d071151e16fe95753acba23bf0e') in 0.0092566 seconds [static and dynamic dependencies]. Details - ImportResultOutputID=cd9bd08243bba944a7626bb66b3c037a DependenciesID=c84d6f4979f3bfcc2699120d6bd51242 StaticDependenciesID=7719cf5e0deb67ba1c31e154cdf38b00 
Number of updated asset objects reloaded before import = 0Number of asset objects unloaded after import = 2

========================================================================
Received Import Request.
  Time since last request: 0.000014 seconds.
  path: Assets/Modern tiles_Free/Interiors_free/32x32/Interiors_free_32x32_243.asset
  importAddress: Guid(7065de3ddd7484f4b8ad377cab2a0fc1) Importer(2089858483,b0f066a214c2f5e87bad3c948f4d605d)
Start importing Assets/Modern tiles_Free/Interiors_free/32x32/Interiors_free_32x32_243.asset using Guid(7065de3ddd7484f4b8ad377cab2a0fc1) Importer(2089858483,b0f066a214c2f5e87bad3c948f4d605d) (ScriptedImporter) -> (Import Result ID: '23cc24dee59758423ce3db575d01ec14') in 0.0089971 seconds [static and dynamic dependencies]. Details - ImportResultOutputID=141748994122b9a713155eae0a45c4d4 DependenciesID=1f3f614a3ffdeb626d63b408211f9beb StaticDependenciesID=f90ba6aff5bb254961ed8963cacd2714 
Number of updated asset objects reloaded before import = 0Number of asset objects unloaded after import = 2

========================================================================
Received Import Request.
  Time since last request: 0.000015 seconds.
  path: Assets/Modern tiles_Free/Interiors_free/32x32/Interiors_free_32x32_876.asset
  importAddress: Guid(2b1d7fb8b1f11df4b9a1fc37a24e17db) Importer(2089858483,b0f066a214c2f5e87bad3c948f4d605d)
Start importing Assets/Modern tiles_Free/Interiors_free/32x32/Interiors_free_32x32_876.asset using Guid(2b1d7fb8b1f11df4b9a1fc37a24e17db) Importer(2089858483,b0f066a214c2f5e87bad3c948f4d605d) (ScriptedImporter) -> (Import Result ID: '06ffdad4a9e616965fc0df0ddeee5002') in 0.0090304 seconds [static and dynamic dependencies]. Details - ImportResultOutputID=a1f58e6d6fe6cc625881a0788be8b0f6 DependenciesID=2908e91ceabff1806bc0cc6a9c635d0e StaticDependenciesID=1bfc5ba278bd869caf7b49517aee2eb6 
Number of updated asset objects reloaded before import = 0Number of asset objects unloaded after import = 2

========================================================================
Received Import Request.
  Time since last request: 0.000017 seconds.
  path: Assets/Modern tiles_Free/Interiors_free/32x32/Interiors_free_32x32_863.asset
  importAddress: Guid(18f88c7f0ec1a9540ac42f18daee6a2a) Importer(2089858483,b0f066a214c2f5e87bad3c948f4d605d)
Start importing Assets/Modern tiles_Free/Interiors_free/32x32/Interiors_free_32x32_863.asset using Guid(18f88c7f0ec1a9540ac42f18daee6a2a) Importer(2089858483,b0f066a214c2f5e87bad3c948f4d605d) (ScriptedImporter) -> (Import Result ID: 'cc811f4a439416921215534df2ba38d0') in 0.0089808 seconds [static and dynamic dependencies]. Details - ImportResultOutputID=3c9ccc45c51a69ef93ba2fb6ba684282 DependenciesID=63666102fe30271dddf6a6d59c4632a5 StaticDependenciesID=c6ce2def58c11e28b41edcb5c0a926cb 
Number of updated asset objects reloaded before import = 0Number of asset objects unloaded after import = 2

========================================================================
Received Import Request.
  Time since last request: 0.000019 seconds.
  path: Assets/Modern tiles_Free/Interiors_free/32x32/Interiors_free_32x32_282.asset
  importAddress: Guid(499af43c8bafc06449242ef7765e0bd8) Importer(2089858483,b0f066a214c2f5e87bad3c948f4d605d)
Start importing Assets/Modern tiles_Free/Interiors_free/32x32/Interiors_free_32x32_282.asset using Guid(499af43c8bafc06449242ef7765e0bd8) Importer(2089858483,b0f066a214c2f5e87bad3c948f4d605d) (ScriptedImporter) -> (Import Result ID: '01b004922429d1adb0b3887982b41dd1') in 0.0097237 seconds [static and dynamic dependencies]. Details - ImportResultOutputID=7dc54b7be5478768bf5601989c8313b4 DependenciesID=6b76c2d898f876006f1074a0c0c84f71 StaticDependenciesID=6a60157d54f8ee7a0623715f4f26fc89 
Number of updated asset objects reloaded before import = 0Number of asset objects unloaded after import = 2

========================================================================
Received Import Request.
  Time since last request: 0.000021 seconds.
  path: Assets/Modern tiles_Free/Interiors_free/32x32/Interiors_free_32x32_330.asset
  importAddress: Guid(cf212f5811283b349b12abcaa361050c) Importer(2089858483,b0f066a214c2f5e87bad3c948f4d605d)
Start importing Assets/Modern tiles_Free/Interiors_free/32x32/Interiors_free_32x32_330.asset using Guid(cf212f5811283b349b12abcaa361050c) Importer(2089858483,b0f066a214c2f5e87bad3c948f4d605d) (ScriptedImporter) -> (Import Result ID: 'c2f4a753b93d101cca1ee9a414747718') in 0.008453 seconds [static and dynamic dependencies]. Details - ImportResultOutputID=6d705c35ad6c06238425dda901e5146f DependenciesID=c8d5965b35338b839e66b3d804bf802e StaticDependenciesID=01835c23956f997bd11cb02ecd0a71b5 
Number of updated asset objects reloaded before import = 0Number of asset objects unloaded after import = 2

========================================================================
Received Import Request.
  Time since last request: 0.000016 seconds.
  path: Assets/Modern tiles_Free/Interiors_free/32x32/Interiors_free_32x32_1190.asset
  importAddress: Guid(afd73a045c1bc744bae8afc69c86e3b2) Importer(2089858483,b0f066a214c2f5e87bad3c948f4d605d)
Start importing Assets/Modern tiles_Free/Interiors_free/32x32/Interiors_free_32x32_1190.asset using Guid(afd73a045c1bc744bae8afc69c86e3b2) Importer(2089858483,b0f066a214c2f5e87bad3c948f4d605d) (ScriptedImporter) -> (Import Result ID: 'b879b55de7f460ff67dfd9a6d8584ead') in 0.0093425 seconds [static and dynamic dependencies]. Details - ImportResultOutputID=e17661f57780191c24f0ab8413a85fb8 DependenciesID=c99f47a81f951cb4cf95a0c6dc87894a StaticDependenciesID=68498d0e8f146466dda4b16df260f64b 
Number of updated asset objects reloaded before import = 0Number of asset objects unloaded after import = 2

========================================================================
Received Import Request.
  Time since last request: 0.000017 seconds.
  path: Assets/Modern tiles_Free/Interiors_free/32x32/Interiors_free_32x32_797.asset
  importAddress: Guid(cf87e261135c90649a8f78f6e4da97ac) Importer(2089858483,b0f066a214c2f5e87bad3c948f4d605d)
Start importing Assets/Modern tiles_Free/Interiors_free/32x32/Interiors_free_32x32_797.asset using Guid(cf87e261135c90649a8f78f6e4da97ac) Importer(2089858483,b0f066a214c2f5e87bad3c948f4d605d) (ScriptedImporter) -> (Import Result ID: '3cbf99e9bc8e5e05d024e2ffd9b7846a') in 0.008696 seconds [static and dynamic dependencies]. Details - ImportResultOutputID=6e2c6a179899bd39b46d6727db58ba79 DependenciesID=0c17a89fc45955995430e3fa76eecb3d StaticDependenciesID=6daa65a3d8414c10b051c96ef30fddb3 
Number of updated asset objects reloaded before import = 0Number of asset objects unloaded after import = 2

========================================================================
Received Import Request.
  Time since last request: 0.000015 seconds.
  path: Assets/Modern tiles_Free/Interiors_free/32x32/Interiors_free_32x32_855.asset
  importAddress: Guid(dd6cb9951353d0243897b51606530792) Importer(2089858483,b0f066a214c2f5e87bad3c948f4d605d)
Start importing Assets/Modern tiles_Free/Interiors_free/32x32/Interiors_free_32x32_855.asset using Guid(dd6cb9951353d0243897b51606530792) Importer(2089858483,b0f066a214c2f5e87bad3c948f4d605d) (ScriptedImporter) -> (Import Result ID: '8c1cb8a59e73e17347be19732370ef70') in 0.0087229 seconds [static and dynamic dependencies]. Details - ImportResultOutputID=17923b48e30337259dc7000cd416a4f9 DependenciesID=893a3a22ebca7d61e7f5f99091b9cede StaticDependenciesID=b76595ca9140376f0600fe2d31d70c16 
Number of updated asset objects reloaded before import = 0Number of asset objects unloaded after import = 2

========================================================================
Received Import Request.
  Time since last request: 0.000015 seconds.
  path: Assets/Modern tiles_Free/Interiors_free/32x32/Interiors_free_32x32_795.asset
  importAddress: Guid(229d65857afd93440babe947488e56f2) Importer(2089858483,b0f066a214c2f5e87bad3c948f4d605d)
Start importing Assets/Modern tiles_Free/Interiors_free/32x32/Interiors_free_32x32_795.asset using Guid(229d65857afd93440babe947488e56f2) Importer(2089858483,b0f066a214c2f5e87bad3c948f4d605d) (ScriptedImporter) -> (Import Result ID: '9ddad11a5c7286994f474ffce3e9ba7d') in 0.0085541 seconds [static and dynamic dependencies]. Details - ImportResultOutputID=a9a499fad00d3707004c944fa83ec359 DependenciesID=008936451c32c016c3ad09f5055474f8 StaticDependenciesID=e9c53fc93eb8745831779471a611728f 
Number of updated asset objects reloaded before import = 0Number of asset objects unloaded after import = 2

========================================================================
Received Import Request.
  Time since last request: 0.000027 seconds.
  path: Assets/Modern tiles_Free/Interiors_free/32x32/Interiors_free_32x32_1176.asset
  importAddress: Guid(00e657fc5f240654e9d0f8c4f93efd48) Importer(2089858483,b0f066a214c2f5e87bad3c948f4d605d)
Start importing Assets/Modern tiles_Free/Interiors_free/32x32/Interiors_free_32x32_1176.asset using Guid(00e657fc5f240654e9d0f8c4f93efd48) Importer(2089858483,b0f066a214c2f5e87bad3c948f4d605d) (ScriptedImporter) -> (Import Result ID: '3323aaf07a1d160a8fed6b3abfa8c9ad') in 0.0090098 seconds [static and dynamic dependencies]. Details - ImportResultOutputID=df716d8cf3c6019b72a166cab1ce6e4a DependenciesID=b70b8f4c169a99e985f2e63f85a44d60 StaticDependenciesID=89cf5abd4c997f12d6dab006fd038569 
Number of updated asset objects reloaded before import = 0Number of asset objects unloaded after import = 2

========================================================================
Received Import Request.
  Time since last request: 0.000016 seconds.
  path: Assets/Modern tiles_Free/Interiors_free/32x32/Interiors_free_32x32_834.asset
  importAddress: Guid(8b577c7e743b7c74bbfc9b711059ebc3) Importer(2089858483,b0f066a214c2f5e87bad3c948f4d605d)
Start importing Assets/Modern tiles_Free/Interiors_free/32x32/Interiors_free_32x32_834.asset using Guid(8b577c7e743b7c74bbfc9b711059ebc3) Importer(2089858483,b0f066a214c2f5e87bad3c948f4d605d) (ScriptedImporter) -> (Import Result ID: '952941b9b385c9c47278b2639fa99b57') in 0.008758 seconds [static and dynamic dependencies]. Details - ImportResultOutputID=6ea523b66b13870e3a83b953ca26451d DependenciesID=0dc534d8d082c13dec8568db5648bb50 StaticDependenciesID=2015d69ca04a4d86e7dadc5adc3d9a20 
Number of updated asset objects reloaded before import = 0Number of asset objects unloaded after import = 2

========================================================================
Received Import Request.
  Time since last request: 0.000018 seconds.
  path: Assets/Modern tiles_Free/Interiors_free/32x32/Interiors_free_32x32_990.asset
  importAddress: Guid(389105515a71136448f21f7544ba6a63) Importer(2089858483,b0f066a214c2f5e87bad3c948f4d605d)
Start importing Assets/Modern tiles_Free/Interiors_free/32x32/Interiors_free_32x32_990.asset using Guid(389105515a71136448f21f7544ba6a63) Importer(2089858483,b0f066a214c2f5e87bad3c948f4d605d) (ScriptedImporter) -> (Import Result ID: 'c955fbcc4df72256ff5cb600081a3fdc') in 0.0089674 seconds [static and dynamic dependencies]. Details - ImportResultOutputID=4b66f7d56754945f651b12dcd82f9a92 DependenciesID=543e8d011d1d7d3d09b88a79e684a20d StaticDependenciesID=885f0c7b95e76157ed20061d957bd2c2 
Number of updated asset objects reloaded before import = 0Number of asset objects unloaded after import = 2

========================================================================
Received Import Request.
  Time since last request: 0.000018 seconds.
  path: Assets/Modern tiles_Free/Interiors_free/32x32/Interiors_free_32x32_1217.asset
  importAddress: Guid(40991280af30fe0478656f32ee800abf) Importer(2089858483,b0f066a214c2f5e87bad3c948f4d605d)
Start importing Assets/Modern tiles_Free/Interiors_free/32x32/Interiors_free_32x32_1217.asset using Guid(40991280af30fe0478656f32ee800abf) Importer(2089858483,b0f066a214c2f5e87bad3c948f4d605d) (ScriptedImporter) -> (Import Result ID: '9b96aa80ca78659e6c41d1d98357d017') in 0.008772 seconds [static and dynamic dependencies]. Details - ImportResultOutputID=0dd2adab9183d9a2c14fbda5b59a0d8e DependenciesID=41ce304dc5c41f723da6ac021038fdd7 StaticDependenciesID=4eff2805d8233fe9e04a2ca1e48a6023 
Number of updated asset objects reloaded before import = 0Number of asset objects unloaded after import = 2

========================================================================
Received Import Request.
  Time since last request: 0.000017 seconds.
  path: Assets/Modern tiles_Free/Interiors_free/32x32/Interiors_free_32x32_928.asset
  importAddress: Guid(434d9096aafb6cc43af15653aa4e2e7a) Importer(2089858483,b0f066a214c2f5e87bad3c948f4d605d)
Start importing Assets/Modern tiles_Free/Interiors_free/32x32/Interiors_free_32x32_928.asset using Guid(434d9096aafb6cc43af15653aa4e2e7a) Importer(2089858483,b0f066a214c2f5e87bad3c948f4d605d) (ScriptedImporter) -> (Import Result ID: 'afaa771406de51193d2fafa77666f26a') in 0.0087762 seconds [static and dynamic dependencies]. Details - ImportResultOutputID=c5214da889c55cd889cae721efde353a DependenciesID=0b7f283ce03fb2de61b5d74c2799d17e StaticDependenciesID=b902537910ceef88cb9b8847e4e04a76 
Number of updated asset objects reloaded before import = 0Number of asset objects unloaded after import = 2

========================================================================
Received Import Request.
  Time since last request: 0.000022 seconds.
  path: Assets/Modern tiles_Free/Interiors_free/32x32/Interiors_free_32x32_1209.asset
  importAddress: Guid(fc5faa95ab5f16149bcb853d542602b3) Importer(2089858483,b0f066a214c2f5e87bad3c948f4d605d)
Start importing Assets/Modern tiles_Free/Interiors_free/32x32/Interiors_free_32x32_1209.asset using Guid(fc5faa95ab5f16149bcb853d542602b3) Importer(2089858483,b0f066a214c2f5e87bad3c948f4d605d) (ScriptedImporter) -> (Import Result ID: 'd602232147c9b8b78c7c97062c68517f') in 0.0085761 seconds [static and dynamic dependencies]. Details - ImportResultOutputID=77dc18f5bbf9cde7e0eb91f421ad84bd DependenciesID=e2e1b797378ce481cec9c055079c8256 StaticDependenciesID=dd876b42969e19d2c17b3e3ee6cdc8b4 
Number of updated asset objects reloaded before import = 0Number of asset objects unloaded after import = 2

========================================================================
Received Import Request.
  Time since last request: 0.000015 seconds.
  path: Assets/Modern tiles_Free/Interiors_free/32x32/Interiors_free_32x32_567.asset
  importAddress: Guid(f5a8718ca6efbc04ca0d030ee7ad59c2) Importer(2089858483,b0f066a214c2f5e87bad3c948f4d605d)
Start importing Assets/Modern tiles_Free/Interiors_free/32x32/Interiors_free_32x32_567.asset using Guid(f5a8718ca6efbc04ca0d030ee7ad59c2) Importer(2089858483,b0f066a214c2f5e87bad3c948f4d605d) (ScriptedImporter) -> (Import Result ID: 'd8ba9ef7dcd660018af973741f4e2348') in 0.0087899 seconds [static and dynamic dependencies]. Details - ImportResultOutputID=1c0e7fb0cdf606c51c59200bdf706738 DependenciesID=f12f8085a0de7caab3f314de4d59e26d StaticDependenciesID=c7779891b911812311d016c588d1403f 
Number of updated asset objects reloaded before import = 0Number of asset objects unloaded after import = 2

========================================================================
Received Import Request.
  Time since last request: 0.000016 seconds.
  path: Assets/Modern tiles_Free/Interiors_free/32x32/Interiors_free_32x32_618.asset
  importAddress: Guid(0d8ab49f20b56524b8b7f5ebeb81964c) Importer(2089858483,b0f066a214c2f5e87bad3c948f4d605d)
Start importing Assets/Modern tiles_Free/Interiors_free/32x32/Interiors_free_32x32_618.asset using Guid(0d8ab49f20b56524b8b7f5ebeb81964c) Importer(2089858483,b0f066a214c2f5e87bad3c948f4d605d) (ScriptedImporter) -> (Import Result ID: 'afcea89f7b6baeb9ff11b5e8992c3d6e') in 0.0094395 seconds [static and dynamic dependencies]. Details - ImportResultOutputID=ccd607d8a9cae1f1dae89747b254d7a4 DependenciesID=918fea3f2f9c31cb422a212e688ba7fb StaticDependenciesID=d9055d6b903fc37eb820c539b7003011 
Number of updated asset objects reloaded before import = 0Number of asset objects unloaded after import = 2

========================================================================
Received Import Request.
  Time since last request: 0.000014 seconds.
  path: Assets/Modern tiles_Free/Interiors_free/32x32/Interiors_free_32x32_657.asset
  importAddress: Guid(f0ddeccc4b6650d47a9b549dc626cd34) Importer(2089858483,b0f066a214c2f5e87bad3c948f4d605d)
Start importing Assets/Modern tiles_Free/Interiors_free/32x32/Interiors_free_32x32_657.asset using Guid(f0ddeccc4b6650d47a9b549dc626cd34) Importer(2089858483,b0f066a214c2f5e87bad3c948f4d605d) (ScriptedImporter) -> (Import Result ID: 'd1abe764c68473a099879308a6a7e872') in 0.0079217 seconds [static and dynamic dependencies]. Details - ImportResultOutputID=c950b7cdbd18cfb9fd669c083312f520 DependenciesID=8e8e744b65490c9f7258e922a55affd6 StaticDependenciesID=06373835cff4e96b1833e44e8c4b6e74 
Number of updated asset objects reloaded before import = 0Number of asset objects unloaded after import = 2

========================================================================
Received Import Request.
  Time since last request: 0.000016 seconds.
  path: Assets/Modern tiles_Free/Interiors_free/32x32/Interiors_free_32x32_473.asset
  importAddress: Guid(941d44c71c311294aaad6589f0a65107) Importer(2089858483,b0f066a214c2f5e87bad3c948f4d605d)
Start importing Assets/Modern tiles_Free/Interiors_free/32x32/Interiors_free_32x32_473.asset using Guid(941d44c71c311294aaad6589f0a65107) Importer(2089858483,b0f066a214c2f5e87bad3c948f4d605d) (ScriptedImporter) -> (Import Result ID: 'ace92b1453cf0bb5681b03c31068589a') in 0.0082304 seconds [static and dynamic dependencies]. Details - ImportResultOutputID=486e0e62ae5a3b2fff898d6e5959b0ce DependenciesID=da7d6703d121c8ab6cc3802deaab6223 StaticDependenciesID=179cc3446a08e785c2bf15b2259d46e1 
Number of updated asset objects reloaded before import = 0Number of asset objects unloaded after import = 2

========================================================================
Received Import Request.
  Time since last request: 0.000018 seconds.
  path: Assets/Modern tiles_Free/Interiors_free/32x32/Interiors_free_32x32_613.asset
  importAddress: Guid(c79c5e2be41ab184aa63477fc633bf13) Importer(2089858483,b0f066a214c2f5e87bad3c948f4d605d)
Start importing Assets/Modern tiles_Free/Interiors_free/32x32/Interiors_free_32x32_613.asset using Guid(c79c5e2be41ab184aa63477fc633bf13) Importer(2089858483,b0f066a214c2f5e87bad3c948f4d605d) (ScriptedImporter) -> (Import Result ID: '769440979a042b9951e252de7fd2bbe2') in 0.0088888 seconds [static and dynamic dependencies]. Details - ImportResultOutputID=a22eb74c9aa041d80735ad6d243f8ec6 DependenciesID=d8a40bf597aeb98d1287fdf8b3aaa00f StaticDependenciesID=de164f85983a14d0702754092904d423 
Number of updated asset objects reloaded before import = 0Number of asset objects unloaded after import = 2

========================================================================
Received Import Request.
  Time since last request: 0.000017 seconds.
  path: Assets/Modern tiles_Free/Interiors_free/32x32/Interiors_free_32x32_286.asset
  importAddress: Guid(0c07617a83d828f4d9dbf80e2aa0af6d) Importer(2089858483,b0f066a214c2f5e87bad3c948f4d605d)
Start importing Assets/Modern tiles_Free/Interiors_free/32x32/Interiors_free_32x32_286.asset using Guid(0c07617a83d828f4d9dbf80e2aa0af6d) Importer(2089858483,b0f066a214c2f5e87bad3c948f4d605d) (ScriptedImporter) -> (Import Result ID: '82698e3c709e5bd9d906d965891a0634') in 0.0086568 seconds [static and dynamic dependencies]. Details - ImportResultOutputID=b3bfd10601517afea26432a3149dea8e DependenciesID=52814c8c5ed100834b4e058398538527 StaticDependenciesID=bcf9edf61d6436d26cccb97c5be67028 
Number of updated asset objects reloaded before import = 0Number of asset objects unloaded after import = 2

========================================================================
Received Import Request.
  Time since last request: 0.000019 seconds.
  path: Assets/Modern tiles_Free/Interiors_free/32x32/Interiors_free_32x32_43.asset
  importAddress: Guid(be464e1ea7c98a24b88ee5f31790c3bf) Importer(2089858483,b0f066a214c2f5e87bad3c948f4d605d)
Start importing Assets/Modern tiles_Free/Interiors_free/32x32/Interiors_free_32x32_43.asset using Guid(be464e1ea7c98a24b88ee5f31790c3bf) Importer(2089858483,b0f066a214c2f5e87bad3c948f4d605d) (ScriptedImporter) -> (Import Result ID: 'd98b18d64cdf9fab9ecfb9d45d8e4b68') in 0.0091208 seconds [static and dynamic dependencies]. Details - ImportResultOutputID=2ebbd0720b360456bffaa325e9ae1492 DependenciesID=c5067f817dc89b2a70bc214d0c77fd16 StaticDependenciesID=93efe2afc084800f7d9948558c0e48f8 
Number of updated asset objects reloaded before import = 0Number of asset objects unloaded after import = 2

========================================================================
Received Import Request.
  Time since last request: 0.000013 seconds.
  path: Assets/Modern tiles_Free/Interiors_free/32x32/Interiors_free_32x32_809.asset
  importAddress: Guid(df13a31fff0d2fb40a68fca9f8a01b32) Importer(2089858483,b0f066a214c2f5e87bad3c948f4d605d)
Start importing Assets/Modern tiles_Free/Interiors_free/32x32/Interiors_free_32x32_809.asset using Guid(df13a31fff0d2fb40a68fca9f8a01b32) Importer(2089858483,b0f066a214c2f5e87bad3c948f4d605d) (ScriptedImporter) -> (Import Result ID: '9e40da95553ca971088cbd7b26bb661d') in 0.0088625 seconds [static and dynamic dependencies]. Details - ImportResultOutputID=faa2d8454bab6e3e26d3c20755bb0a38 DependenciesID=ed2f0e9571acd4cdff2e103b2c5d751f StaticDependenciesID=2fa287f01d1440254eb53719bd6443d1 
Number of updated asset objects reloaded before import = 0Number of asset objects unloaded after import = 2

========================================================================
Received Import Request.
  Time since last request: 0.000015 seconds.
  path: Assets/Modern tiles_Free/Interiors_free/32x32/Interiors_free_32x32_397.asset
  importAddress: Guid(2aa443206059f3640af6569e11ae7a9a) Importer(2089858483,b0f066a214c2f5e87bad3c948f4d605d)
Start importing Assets/Modern tiles_Free/Interiors_free/32x32/Interiors_free_32x32_397.asset using Guid(2aa443206059f3640af6569e11ae7a9a) Importer(2089858483,b0f066a214c2f5e87bad3c948f4d605d) (ScriptedImporter) -> (Import Result ID: 'd1ac50ab824d68fb69632c4288ce5d8c') in 0.008852 seconds [static and dynamic dependencies]. Details - ImportResultOutputID=5b8536a8e8fe90c90e2a1ea52d0dffd5 DependenciesID=db62005be96c419a1ec8b32147b71e52 StaticDependenciesID=e89ea518bc2de7e2195cb4f094cf2056 
Number of updated asset objects reloaded before import = 0Number of asset objects unloaded after import = 2

========================================================================
Received Import Request.
  Time since last request: 0.000015 seconds.
  path: Assets/Modern tiles_Free/Interiors_free/32x32/Interiors_free_32x32_9.asset
  importAddress: Guid(bff4e48d1b0ef0f4f8218620df98ceb6) Importer(2089858483,b0f066a214c2f5e87bad3c948f4d605d)
Start importing Assets/Modern tiles_Free/Interiors_free/32x32/Interiors_free_32x32_9.asset using Guid(bff4e48d1b0ef0f4f8218620df98ceb6) Importer(2089858483,b0f066a214c2f5e87bad3c948f4d605d) (ScriptedImporter) -> (Import Result ID: '7505e5b8f0ec4c369c25fd1fe776a3ea') in 0.008604 seconds [static and dynamic dependencies]. Details - ImportResultOutputID=33ac15b7db1b99c888ccfb86ab35391d DependenciesID=4afb65c7471b6a9acf83f725ab27a1da StaticDependenciesID=88551a641b5ed431062bc76055b6bdde 
Number of updated asset objects reloaded before import = 0Number of asset objects unloaded after import = 2

========================================================================
Received Import Request.
  Time since last request: 0.000013 seconds.
  path: Assets/Modern tiles_Free/Interiors_free/32x32/Interiors_free_32x32_195.asset
  importAddress: Guid(a2efedae55a67e441982a470ec713ef7) Importer(2089858483,b0f066a214c2f5e87bad3c948f4d605d)
Start importing Assets/Modern tiles_Free/Interiors_free/32x32/Interiors_free_32x32_195.asset using Guid(a2efedae55a67e441982a470ec713ef7) Importer(2089858483,b0f066a214c2f5e87bad3c948f4d605d) (ScriptedImporter) -> (Import Result ID: 'e2c1dd5df81f26449e170669df6cc4ce') in 0.0092852 seconds [static and dynamic dependencies]. Details - ImportResultOutputID=50629631014b54c9f907f208afcb5c81 DependenciesID=2d6f95c8deadd218f459f944a09b1afa StaticDependenciesID=55191433d4ff1aa34d393566663c1219 
Number of updated asset objects reloaded before import = 0Number of asset objects unloaded after import = 2

========================================================================
Received Import Request.
  Time since last request: 0.000017 seconds.
  path: Assets/Modern tiles_Free/Interiors_free/32x32/Interiors_free_32x32_2.asset
  importAddress: Guid(691fcd2260c376a4fae54effe95c0c4e) Importer(2089858483,b0f066a214c2f5e87bad3c948f4d605d)
Start importing Assets/Modern tiles_Free/Interiors_free/32x32/Interiors_free_32x32_2.asset using Guid(691fcd2260c376a4fae54effe95c0c4e) Importer(2089858483,b0f066a214c2f5e87bad3c948f4d605d) (ScriptedImporter) -> (Import Result ID: '6e839be895cb4b6a9e767b0905e0661d') in 0.0087774 seconds [static and dynamic dependencies]. Details - ImportResultOutputID=fc6dff2107416e5ec9cf1164be6ea70a DependenciesID=ef96d4a3fa4c6da1b93b3c021825d7db StaticDependenciesID=b865de1fa85b539c6a33ebc46d723b88 
Number of updated asset objects reloaded before import = 0Number of asset objects unloaded after import = 2

========================================================================
Received Import Request.
  Time since last request: 0.000017 seconds.
  path: Assets/Modern tiles_Free/Interiors_free/32x32/Interiors_free_32x32_942.asset
  importAddress: Guid(245646576693f9f41af0d3f31a4fb5c5) Importer(2089858483,b0f066a214c2f5e87bad3c948f4d605d)
Start importing Assets/Modern tiles_Free/Interiors_free/32x32/Interiors_free_32x32_942.asset using Guid(245646576693f9f41af0d3f31a4fb5c5) Importer(2089858483,b0f066a214c2f5e87bad3c948f4d605d) (ScriptedImporter) -> (Import Result ID: '35cb7ba1a50f9fe5e112f390f3e55d7d') in 0.0086575 seconds [static and dynamic dependencies]. Details - ImportResultOutputID=ed8d5c7d9d192476d8ba57f88877d080 DependenciesID=a910b5d49488730415b10f91e88474a3 StaticDependenciesID=019dc5c004b74905d6a0cc65deab7c4a 
Number of updated asset objects reloaded before import = 0Number of asset objects unloaded after import = 2

========================================================================
Received Import Request.
  Time since last request: 0.000016 seconds.
  path: Assets/Modern tiles_Free/Interiors_free/32x32/Interiors_free_32x32_561.asset
  importAddress: Guid(a08c9f778fa0e824a96364b946fd7502) Importer(2089858483,b0f066a214c2f5e87bad3c948f4d605d)
Start importing Assets/Modern tiles_Free/Interiors_free/32x32/Interiors_free_32x32_561.asset using Guid(a08c9f778fa0e824a96364b946fd7502) Importer(2089858483,b0f066a214c2f5e87bad3c948f4d605d) (ScriptedImporter) -> (Import Result ID: '5010714336bbbc08a5d92df217b8326c') in 0.0086922 seconds [static and dynamic dependencies]. Details - ImportResultOutputID=4765b175b3d2ad1c13eb021e25e099cd DependenciesID=bc763870e0dfcd1d7327e99305a2a125 StaticDependenciesID=c463bbb135c5540180be69a2ecae5b14 
Number of updated asset objects reloaded before import = 0Number of asset objects unloaded after import = 2

========================================================================
Received Import Request.
  Time since last request: 0.000022 seconds.
  path: Assets/Modern tiles_Free/Interiors_free/32x32/Interiors_free_32x32_256.asset
  importAddress: Guid(5ceac1091df0bcc42974819cda6a2bce) Importer(2089858483,b0f066a214c2f5e87bad3c948f4d605d)
Start importing Assets/Modern tiles_Free/Interiors_free/32x32/Interiors_free_32x32_256.asset using Guid(5ceac1091df0bcc42974819cda6a2bce) Importer(2089858483,b0f066a214c2f5e87bad3c948f4d605d) (ScriptedImporter) -> (Import Result ID: 'ea2ae9e160e8aaedc2d11554d0e75c92') in 0.008824 seconds [static and dynamic dependencies]. Details - ImportResultOutputID=8dcff8d9dce520b01bae382821e9043e DependenciesID=ba8bafe9570510e6d229d5d308b2bd74 StaticDependenciesID=f647fd6a04f6edc324a7fdd8ae5dd8e5 
Number of updated asset objects reloaded before import = 0Number of asset objects unloaded after import = 2

========================================================================
Received Import Request.
  Time since last request: 0.000014 seconds.
  path: Assets/Modern tiles_Free/Interiors_free/32x32/Interiors_free_32x32_20.asset
  importAddress: Guid(a3834e5e1d272224089006a79c96db9a) Importer(2089858483,b0f066a214c2f5e87bad3c948f4d605d)
Start importing Assets/Modern tiles_Free/Interiors_free/32x32/Interiors_free_32x32_20.asset using Guid(a3834e5e1d272224089006a79c96db9a) Importer(2089858483,b0f066a214c2f5e87bad3c948f4d605d) (ScriptedImporter) -> (Import Result ID: '23559ef68470efb1c1cf21c018124dfa') in 0.0088773 seconds [static and dynamic dependencies]. Details - ImportResultOutputID=5b0631c09a0190e52424332343be0fe0 DependenciesID=37e22719da09220407a476865ccaff67 StaticDependenciesID=62075d23a44c1416d6e7716ccd165d6c 
Number of updated asset objects reloaded before import = 0Number of asset objects unloaded after import = 2

========================================================================
Received Import Request.
  Time since last request: 0.000014 seconds.
  path: Assets/Modern tiles_Free/Interiors_free/32x32/Interiors_free_32x32_902.asset
  importAddress: Guid(73313c21ab2870b488c1453c0e5031f1) Importer(2089858483,b0f066a214c2f5e87bad3c948f4d605d)
Start importing Assets/Modern tiles_Free/Interiors_free/32x32/Interiors_free_32x32_902.asset using Guid(73313c21ab2870b488c1453c0e5031f1) Importer(2089858483,b0f066a214c2f5e87bad3c948f4d605d) (ScriptedImporter) -> (Import Result ID: '741defa8e39768bab8dce81d2228b27e') in 0.0091918 seconds [static and dynamic dependencies]. Details - ImportResultOutputID=d9de216787b5dfee7421a67629aa512b DependenciesID=7326fd326432bc8a765ac4de622bbcaa StaticDependenciesID=be378a563f281a23520b6f52e7b87c71 
Number of updated asset objects reloaded before import = 0Number of asset objects unloaded after import = 2

========================================================================
Received Import Request.
  Time since last request: 0.000017 seconds.
  path: Assets/Modern tiles_Free/Interiors_free/32x32/Interiors_free_32x32_725.asset
  importAddress: Guid(f6f67ae33e077a145a433815b7639537) Importer(2089858483,b0f066a214c2f5e87bad3c948f4d605d)
Start importing Assets/Modern tiles_Free/Interiors_free/32x32/Interiors_free_32x32_725.asset using Guid(f6f67ae33e077a145a433815b7639537) Importer(2089858483,b0f066a214c2f5e87bad3c948f4d605d) (ScriptedImporter) -> (Import Result ID: '2e73d9541a8c34354cf75e7c20ebe82d') in 0.0222776 seconds [static and dynamic dependencies]. Details - ImportResultOutputID=91450a96297fd3595873897b80b591b7 DependenciesID=9a4a0460e3d8d1418a5ef626416a4848 StaticDependenciesID=7422dec230a243950d85db650d076eaa 
Number of updated asset objects reloaded before import = 0Number of asset objects unloaded after import = 2

========================================================================
Received Import Request.
  Time since last request: 0.000018 seconds.
  path: Assets/Modern tiles_Free/Interiors_free/32x32/Interiors_free_32x32_154.asset
  importAddress: Guid(7aaeb1f8bd4b6394ca7364a64bcc4fb1) Importer(2089858483,b0f066a214c2f5e87bad3c948f4d605d)
Start importing Assets/Modern tiles_Free/Interiors_free/32x32/Interiors_free_32x32_154.asset using Guid(7aaeb1f8bd4b6394ca7364a64bcc4fb1) Importer(2089858483,b0f066a214c2f5e87bad3c948f4d605d) (ScriptedImporter) -> (Import Result ID: '05e7739d0d407a8fc818caa2ffad08a2') in 0.008795 seconds [static and dynamic dependencies]. Details - ImportResultOutputID=bc6eb35215db0aca9cb6b785d4a2cfe4 DependenciesID=41daa15d6af30789c5f645d4dfba1cc3 StaticDependenciesID=1c9f9028d5a622f442a51fad101e981d 
Number of updated asset objects reloaded before import = 0Number of asset objects unloaded after import = 2

========================================================================
Received Import Request.
  Time since last request: 0.000017 seconds.
  path: Assets/Modern tiles_Free/Interiors_free/32x32/Interiors_free_32x32_295.asset
  importAddress: Guid(d2b1b13c6f0094340847518c1af1979a) Importer(2089858483,b0f066a214c2f5e87bad3c948f4d605d)
Start importing Assets/Modern tiles_Free/Interiors_free/32x32/Interiors_free_32x32_295.asset using Guid(d2b1b13c6f0094340847518c1af1979a) Importer(2089858483,b0f066a214c2f5e87bad3c948f4d605d) (ScriptedImporter) -> (Import Result ID: '488a0e2d83570319de15c71412ddf2f9') in 0.0088996 seconds [static and dynamic dependencies]. Details - ImportResultOutputID=fda74112200209f27dfc49b584f97874 DependenciesID=40ba21e3a11cdc3756bb21d4a35d0637 StaticDependenciesID=0a5d1f68f36c38046642622f2f37e206 
Number of updated asset objects reloaded before import = 0Number of asset objects unloaded after import = 2

========================================================================
Received Import Request.
  Time since last request: 0.000017 seconds.
  path: Assets/Modern tiles_Free/Interiors_free/32x32/Interiors_free_32x32_632.asset
  importAddress: Guid(c52adc04e4ef2b74cbf3ab7cedf5c284) Importer(2089858483,b0f066a214c2f5e87bad3c948f4d605d)
Start importing Assets/Modern tiles_Free/Interiors_free/32x32/Interiors_free_32x32_632.asset using Guid(c52adc04e4ef2b74cbf3ab7cedf5c284) Importer(2089858483,b0f066a214c2f5e87bad3c948f4d605d) (ScriptedImporter) -> (Import Result ID: 'a7320b7916aa005cb590eef2672378e6') in 0.0087645 seconds [static and dynamic dependencies]. Details - ImportResultOutputID=59bc6cfef3d4fe9835d710b18f70ed08 DependenciesID=eaee402f483cac49dc52db36fe574984 StaticDependenciesID=eed3f3b3d24e99578c5ef0c1665fa974 
Number of updated asset objects reloaded before import = 0Number of asset objects unloaded after import = 2

========================================================================
Received Import Request.
  Time since last request: 0.000016 seconds.
  path: Assets/Modern tiles_Free/Interiors_free/32x32/Interiors_free_32x32_413.asset
  importAddress: Guid(9ce7c46f8a5d1c542ae49c6bdca813ba) Importer(2089858483,b0f066a214c2f5e87bad3c948f4d605d)
Start importing Assets/Modern tiles_Free/Interiors_free/32x32/Interiors_free_32x32_413.asset using Guid(9ce7c46f8a5d1c542ae49c6bdca813ba) Importer(2089858483,b0f066a214c2f5e87bad3c948f4d605d) (ScriptedImporter) -> (Import Result ID: '3ce8b33c8fcf800951e6931c366dab62') in 0.0088864 seconds [static and dynamic dependencies]. Details - ImportResultOutputID=83d9beb3a74c4548c02504136234b435 DependenciesID=6b9b63286f3e9b02d622e04c2e502860 StaticDependenciesID=aa7daf0213660f0bc825e838578fe1b1 
Number of updated asset objects reloaded before import = 0Number of asset objects unloaded after import = 2

========================================================================
Received Import Request.
  Time since last request: 0.000017 seconds.
  path: Assets/Modern tiles_Free/Interiors_free/32x32/Interiors_free_32x32_679.asset
  importAddress: Guid(50caddc808b9c61469ccc42cbfe3ec48) Importer(2089858483,b0f066a214c2f5e87bad3c948f4d605d)
Start importing Assets/Modern tiles_Free/Interiors_free/32x32/Interiors_free_32x32_679.asset using Guid(50caddc808b9c61469ccc42cbfe3ec48) Importer(2089858483,b0f066a214c2f5e87bad3c948f4d605d) (ScriptedImporter) -> (Import Result ID: 'ffacdcd4f7cdd0e2f5620284f615d2c6') in 0.0088225 seconds [static and dynamic dependencies]. Details - ImportResultOutputID=3f4509c322974b26983a5f86499e3c86 DependenciesID=bf1b5810ba836e5703f535efdac0f1e7 StaticDependenciesID=bd96e9eac5adcb1ce9807308bd04170c 
Number of updated asset objects reloaded before import = 0Number of asset objects unloaded after import = 2

========================================================================
Received Import Request.
  Time since last request: 0.000014 seconds.
  path: Assets/Modern tiles_Free/Interiors_free/32x32/Interiors_free_32x32_1143.asset
  importAddress: Guid(3aa547f0cc933584590e431dced0ef71) Importer(2089858483,b0f066a214c2f5e87bad3c948f4d605d)
Start importing Assets/Modern tiles_Free/Interiors_free/32x32/Interiors_free_32x32_1143.asset using Guid(3aa547f0cc933584590e431dced0ef71) Importer(2089858483,b0f066a214c2f5e87bad3c948f4d605d) (ScriptedImporter) -> (Import Result ID: '862876fa61f3f58226b77bf35d5b855f') in 0.008771 seconds [static and dynamic dependencies]. Details - ImportResultOutputID=91b318d34610fb72ba28ccfdc72e6e09 DependenciesID=8574b712e57aa26511a4949447b5ca1d StaticDependenciesID=1589f8f022b8b239d5b25713b9ad9c27 
Number of updated asset objects reloaded before import = 0Number of asset objects unloaded after import = 2

========================================================================
Received Import Request.
  Time since last request: 0.000015 seconds.
  path: Assets/Modern tiles_Free/Interiors_free/32x32/Interiors_free_32x32_1088.asset
  importAddress: Guid(fd65d2823be3bfd47b3a989f34073163) Importer(2089858483,b0f066a214c2f5e87bad3c948f4d605d)
Start importing Assets/Modern tiles_Free/Interiors_free/32x32/Interiors_free_32x32_1088.asset using Guid(fd65d2823be3bfd47b3a989f34073163) Importer(2089858483,b0f066a214c2f5e87bad3c948f4d605d) (ScriptedImporter) -> (Import Result ID: 'd1e2f99bca848b13743506968128183d') in 0.008947 seconds [static and dynamic dependencies]. Details - ImportResultOutputID=fe958ee30caaed6bf752e660184a0268 DependenciesID=11c0746ded022ec6b294ac8edf7324c0 StaticDependenciesID=4d0207d93e81eba09da88cdd9357b072 
Number of updated asset objects reloaded before import = 0Number of asset objects unloaded after import = 2

========================================================================
Received Import Request.
  Time since last request: 0.000014 seconds.
  path: Assets/Modern tiles_Free/Interiors_free/32x32/Interiors_free_32x32_1213.asset
  importAddress: Guid(0fb13c8cc594a5b43a807ea1e9c2a8a4) Importer(2089858483,b0f066a214c2f5e87bad3c948f4d605d)
Start importing Assets/Modern tiles_Free/Interiors_free/32x32/Interiors_free_32x32_1213.asset using Guid(0fb13c8cc594a5b43a807ea1e9c2a8a4) Importer(2089858483,b0f066a214c2f5e87bad3c948f4d605d) (ScriptedImporter) -> (Import Result ID: 'a096e7d7601ca5ff8de94e052fc0fa02') in 0.0090351 seconds [static and dynamic dependencies]. Details - ImportResultOutputID=511c33f668da6a04984b011e0205741d DependenciesID=5e6c97a9d9b995c76ff12cde10f3b618 StaticDependenciesID=a24b18658ed0d9107612ee2e0c4d9add 
Number of updated asset objects reloaded before import = 0Number of asset objects unloaded after import = 2

Editor requested this worker to shutdown with reason: Scaling down because of idle timeout
AssetImportWorker is now disconnected from the server
Process exiting
Exiting without the bug reporter. Application will terminate with return code 0